title,year,score,rating,user_score,dev,genre,platform
The Legend of Zelda: Ocarina of Time,1998,99,E,9.1,Nintendo,Open-World Action,Nintendo 64
SoulCalibur,1999,98,T,7.6,Namco,3D Fighting,"Dreamcast, iOS (iPhone/iPad), Xbox 360"
Super Mario Galaxy,2007,97,E,9.1,Nintendo,3D Platformer,"Wii, Nintendo Switch"
Super Mario Galaxy 2,2010,97,E,9.0,Nintendo,3D Platformer,"Wii, Nintendo Switch"
The Legend of Zelda: Breath of the Wild,2017,97,E10+,8.9,Nintendo,Open-World Action,"Wii U, Nintendo Switch"
Red Dead Redemption 2,2018,97,M,9.0,Rockstar Games,Open-World Action,"PlayStation 4, Xbox One, PC"
Super Mario Odyssey,2017,97,E10+,8.9,Nintendo,3D Platformer,Nintendo Switch
NFL 2K1,2000,97,E,5.2,Visual Concepts,Football Sim,Dreamcast
Half-Life 2,2004,96,M,9.1,Valve Software,FPS,"Xbox, PC"
BioShock,2007,96,M,8.8,2K Games,FPS,"PC, Xbox 360, PlayStation 3, iOS (iPhone/iPad)"
GoldenEye 007,1997,96,T,8.8,Rare Ltd.,FPS,"Nintendo 64, Xbox 360, Xbox One, Xbox Series X"
Uncharted 2: Among Thieves,2009,96,T,8.9,Naughty Dog,Linear Action Adventure,PlayStation 3
Baldur's Gate 3,2023,96,M,9.2,Larian Studios Games,Western RPG,"PC, PlayStation 5, Xbox Series X"
The Orange Box,2007,96,M,8.8,Valve Software,Compilation,"PC, Xbox 360, PlayStation 3"
Tekken 3,1998,96,T,8.8,Namco,3D Fighting,"PlayStation, PlayStation 5, PlayStation 4, Dreamcast"
Mass Effect 2,2010,96,M,8.9,BioWare,Western RPG,"PC, Xbox 360, PlayStation 3"
Elden Ring,2022,96,M,8.4,From Software,Action RPG,"Xbox One, PC, PlayStation 4, Xbox Series X, PlayStation 5"
Half-Life,1998,96,M,8.9,Valve Software,FPS,"PC, Dreamcast, PlayStation 2"
The Legend of Zelda: The Wind Waker,2003,96,E,9.0,Nintendo,Open-World Action,
Gran Turismo,1998,96,E,8.5,N/A,Auto Racing Sim,PlayStation
Metal Gear Solid 2: Sons of Liberty,2001,96,M,8.9,Konami,Action Adventure,PlayStation 2
Grand Theft Auto Double Pack,2003,96,M,7.7,Rockstar Games,Compilation,"Xbox, PlayStation 2"
Portal: Companion Collection,2022,95,T,8.7,Valve Software,Compilation,Nintendo Switch
Baldur's Gate II: Shadows of Amn,2000,95,T,9.0,BioWare,Western RPG,PC
Grand Theft Auto: San Andreas,2004,95,M,9.1,Rockstar Games,Open-World Action,"PlayStation 2, PC, Xbox, iOS (iPhone/iPad), Xbox 360, PlayStation 3, PlayStation 4"
Grand Theft Auto: Vice City,2002,95,M,8.6,Rockstar Games,Open-World Action,"PlayStation 2, PC, Xbox, PlayStation 4"
LittleBigPlanet,2008,95,E,8.2,Media Molecule,2D Platformer,PlayStation 3
The Legend of Zelda Collector's Edition,2003,95,E,8.8,Nintendo,Compilation,
Gran Turismo 3: A-Spec,2001,95,E,8.3,N/A,Auto Racing Sim,PlayStation 2
Halo 2,2004,95,M,8.7,Bungie,FPS,"Xbox, PC"
The Legend of Zelda: Majora's Mask,2000,95,E,9.2,Nintendo,Open-World Action,Nintendo 64
The Last of Us,2013,95,M,9.2,Naughty Dog,Linear Action Adventure,PlayStation 3
Madden NFL 2003,2003,95,E,6.4,EA Sports,Football Sim,"Xbox, PlayStation 2, PlayStation, Game Boy Advance, PC"
Hades II,2025,95,T,8.6,Supergiant Games,Action RPG,"PC, Nintendo Switch"
The Last of Us Remastered,2014,95,M,9.2,Naughty Dog,Linear Action Adventure,PlayStation 4
Red Dead Redemption,2010,95,M,8.9,Rockstar Games,Open-World Action,"Xbox 360, PlayStation 3"
Astro Bot,2024,94,E10+,9.0,Team Asobi,3D Platformer,PlayStation 5
Final Fantasy IX,2000,94,T,8.9,N/A,JRPG,"PlayStation, iOS (iPhone/iPad), PC, PlayStation 4, Nintendo Switch, Xbox One"
Tony Hawk's Pro Skater 4,2002,94,T,8.3,Activision,Skating,"PlayStation 2, Xbox, Game Boy Advance, PlayStation, PC"
Elden Ring: Shadow of the Erdtree,2024,94,M,8.3,From Software,Action RPG,"PC, Xbox Series X, PlayStation 5, PlayStation 4, Xbox One"
Devil May Cry,2001,94,M,8.2,Capcom,Linear Action Adventure,"PlayStation 2, Nintendo Switch"
Batman: Arkham City,2011,94,T,8.8,Warner Bros. Interactive Entertainment,Open-World Action,"Xbox 360, PlayStation 3, PC, Nintendo Switch"
The Legend of Zelda: Ocarina of Time 3D,2011,94,E10+,9.1,GREZZO,Open-World Action,3DS
Chrono Cross,2000,94,T,8.7,N/A,JRPG,PlayStation
Madden NFL 2004,2004,94,E,6.8,EA Tiburon,Football Sim,"PlayStation, Game Boy Advance, PlayStation 2, Xbox, PC"
Gears of War,2006,94,M,8.2,Epic Games,Third Person Shooter,"Xbox 360, PC"
The Elder Scrolls IV: Oblivion,2006,94,M,8.5,Bethesda Game Studios,Western RPG,"PC, Xbox 360, PlayStation 3"
Sid Meier's Civilization II,1996,94,K-A,8.6,MicroProse,4X Strategy,"PlayStation, PC"
Quake,1996,94,M,8.6,id Software,FPS,"PC, Nintendo 64, PlayStation"
Metaphor: ReFantazio,2024,94,T,8.5,Sega,JRPG,"Xbox Series X, PC, PlayStation 5, PlayStation 4"
Call of Duty 4: Modern Warfare,2007,94,M,8.5,Infinity Ward,FPS,"Xbox 360, PlayStation 3, PC, Wii"
BioShock Infinite,2013,94,M,8.6,2K Games,FPS,"PlayStation 3, Xbox 360, PC"
Halo 3,2007,94,M,8.7,Bungie,FPS,"Xbox 360, PC"
Ninja Gaiden Black,2005,94,M,8.6,Team Ninja,Action Adventure,Xbox
Metal Gear Solid,1998,94,M,9.3,Konami,Action Adventure,"PlayStation, Nintendo Switch, Xbox Series X, PlayStation 5, PlayStation 4, Dreamcast"
Grim Fandango,1998,94,T,8.7,LucasArts,Third-Person Adventure,PC
Tom Clancy's Splinter Cell: Chaos Theory,2005,94,M,8.6,Ubisoft Montreal,Action Adventure,"3DS, PC, Xbox, PlayStation 2, Xbox 360, PlayStation 3"
God of War: Ragnarok,2022,94,M,8.3,PlayStation Studios,Action Adventure,"PlayStation 5, PlayStation 4, PC"
Resident Evil Code: Veronica,2000,94,M,8.4,Capcom,Survival,Dreamcast
Burnout 3: Takedown,2004,94,T,8.7,EA Games,Auto Racing,"PlayStation 2, Xbox"
Diablo,1996,94,M,8.6,Blizzard Entertainment,Action RPG,"PC, PlayStation"
Metal Gear Solid 3: Subsistence,2006,94,M,9.1,Konami,Action Adventure,PlayStation 2
Call of Duty: Modern Warfare 2,2009,94,M,8.0,Infinity Ward,FPS,"PC, PlayStation 3, Xbox 360"
Metal Gear Solid 4: Guns of the Patriots,2008,94,M,8.7,Konami,Action Adventure,PlayStation 3
Star Wars: Knights of the Old Republic,2003,94,T,8.9,BioWare,Western RPG,"PC, Xbox, iOS (iPhone/iPad), Nintendo Switch"
Sid Meier's Civilization IV,2005,94,E10+,8.4,Firaxis Games,4X Strategy,PC
Company of Heroes,2006,93,M,8.5,Relic Entertainment,Real-Time Strategy,"PC, iOS (iPhone/iPad)"
Gran Turismo 2,1999,93,E,8.8,N/A,Auto Racing Sim,"PlayStation, Dreamcast"
The Last of Us Part II,2020,93,M,5.9,Naughty Dog,Survival,PlayStation 4
Tom Clancy's Splinter Cell: Pandora Tomorrow,2004,93,T,8.2,Ubisoft Shanghai,Action Adventure,"Xbox, PlayStation 2, PlayStation 3, PC, Game Boy Advance, Xbox 360"
Grand Theft Auto: Chinatown Wars,2009,93,M,7.4,Rockstar Games,Open-World Action,iOS (iPhone/iPad)
Dwarf Fortress,2006,93,N/A,8.5,N/A,Management,PC
Divinity: Original Sin II,2017,93,N/A,8.8,Larian Studios Games,Western RPG,PC
Unreal Tournament 2004,2004,93,M,8.6,Epic Games,FPS,PC
Braid,2008,93,E10+,8.1,N/A,2D Platformer,"Xbox 360, PC, PlayStation 3"
God of War II,2007,93,M,9.1,N/A,Linear Action Adventure,"PlayStation 2, PlayStation 3"
Super Mario 3D World,2013,93,E,8.8,Nintendo,3D Platformer,Wii U
Starcraft II: Wings of Liberty,2010,93,T,8.3,Blizzard Entertainment,Command RTS,PC
Street Fighter IV,2009,93,T,7.5,Capcom,2D Fighting,"PlayStation 3, Xbox 360, PC, iOS (iPhone/iPad)"
Minecraft,2011,93,E10+,8.4,Mojang AB,Sandbox,"PC, Nintendo Switch, PlayStation 5, 3DS, PlayStation 3, PlayStation 4, PlayStation, Wii U, Xbox 360, Xbox One"
Persona 4 Golden,2012,93,M,9.1,Atlus,JRPG,"PlayStation, PC, Xbox Series X, Xbox One, PlayStation 4, Nintendo Switch"
Quake III Arena,2000,93,M,8.4,Sega,FPS,"PC, Dreamcast"
Tom Clancy's Splinter Cell,2002,93,T,8.3,Ubisoft Montreal,Action Adventure,"Xbox, PC, PlayStation 2, Game Boy Advance, PlayStation 3"
Fallout 3,2008,93,M,8.2,Bethesda Game Studios,Western RPG,"PC, PlayStation 3, Xbox 360"
Gears of War 2,2008,93,M,8.4,Epic Games,Third Person Shooter,Xbox 360
SoulCalibur II,2003,93,T,8.5,Namco,3D Fighting,"PlayStation 2, Xbox"
Pro Evolution Soccer 2,2003,93,E,8.0,Konami,Soccer Sim,"PlayStation, PlayStation 2"
Mass Effect 3,2012,93,M,6.4,BioWare,Action RPG,"Xbox 360, PC, PlayStation 3, Wii U"
Metal Gear Solid V: The Phantom Pain,2015,93,M,8.1,Konami,Open-World Action,"Xbox 360, PlayStation 3, Xbox One, PlayStation 4, PC"
Skies of Arcadia,2000,93,T,9.0,Sega,JRPG,"Dreamcast, PlayStation 2"
The Legend of Zelda: Skyward Sword,2011,93,E10+,8.3,Nintendo,Open-World Action,Wii
Mario Kart: Super Circuit,2001,93,E,7.4,Intelligent Systems,Auto Racing,Game Boy Advance
Viewtiful Joe,2003,93,T,7.8,Capcom,2D Beat-'Em-Up,PlayStation 2
Hades,2020,93,T,8.6,Supergiant Games,Action RPG,"PC, Nintendo Switch, Xbox Series X, Xbox One, PlayStation 5, PlayStation 4, iOS (iPhone/iPad)"
Resident Evil 4,2023,93,M,9.0,Capcom,Survival,"PlayStation 5, Xbox Series X, PC, PlayStation 4, iOS (iPhone/iPad)"
Virtua Fighter 4: Evolution,2003,93,T,8.3,Sega,3D Fighting,PlayStation 2
Wipeout XL,1996,93,K-A,8.1,Psygnosis,Future Racing,"PC, PlayStation"
Paper Mario,2001,93,E,8.8,Intelligent Systems,JRPG,Nintendo 64
INSIDE,2016,93,M,8.3,PLAYDEAD,2D Platformer,"Xbox One, PC, PlayStation 4, Nintendo Switch, iOS (iPhone/iPad)"
World of Warcraft,2004,93,T,7.5,Blizzard Entertainment,MMORPG,PC
World Soccer Winning Eleven 7 International,2004,93,E,7.7,Konami,Soccer Sim,"PlayStation 2, PC"
Flipnote Studio,2009,93,N/A,7.5,Nintendo,Application,
Clair Obscur: Expedition 33,2025,92,M,9.5,N/A,JRPG,"Xbox Series X, PC, PlayStation 5"
Forza Horizon 4,2018,92,E,8.3,Playground Games,Auto Racing Sim,"Xbox One, PC, Xbox Series X"
God of War III,2010,92,M,9.0,N/A,Linear Action Adventure,PlayStation 3
Prince of Persia: The Sands of Time,2003,92,T,8.5,Ubisoft,Linear Action Adventure,"PlayStation 2, Xbox, PC, Game Boy Advance, PlayStation 3"
Final Fantasy VII Rebirth,2024,92,T,8.9,Square Enix,Action RPG,"PlayStation 5, PC, Nintendo Switch, Xbox Series X"
Rock Band,2007,92,T,8.0,Harmonix Music Systems,Rhythm,"Xbox 360, PlayStation 3, PlayStation 2, Wii, iOS (iPhone/iPad)"
Eternal Darkness: Sanity's Requiem,2002,92,M,8.6,Nintendo,Survival,
Warcraft III: Reign of Chaos,2002,92,T,9.2,Blizzard Entertainment,Real-Time Strategy,PC
The Sims,2000,92,T,8.0,Maxis,Virtual Life,"PC, PlayStation 2, Xbox"
Banjo-Kazooie,1998,92,E,9.0,Rare Ltd.,3D Platformer,"Nintendo 64, Xbox 360"
Vagrant Story,2000,92,T,8.8,N/A,Action RPG,PlayStation
Blue Prince,2025,92,N/A,7.7,Raw Fury,First-Person Adventure,"PC, PlayStation 5, Xbox Series X, Nintendo Switch"
Team Fortress 2,2007,92,M,8.6,Valve Software,Tactical FPS,PC
System Shock 2,1999,92,M,9.0,N/A,Survival,"PC, Dreamcast"
Final Fantasy XII,2006,92,T,7.6,Square Enix,JRPG,PlayStation 2
The Witcher 3: Wild Hunt,2015,92,M,9.1,CD Projekt Red Studio,Action RPG,"PC, Xbox One, PlayStation 4, Nintendo Switch"
Super Mario World: Super Mario Advance 2,2002,92,E,8.8,Nintendo,2D Platformer,Game Boy Advance
ESPN NFL 2K5,2004,92,E,7.2,Visual Concepts,Football Sim,"PlayStation 2, Xbox"
Street Fighter 6,2023,92,T,7.5,Capcom,2D Fighting,"PlayStation 5, Xbox Series X, PlayStation 4, PC, Nintendo Switch"
Rome: Total War,2004,92,T,9.0,Creative Assembly,Real-Time Strategy,"iOS (iPhone/iPad), PC"
Forza Motorsport 3,2009,92,E,8.2,Turn 10,Auto Racing Sim,Xbox 360
Demon's Souls,2020,92,M,8.3,Bluepoint Games,Action RPG,PlayStation 5
Undertale,2015,92,N/A,8.7,N/A,JRPG,"PC, PlayStation 4, PlayStation, Nintendo Switch, Xbox One, Xbox Series X"
Batman: Arkham Asylum,2009,92,T,8.5,Eidos Interactive,Action Adventure,"Xbox 360, PlayStation 3, PC, Nintendo Switch"
Tony Hawk's Pro Skater,1999,92,T,8.1,Activision,Skating,"Dreamcast, Nintendo 64, PlayStation"
Fire Emblem: Awakening,2013,92,T,9.0,Intelligent Systems,Turn-Based Tactics,3DS
Age of Empires II: The Age of Kings,1999,92,T,9.0,Ensemble Studios,Command RTS,"PC, PlayStation 2"
Final Fantasy X,2001,92,T,8.9,N/A,JRPG,"PlayStation 2, PlayStation"
Sid Meier's Alpha Centauri,1999,92,E,8.5,Firaxis Games,4X Strategy,PC
Wave Race 64,1996,92,K-A,8.2,Nintendo,Arcade Racing,Nintendo 64
Divinity: Original Sin II - Definitive Edition,2018,92,M,8.3,Larian Studios Games,Western RPG,"Xbox One, PlayStation 4, PC, Nintendo Switch, iOS (iPhone/iPad), Xbox Series X, PlayStation 5"
Guitar Hero II,2006,92,T,8.2,Harmonix Music Systems,Rhythm,"PlayStation 2, Xbox 360"
Final Fantasy VII,1997,92,T,8.9,N/A,JRPG,"PC, PlayStation, PlayStation 4, iOS (iPhone/iPad), Nintendo Switch, Xbox One"
Chrono Trigger,2008,92,E10+,9.2,TOSE,JRPG,"PlayStation, iOS (iPhone/iPad), PC"
Final Fantasy XIV: Endwalker,2021,92,T,8.9,Square Enix,MMORPG,"PC, PlayStation 4, PlayStation 5"
Journey,2012,92,E,8.6,ThatGameCompany,3D Platformer,"PlayStation 3, PlayStation 4, PC, iOS (iPhone/iPad)"
Conker's Bad Fur Day,2001,92,M,8.8,Rare Ltd.,3D Platformer,Nintendo 64
Metroid Prime 2: Echoes,2004,92,T,8.8,Retro Studios,FPS,Wii
Out of the Park Baseball 17,2016,92,N/A,3.3,Out Of The Park Developments,Baseball Sim,PC
Metroid Fusion,2002,92,E,8.8,Nintendo,Metroidvania,Game Boy Advance
The Witcher 3: Wild Hunt - Blood and Wine,2016,92,M,9.3,CD Projekt Red Studio,Action RPG,"PC, PlayStation 4, Xbox One"
Final Fantasy VI,2007,92,E10+,8.4,TOSE,JRPG,"PlayStation, iOS (iPhone/iPad), PC, Game Boy Advance"
Rayman Legends,2013,92,E10+,8.7,Ubisoft,2D Platformer,"Wii U, PlayStation, PlayStation 3, Xbox 360, PC, PlayStation 4, Xbox One"
UFO 50,2024,91,N/A,7.5,Mossmouth,Party,"PC, Nintendo Switch"
Medal of Honor: Allied Assault,2002,91,T,8.5,Electronic Arts,FPS,PC
Myth: The Fallen Lords,1997,91,M,8.3,Bungie,Real-Time Strategy,PC
LittleBigPlanet 2,2011,91,E,8.7,Media Molecule,2D Platformer,PlayStation 3
Guitar Hero,2005,91,T,8.0,Harmonix Music Systems,Rhythm,PlayStation 2
World of Warcraft: Wrath of the Lich King,2008,91,T,8.2,Blizzard Entertainment,MMORPG,PC
Metroid Prime Trilogy,2009,91,T,9.0,Retro Studios,Compilation,Wii
I Was a Teenage Exocolonist,2022,91,N/A,7.9,Finji,Card Battle,"PC, PlayStation 4, PlayStation 5, Nintendo Switch"
Baldur's Gate,1998,91,T,8.8,BioWare,Western RPG,"PC, Dreamcast, PlayStation"
Klonoa 2: Lunatea's Veil,2001,91,E,8.5,Namco,2D Platformer,PlayStation 2
IL-2 Sturmovik,2001,91,T,8.5,1C Entertainment,Aircraft Combat Sim,PC
Metal Gear Solid 3: Snake Eater,2004,91,M,9.3,Konami,Action Adventure,"PlayStation 2, 3DS"
Forza Horizon 3,2016,91,E,8.3,Playground Games,Auto Racing Sim,"Xbox One, PC"
Kentucky Route Zero - Act III,2014,91,N/A,6.6,N/A,Adventure,PC
Crysis,2007,91,M,8.0,Crytek,FPS,"PC, Xbox 360, PlayStation 3"
Ninja Gaiden (2004),2004,91,M,8.7,Team Ninja,Action Adventure,Xbox
God of War: Chains of Olympus,2008,91,M,8.4,N/A,Linear Action Adventure,PlayStation 3
DOA2: Hardcore,2000,91,T,8.0,Team Ninja,3D Fighting,PlayStation 2
MLB 10: The Show,2010,91,E,7.1,N/A,Baseball Sim,"PlayStation 2, PlayStation 3"
Shadow of the Colossus,2018,91,T,7.9,Bluepoint Games,Action Adventure,"PlayStation 2, PlayStation 3, PlayStation 4"
Yoshi's Island: Super Mario Advance 3,2002,91,E,9.0,Nintendo,2D Platformer,Game Boy Advance
Star Wars Jedi Knight: Dark Forces II,1997,91,T,8.5,LucasArts,FPS,PC
Tony Hawk's Pro Skater 2,2000,91,T,8.2,Activision,Skating,"PlayStation, PC, Dreamcast, Nintendo 64, Game Boy Advance, iOS (iPhone/iPad)"
The Longest Journey,2000,91,M,8.6,Funcom,Point-and-Click,PC
Mass Effect,2007,91,M,8.5,BioWare,Western RPG,"Xbox 360, PC, PlayStation 3"
The Operative: No One Lives Forever,2000,91,M,8.6,Monolith Productions,FPS,"PlayStation 2, PC"
Resident Evil 3: Nemesis,1999,91,M,8.8,Capcom,Survival,"PlayStation, PC, Dreamcast, PlayStation 5, PlayStation 4"
Forza Motorsport 4,2011,91,E,8.4,Turn 10,Auto Racing Sim,Xbox 360
Resident Evil,1996,91,M,8.7,Capcom,Survival,"PC, PlayStation"
Crusader Kings III,2020,91,M,8.3,Paradox Interactive,Real-Time Strategy,"PC, Xbox Series X, PlayStation 5"
Split Fiction,2025,91,T,8.6,N/A,Linear Action Adventure,"PC, PlayStation 5, Xbox Series X, Nintendo Switch"
Battlefield 2,2005,91,T,8.4,EA Games,Tactical FPS,PC
Planescape: Torment,1999,91,T,9.1,Black Isle Studios,Western RPG,"PC, iOS (iPhone/iPad)"
Gears of War 3,2011,91,M,8.1,Epic Games,Third Person Shooter,Xbox 360
Killzone 2,2009,91,M,7.9,Guerrilla,FPS,PlayStation 3
Neverwinter Nights,2002,91,T,8.2,BioWare,Western RPG,"PC, iOS (iPhone/iPad)"
Castlevania: Aria of Sorrow,2003,91,T,8.8,Konami,Metroidvania,Game Boy Advance
Legacy of Kain: Soul Reaver,1999,91,T,8.8,Eidos Interactive,Action Adventure,"PC, Dreamcast, PlayStation"
Golden Sun,2001,91,E,8.8,Camelot Software Planning,JRPG,Game Boy Advance
Disco Elysium,2019,91,N/A,8.5,N/A,Western RPG,PC
The Legend of Zelda: A Link Between Worlds,2013,91,E,8.9,Nintendo,Open-World Action,3DS
Castlevania: Circle of the Moon,2001,91,T,7.7,Konami,Metroidvania,Game Boy Advance
Resident Evil 2,2019,91,M,8.9,Capcom,Survival,"PlayStation 4, Xbox One, PC, Xbox Series X, PlayStation 5, iOS (iPhone/iPad), Nintendo Switch"
Donkey Kong Bananza,2025,91,E10+,8.9,Nintendo,3D Platformer,Nintendo Switch
Dark Souls II,2014,91,T,7.7,From Software,Action RPG,"PlayStation 3, Xbox 360, PC"
Shovel Knight: Treasure Trove,2017,91,E,8.2,Yacht Club Games,2D Platformer,"Nintendo Switch, PlayStation 4, Xbox One, PC, 3DS"
Call of Duty,2003,91,T,8.2,Infinity Ward,FPS,"PC, PlayStation 3, Xbox 360"
Mario Kart DS,2005,91,E,8.6,Nintendo,Auto Racing,
Crash Bandicoot: Warped,1998,91,E,9.0,Naughty Dog,3D Platformer,PlayStation
Assassin's Creed II,2009,90,M,8.8,Ubisoft Montreal,Open-World Action,"PlayStation 3, PC, Xbox 360"
Animal Well,2024,90,N/A,8.0,N/A,Metroidvania,"Xbox Series X, PlayStation 5, PC, Nintendo Switch"
Balatro,2024,90,N/A,8.4,Playstack,Card Battle,"PC, PlayStation 5, PlayStation 4, Nintendo Switch, Xbox Series X, Xbox One, iOS (iPhone/iPad)"
Project Gotham Racing 2,2003,90,E,8.4,Microsoft Game Studios,Auto Racing Sim,Xbox
Animal Crossing: New Horizons,2020,90,E,5.9,Nintendo,Virtual Life,Nintendo Switch
The Sims 2,2004,90,T,8.5,Maxis,Virtual Life,"PC, PlayStation 2, Game Boy Advance, Xbox"
Final Fantasy XIV: Shadowbringers,2019,90,T,9.0,Square Enix,MMORPG,"PC, PlayStation 4"
World of Warcraft: Cataclysm,2010,90,T,5.9,Blizzard Entertainment,MMORPG,PC
Bayonetta,2010,90,M,8.3,PlatinumGames,Linear Action Adventure,"PlayStation 3, Xbox 360, Wii U, PC, Nintendo Switch, PlayStation 4, Xbox One"
Diablo III: Ultimate Evil Edition,2014,90,M,7.8,Blizzard Entertainment,Action RPG,"PC, PlayStation 4, PlayStation 3, Xbox One, Xbox 360"
ICO,2001,90,T,8.6,SCE Japan Studio,Linear Action Adventure,"PlayStation 2, PlayStation 3"
Tom Clancy's Ghost Recon Advanced Warfighter,2006,90,T,7.5,Ubisoft Paris,Tactical FPS,"PC, Xbox, PlayStation 2, Xbox 360"
World of Goo,2008,90,E,8.1,N/A,Action Puzzle,"Wii, PC, iOS (iPhone/iPad), Nintendo Switch"
Hollow Knight: Silksong,2025,90,N/A,8.9,N/A,Metroidvania,"Nintendo Switch, PC, PlayStation 5, Xbox Series X, Xbox One, PlayStation 4"
Tony Hawk's Underground,2003,90,T,8.7,Activision,Skating,"PlayStation 2, Xbox, Game Boy Advance, PC"
Ape Escape,1999,90,E,8.2,SCE Japan Studio,3D Platformer,"PlayStation, PlayStation 4, PlayStation 5"
Syphon Filter,1999,90,T,8.4,N/A,Third Person Shooter,"PlayStation, PlayStation 4, PlayStation 5"
Trials Evolution,2012,90,E10+,8.0,Ubisoft,Auto Racing Sim,"Xbox 360, PC"
Grand Theft Auto IV: The Lost and Damned,2009,90,M,8.0,Rockstar Games,Open-World Action,"Xbox 360, PlayStation 3, PC"
Factorio,2020,90,N/A,8.9,N/A,Tycoon,"PC, Nintendo Switch"
FIFA Soccer 10,2009,90,E,7.5,EA Sports,Soccer Sim,"iOS (iPhone/iPad), PlayStation 3, Xbox 360, PC, Wii, PlayStation 2"
Marvel's Spider-Man 2,2023,90,T,8.6,Insomniac Games,Open-World Action,"PlayStation 5, PC"
The Legend of Zelda: The Wind Waker HD,2013,90,E10+,9.0,HexaDrive,Open-World Action,Wii U
Portal,2007,90,T,8.8,Valve Software,FPS,PC
The Legend of Zelda: Phantom Hourglass,2007,90,E,7.8,Nintendo,Open-World Action,
Jack Jeanne,2023,90,T,7.6,Aksys Games,Visual Novel,"Nintendo Switch, iOS (iPhone/iPad)"
NHL 2001,2001,90,E,6.4,EA Sports,Hockey Sim,"PlayStation, PC, PlayStation 2"
Advance Wars: Dual Strike,2005,90,E,8.4,Intelligent Systems,Turn-Based Tactics,
Jak and Daxter: The Precursor Legacy,2001,90,E,8.7,Naughty Dog,3D Platformer,"PlayStation 2, PlayStation 4, PlayStation 5"
Deus Ex,2000,90,M,9.0,Eidos Interactive,Action Adventure,"PC, Dreamcast, PlayStation 2, PlayStation 4, PlayStation 5"
Donkey Kong 64,1999,90,E,8.5,Rare Ltd.,3D Platformer,Nintendo 64
Tsukihime: A Piece of Blue Glass Moon,2024,90,M,8.3,Aniplex Inc.,Visual Novel,"Nintendo Switch, PlayStation 4"
Panzer Dragoon Orta,2003,90,T,8.6,Sega,Rail Shooter,Xbox
Portal: Still Alive,2008,90,T,8.9,Valve Software,FPS,Xbox 360
Half-Life 2: Episode Two,2007,90,M,9.0,Valve Software,FPS,PC
Shin Megami Tensei: Persona 4,2008,90,M,8.8,Atlus,JRPG,PlayStation 2
Hollow Knight,2018,90,E10+,9.0,N/A,Metroidvania,"PC, Wii U, Nintendo Switch, PlayStation 4, Xbox One"
Blast Corps,1997,90,K-A,8.3,Rare Ltd.,Action,Nintendo 64
WWF SmackDown! 2: Know Your Role,2000,90,T,8.4,Yuke's,Wrestling,PlayStation
The Last of Us Part II Remastered,2024,90,M,7.6,Naughty Dog,Survival,"PlayStation 5, PC"
LIMBO,2010,90,T,7.9,PLAYDEAD,2D Platformer,"Xbox 360, PlayStation 3, PC, PlayStation, Xbox One, PlayStation 4, Nintendo Switch, iOS (iPhone/iPad)"
Mark of the Ninja,2012,90,M,8.0,Microsoft Game Studios,2D Platformer,"Xbox 360, PC"
Chained Echoes,2022,90,M,8.4,Matthias Linda,JRPG,"PC, PlayStation 4, Nintendo Switch, PlayStation 5, Xbox Series X, Xbox One"
Super Meat Boy,2010,90,T,7.8,N/A,2D Platformer,"Wii, Xbox 360, PC, PlayStation 4, PlayStation, Wii U, Nintendo Switch"
Dead Space 2,2011,90,M,8.7,Electronic Arts,Third Person Shooter,"PlayStation 3, Xbox 360, PC"
Pikmin 2,2004,90,E,9.0,Nintendo,Real-Time Strategy,"Wii, Nintendo Switch"
Geometry Wars: Retro Evolved 2,2008,90,E,8.2,N/A,Top-Down Shoot-'Em-Up,Xbox 360
Sid Meier's Civilization V,2010,90,E10+,8.1,Firaxis Games,4X Strategy,PC
Super Mario 3D Land,2011,90,E,8.3,Nintendo,3D Platformer,3DS
Mario Kart 8 DLC Pack 2,2015,90,E,8.2,Nintendo,Auto Racing,Wii U
Metroid Prime 3: Corruption,2007,90,T,8.5,Retro Studios,FPS,Wii
Monster Hunter: World,2018,90,T,7.8,Capcom,Action RPG,"PlayStation 4, Xbox One, PC"
Guild Wars 2,2012,90,T,8.0,NCSOFT,MMORPG,PC
Forza Motorsport 2,2007,90,E,7.9,Turn 10,Auto Racing Sim,Xbox 360
Pushmo,2011,90,E,8.3,Intelligent Systems,Action Puzzle,3DS
Freedom Force,2002,90,T,7.7,N/A,Action RPG,PC
FIFA Soccer 13,2012,90,E,6.8,Electronic Arts,Soccer Sim,"PC, 3DS, Wii, Xbox 360, PlayStation 3, PlayStation, PlayStation 2, Wii U, iOS (iPhone/iPad)"
Into the Breach,2018,90,E10+,7.9,N/A,Turn-Based Tactics,"PC, Nintendo Switch, iOS (iPhone/iPad)"
Chicory: A Colorful Tale,2021,90,N/A,7.7,Greg Lobanov,Adventure,"PC, PlayStation 5, PlayStation 4, Nintendo Switch, Xbox Series X, Xbox One"
Sekiro: Shadows Die Twice,2019,90,M,8.6,From Software,Action Adventure,"Xbox One, PlayStation 4, PC"
Tekken 8,2024,90,T,7.5,Bandai Namco Games,3D Fighting,"PlayStation 5, PC, Xbox Series X"
GTR 2,2006,90,E,8.5,N/A,Auto Racing Sim,PC
Empire: Total War,2009,90,T,7.6,Creative Assembly,Real-Time Strategy,PC
Bayonetta + Bayonetta 2,2018,90,M,8.8,PlatinumGames,Compilation,"Wii U, Nintendo Switch"
Kentucky Route Zero - Act IV,2016,90,N/A,6.1,N/A,Adventure,PC
NBA 2K12,2011,90,E,7.8,Visual Concepts,Basketball Sim,"Wii, Xbox 360, PlayStation 3, PlayStation 2, PC, iOS (iPhone/iPad)"
Final Fantasy VIII,1999,90,T,8.6,N/A,JRPG,"PC, PlayStation"
The Witcher 3: Wild Hunt - Hearts of Stone,2015,89,M,9.2,CD Projekt Red Studio,Action RPG,"Xbox One, PlayStation 4, PC"
Star Wars Jedi Knight II: Jedi Outcast,2002,89,T,8.5,Activision,Linear Action Adventure,"PC, Xbox, Nintendo Switch, PlayStation 4"
Wipeout HD Fury,2009,89,E10+,8.1,N/A,Future Racing,PlayStation 3
Borderlands 2,2012,89,M,8.1,Gearbox Software,FPS,"Xbox 360, PlayStation 3, PC, PlayStation"
Shin Megami Tensei: Persona 3 Portable,2010,89,M,8.7,Atlus,JRPG,"Xbox Series X, PC, Xbox One, PlayStation 4, Nintendo Switch"
Xenoblade Chronicles: Definitive Edition,2020,89,T,8.9,Monolith Soft,Action RPG,Nintendo Switch
Call of Duty 2,2005,89,T,8.2,Infinity Ward,FPS,"PC, Xbox 360"
Burnout Revenge,2005,89,E10+,8.8,Electronic Arts,Auto Racing,"Xbox, PlayStation 2, Xbox 360"
Dragon Quest VIII: Journey of the Cursed King,2005,89,T,8.7,Level 5,JRPG,"PlayStation 2, iOS (iPhone/iPad), 3DS"
The Walking Dead: A Telltale Games Series,2012,89,N/A,8.8,Telltale Games,Point-and-Click,"Xbox 360, PlayStation 3, PC, PlayStation 4, Nintendo Switch, iOS (iPhone/iPad)"
Age of Mythology,2002,89,T,8.8,Ensemble Studios,Real-Time Strategy,PC
Wipeout 3,1999,89,E,8.4,Psygnosis,Future Racing,PlayStation
Monster Hunter: World - Iceborne,2019,89,T,8.5,Capcom,Action RPG,"PlayStation 4, Xbox One, PC"
Dead Cells,2018,89,T,8.3,Motion Twin,Metroidvania,"PC, PlayStation 4, Xbox One, Nintendo Switch, iOS (iPhone/iPad)"
Pokemon Pokopia,2026,89,E,8.6,Omega Force,Virtual Life,Nintendo Switch
Castlevania: Symphony of the Night,2007,89,T,8.8,Digital Eclipse,Metroidvania,"PlayStation, Xbox 360, iOS (iPhone/iPad)"
Fable II,2008,89,M,7.9,Microsoft Game Studios,Action RPG,Xbox 360
Final Fantasy Chronicles,2001,89,T,7.5,TOSE,Compilation,PlayStation
Fallout,1997,89,M,8.6,Black Isle Studios,Western RPG,PC
The Talos Principle: Reawakened,2025,89,N/A,6.7,Croteam,First-Person Adventure,"PlayStation 5, Xbox Series X, PC"
Left 4 Dead 2,2009,89,M,8.2,Valve Software,Tactical FPS,"PC, Xbox 360"
Slay the Spire,2019,89,E10+,8.0,Mega Crit Games,Card Battle,"PC, Nintendo Switch, PlayStation 4, Xbox One, iOS (iPhone/iPad)"
Left 4 Dead,2008,89,M,7.9,Electronic Arts,FPS,"PC, Xbox 360"
Dark Souls III,2016,89,M,8.8,From Software,Action RPG,"Xbox One, PlayStation 4, PC"
Xenoblade Chronicles 3,2022,89,T,8.7,Monolith Soft,Action RPG,Nintendo Switch
F-Zero GX,2003,89,T,8.8,Nintendo,Future Racing,
Super Mario 3D World + Bowser's Fury,2021,89,E,8.6,Nintendo,3D Platformer,Nintendo Switch
Dark Souls,2011,89,M,8.5,From Software,Action RPG,"PlayStation 3, Xbox 360"
Need for Speed: Hot Pursuit 2,2002,89,E,8.3,Electronic Arts,Auto Racing,"PlayStation 2, PC, Xbox"
Grand Theft Auto IV: The Ballad of Gay Tony,2009,89,M,8.4,Rockstar Games,Open-World Action,"Xbox 360, PC, PlayStation 3"
Thank Goodness You're Here!,2024,89,N/A,7.6,Panic Inc.,Adventure,"Nintendo Switch, PlayStation 5, PC, PlayStation 4, Xbox Series X"
The Legend of Zelda: The Minish Cap,2005,89,E,8.8,Nintendo,Open-World Action,Game Boy Advance
Homeworld: Cataclysm,2000,89,E,8.8,Sierra Entertainment,Real-Time Strategy,PC
Cyberpunk 2077: Phantom Liberty,2023,89,N/A,8.9,CD Projekt Red Studio,Action RPG,"PlayStation 5, Xbox Series X, PC"
Tetris Effect,2018,89,E,7.9,Enhance Games,Stacking Puzzle,"PlayStation 4, PC"
Fez,2012,89,E,6.5,Polytron Corp.,2D Platformer,"Xbox 360, PC, PlayStation, PlayStation 4, PlayStation 3, Nintendo Switch, iOS (iPhone/iPad)"
Dead Space,2023,89,M,8.4,Electronic Arts,Survival,"PlayStation 5, Xbox Series X, PC"
Cave Story,2010,89,E10+,8.3,Nicalis,Metroidvania,"3DS, PC, Wii"
Guild Wars,2005,89,T,8.2,NCSOFT,MMORPG,PC
Ace Combat 04: Shattered Skies,2001,89,E,8.5,Project Aces,Aircraft Combat Sim,PlayStation 2
Max Payne,2001,89,M,8.9,Remedy Entertainment,Third Person Shooter,"PlayStation 2, Xbox, PC, PlayStation 4, Dreamcast, iOS (iPhone/iPad)"
Final Fantasy VII Remake Intergrade,2021,89,T,8.4,Square Enix,Action RPG,"PlayStation 5, PC, Nintendo Switch, Xbox Series X"
Streets of Rage 2,2015,89,E10+,8.0,M2,2D Beat-'Em-Up,"3DS, Xbox 360, PC, iOS (iPhone/iPad), PlayStation 3"
Out of the Park Baseball 15,2014,89,N/A,7.1,Out Of The Park Developments,Baseball Sim,PC
Hollow Knight: Voidheart Edition,2018,89,E10+,9.0,N/A,Metroidvania,"Xbox One, PlayStation 4, PlayStation 5"
World in Conflict,2007,89,T,8.2,Massive Entertainment,Real-Time Strategy,PC
NieR: Automata - The End of YoRHa Edition,2022,89,M,8.7,PlatinumGames,Action RPG,Nintendo Switch
Destiny 2: The Final Shape,2024,89,N/A,7.4,Bungie,FPS,"PC, Xbox Series X, PlayStation 5, PlayStation 4, Xbox One"
Death Stranding 2: On The Beach,2025,89,M,8.7,Sony Interactive Entertainment,Open-World Action,"PlayStation 5, PC"
Far Cry,2004,89,M,7.7,Crytek,FPS,"PC, Xbox, PlayStation 2, Wii"
Nuclear Throne,2015,89,E10+,7.7,Vlambeer,Top-Down Shoot-'Em-Up,"PlayStation 4, PlayStation, PC, PlayStation 3, Nintendo Switch, Xbox One"
Like a Dragon: Infinite Wealth,2024,89,M,8.5,Ryu ga Gotoku Studios,JRPG,"Xbox Series X, PC, PlayStation 5, PlayStation 4, Xbox One"
Cuphead in the Delicious Last Course,2022,89,N/A,8.7,Studio MDHR,2D Platformer,"Xbox One, PC, Nintendo Switch, PlayStation 4"
Lone Echo,2017,89,N/A,8.0,Oculus Studios,Action Adventure,PC
XCOM: Enemy Unknown,2012,89,M,8.2,Firaxis Games,Turn-Based Tactics,"PlayStation 3, PC, Xbox 360, iOS (iPhone/iPad), PlayStation"
Rise of Nations (2003),2003,89,T,8.7,Microsoft Game Studios,Real-Time Strategy,PC
Shin Megami Tensei: Persona 3 FES,2008,89,M,8.9,Atlus,JRPG,PlayStation 2
The Curse of Monkey Island,1997,89,E,8.9,LucasArts,Point-and-Click,PC
Dark Souls: Artorias of the Abyss,2012,89,M,8.7,From Software,Action RPG,"Xbox 360, PlayStation 3"
Metal Gear Solid HD Collection,2011,89,M,9.1,Bluepoint Games,Compilation,"PlayStation 3, Xbox 360"
Battlefield 3,2011,89,M,7.7,EA DICE,Tactical FPS,"PC, Xbox 360, PlayStation 3, Wii U"
Battlefield 1942,2002,89,T,8.4,EA Games,FPS,"Xbox, PC"
Dreams,2020,89,T,8.6,Media Molecule,Sandbox,PlayStation 4
Deus Ex: Human Revolution,2011,89,M,8.2,Eidos Montreal,Action Adventure,"PlayStation 3, Xbox 360, PC"
Gran Turismo 4,2005,89,E,9.2,N/A,Auto Racing Sim,PlayStation 2
The Beatles: Rock Band,2009,89,T,8.1,Harmonix Music Systems,Rhythm,"PlayStation 3, Xbox 360, Wii"
Resident Evil Requiem,2026,89,M,9.4,Capcom,Survival,"PlayStation 5, Xbox Series X, PC, Nintendo Switch"
Return of the Obra Dinn,2018,89,N/A,8.7,Lucas Pope,First-Person Adventure,"PC, Nintendo Switch, Xbox One, PlayStation 4"
Peggle,2009,89,E,7.8,PopCap,Action Puzzle,"iOS (iPhone/iPad), Xbox 360, PlayStation 3, PC"
Tony Hawk's Pro Skater 1 + 2,2020,89,T,8.5,Vicarious Visions,Skating,"PlayStation 4, Xbox One, PC, Nintendo Switch, PlayStation 5, Xbox Series X"
Alan Wake II,2023,89,M,8.5,Remedy Entertainment,Survival,"PlayStation 5, PC, Xbox Series X"
Castlevania Dominus Collection,2024,89,T,7.6,M2,Compilation,"Nintendo Switch, PlayStation 5, Xbox Series X, PC"
Metal Gear Solid: Peace Walker,2010,89,T,8.5,Konami,Action Adventure,
Grandia,1999,89,E,7.7,N/A,JRPG,"PlayStation, PlayStation 4, PlayStation 5"
Colors! 3D,2012,89,E,7.6,N/A,Application,"PlayStation, 3DS"
Disco Elysium: The Final Cut,2021,89,M,8.3,N/A,Western RPG,"PC, PlayStation 5, PlayStation 4, iOS (iPhone/iPad), Xbox Series X, Nintendo Switch, Xbox One"
Kingdom Come: Deliverance II,2025,89,M,8.7,Warhorse Studios,Action RPG,"PC, PlayStation 5, Xbox Series X"
Stardew Valley,2016,89,E10+,8.8,ConcernedApe,Virtual Life,"PC, PlayStation 4, Xbox One, Wii U, Nintendo Switch, PlayStation, iOS (iPhone/iPad)"
Devil May Cry 5: Special Edition,2020,89,M,8.5,Capcom,Action Adventure,"PlayStation 5, Xbox Series X"
The Last of Us Part I,2022,89,M,8.0,Naughty Dog,Linear Action Adventure,"PlayStation 5, PC"
Burnout Paradise,2008,88,E10+,7.7,Electronic Arts,Auto Racing,"Xbox 360, PlayStation 3, PC"
Asgard's Wrath,2019,88,M,7.9,Oculus Studios,Action RPG,PC
A Short Hike,2020,88,E,8.5,adamgryu,Adventure,"PC, Nintendo Switch, PlayStation 4, Xbox One"
XCOM 2: War of the Chosen,2017,88,T,8.2,Firaxis Games,Turn-Based Tactics,"PC, PlayStation 4, Xbox One"
DUSK,2018,88,N/A,8.3,New Blood Interactive,FPS,"PC, Nintendo Switch, PlayStation 4, Xbox Series X"
Monster Hunter Wilds,2025,88,T,7.1,Capcom,Action RPG,"PC, Xbox Series X, PlayStation 5"
Shenmue,2000,88,T,9.0,Sega AM2,Open-World Action,Dreamcast
Medieval: Total War,2002,88,T,8.7,Creative Assembly,Real-Time Strategy,PC
Shadow Complex,2009,88,T,8.3,Chair Entertainment,Metroidvania,Xbox 360
Call of Duty: Modern Warfare 3,2011,88,M,3.9,Infinity Ward,FPS,"Xbox 360, PlayStation 3, PC, Wii"
Deus Ex: Human Revolution - Director's Cut,2013,88,M,8.6,Square Enix,Action Adventure,"Wii U, Xbox 360, PlayStation 3, PC"
Tetris Effect: Connected,2020,88,E,7.5,Enhance Games,Stacking Puzzle,"Xbox One, Xbox Series X, PC, PlayStation 4, Nintendo Switch, PlayStation 5"
Dishonored,2012,88,M,8.2,Arkane Studios,Action Adventure,"Xbox 360, PlayStation 3, PC"
CTR: Crash Team Racing,1999,88,E,8.9,Naughty Dog,Auto Racing,PlayStation
Crusader Kings II: The Old Gods,2013,88,N/A,8.6,Paradox Development Studio,Real-Time Strategy,PC
Cocoon,2023,88,N/A,8.0,Annapurna Interactive,Action Adventure,"Xbox Series X, PC, Xbox One, Nintendo Switch, PlayStation 5, PlayStation 4"
Lorelei and the Laser Eyes,2024,88,T,7.7,Simogo,Adventure,"Nintendo Switch, PC, PlayStation 4, PlayStation 5"
Super Mario Maker,2015,88,E,8.6,Nintendo,2D Platformer,"Wii U, 3DS"
Tekken 5,2005,88,T,8.6,Namco,3D Fighting,PlayStation 2
The Binding of Isaac: Rebirth,2014,88,M,8.2,Nicalis,Top-Down Shoot-'Em-Up,"PlayStation, PC, PlayStation 4, 3DS, Xbox One, Wii U, iOS (iPhone/iPad), Nintendo Switch"
BioShock 2,2010,88,M,8.1,2K Games,FPS,"Xbox 360, PC, PlayStation 3"
Diddy Kong Racing,1997,88,K-A,8.4,Rare Ltd.,Arcade Racing,Nintendo 64
Age of Empires II: The Conquerors Expansion,2000,88,T,9.1,Ensemble Studios,Command RTS,PC
Star Fox 64,1997,88,K-A,8.7,Nintendo,Rail Shooter,Nintendo 64
NieR: Automata,2017,88,M,8.8,PlatinumGames,Action RPG,"PlayStation 4, PC"
Meteos,2005,88,E,7.9,Nintendo,Matching Puzzle,
Uncharted: Drake's Fortune,2007,88,T,7.7,Naughty Dog,Linear Action Adventure,PlayStation 3
Tom Clancy's Rainbow Six: Vegas,2006,88,M,7.7,Ubisoft Montreal,Tactical FPS,"Xbox 360, Xbox, PlayStation 3, PlayStation 2, PC"
Warcraft III: The Frozen Throne,2003,88,T,9.2,Blizzard Entertainment,Real-Time Strategy,PC
StarCraft,1998,88,T,8.9,Blizzard Entertainment,Command RTS,PC
Trails in the Sky 1st Chapter,2025,88,T,8.9,Falcom,JRPG,"Nintendo Switch, PC, PlayStation 5"
Assassin's Creed IV: Black Flag,2013,88,M,8.3,Ubisoft,Open-World Action,"PlayStation 4, PC, Wii U, Xbox 360, PlayStation 3, Xbox One"
The Last of Us: Left Behind,2014,88,M,8.1,Naughty Dog,Linear Action Adventure,"PlayStation 3, PlayStation 4"
Dead Cells: Return to Castlevania,2023,88,N/A,7.9,Motion Twin,Metroidvania,"PC, PlayStation 4, Xbox One, Nintendo Switch, PlayStation 5"
Project Gotham Racing 3,2005,88,E10+,7.8,Microsoft Game Studios,Auto Racing Sim,Xbox 360
Battlefield: Bad Company 2,2010,88,M,8.3,EA DICE,FPS,"Xbox 360, PlayStation 3, PC, iOS (iPhone/iPad)"
The World Ends with You,2008,88,T,8.8,Jupiter Corporation,Action RPG,iOS (iPhone/iPad)
XCOM 2,2016,88,T,7.5,Firaxis Games,Turn-Based Tactics,"PC, PlayStation 4, Xbox One"
Dishonored 2,2016,88,M,8.1,Arkane Studios,Action Adventure,"PlayStation 4, Xbox One, PC"
Divinity: Original Sin Enhanced Edition,2015,88,M,8.2,Larian Studios Games,Western RPG,"PC, PlayStation 4, Xbox One"
Horizon Forbidden West,2022,88,T,8.0,Guerrilla,Open-World Action,"PlayStation 5, PlayStation 4"
Myth II: Soulblighter,1998,88,M,8.9,Bungie,Real-Time Strategy,PC
JSRF: Jet Set Radio Future,2002,88,T,8.9,Sega,3D Platformer,Xbox
Red Faction,2001,88,M,7.8,Volition Inc.,FPS,"PC, PlayStation 2, PlayStation 4"
XCOM: Enemy Within,2013,88,M,7.9,Firaxis Games,Turn-Based Tactics,"PlayStation 3, Xbox 360, iOS (iPhone/iPad)"
Fire Emblem Fates: Special Edition,2016,88,T,7.9,Intelligent Systems,Turn-Based Tactics,3DS
Pinball FX 2,2010,88,E,8.2,Zen Studios,Pinball,"Xbox 360, PC, Xbox One"
Final Fantasy Tactics,2007,88,T,8.8,TOSE,Turn-Based Tactics,"PlayStation, iOS (iPhone/iPad)"
NHL 11,2010,88,E10+,7.7,Electronic Arts,Hockey Sim,"Xbox 360, PlayStation 3"
Wario Land 4,2001,88,E,8.7,Nintendo,2D Platformer,Game Boy Advance
The Elder Scrolls III: Morrowind - Game of the Year Edition,2003,88,T,8.4,Bethesda Softworks,Western RPG,"Xbox, PC"
Pokemon Y,2013,88,E,7.5,Game Freak,Trainer RPG,3DS
Deathloop,2021,88,M,6.8,Arkane Studios,FPS,"PC, PlayStation 5, Xbox Series X"
Ori and the Blind Forest,2015,88,E,8.6,Moon Studios,Metroidvania,"Xbox One, PC, Xbox 360"
The Talos Principle 2,2023,88,N/A,8.5,Croteam,First-Person Adventure,"PlayStation 5, Xbox Series X, PC"
Shogo: Mobile Armor Division,1998,88,M,8.2,Monolith Productions,FPS,PC
Thirty Flights of Loving,2012,88,N/A,5.1,Blendo Games,First-Person Adventure,PC
Sword of the Sea,2025,88,E10+,8.4,Giant Squid,Action Adventure,"PlayStation 5, PC"
KILL KNIGHT,2024,88,N/A,7.5,PlaySide Studios,Top-Down Shoot-'Em-Up,"PlayStation 5, Xbox Series X, PC, Nintendo Switch, PlayStation 4, Xbox One"
The Witcher 2: Assassins of Kings,2012,88,M,8.2,CD Projekt Red Studio,Action RPG,"PC, Xbox 360"
Hearthstone: Heroes of Warcraft,2014,88,T,5.7,Blizzard Entertainment,Card Battle,"PC, iOS (iPhone/iPad)"
Grand Theft Auto: Liberty City Stories,2005,88,M,8.0,Rockstar Games,Open-World Action,"PlayStation 2, iOS (iPhone/iPad)"
Medieval II: Total War,2006,88,T,8.9,Creative Assembly,Real-Time Strategy,"PC, iOS (iPhone/iPad)"
Super Mario Maker 2,2019,88,E,8.3,Nintendo,2D Platformer,Nintendo Switch
F1 2002,2002,88,E,7.1,EA Sports,Auto Racing Sim,"PC, PlayStation 2, Xbox, Game Boy Advance"
Tekken 5: Dark Resurrection,2006,88,T,8.5,Namco Bandai Games,3D Fighting,"PlayStation 5, PlayStation 4, PlayStation 3"
God of War: Ragnarok - Valhalla,2023,88,N/A,8.4,PlayStation Studios,Action Adventure,"PlayStation 5, PlayStation 4"
Guacamelee! Gold Edition,2013,88,N/A,7.6,DrinkBox Studios,Metroidvania,PC
Monster Hunter Rise,2021,88,T,8.3,Capcom,Action RPG,"Nintendo Switch, PC, Xbox Series X, PlayStation 5, PlayStation 4, Xbox One"
Counter-Strike: Source,2004,88,M,8.2,Valve Software,Tactical FPS,PC
Fire Emblem,2003,88,E,8.9,Intelligent Systems,Turn-Based Tactics,Game Boy Advance
Battlefield 1,2016,88,M,7.5,EA DICE,Tactical FPS,"PlayStation 4, Xbox One, PC"
Paper Mario: The Thousand-Year Door,2024,88,E,8.7,Intelligent Systems,JRPG,Nintendo Switch
Starcraft II: Legacy of the Void,2015,88,T,8.3,Blizzard Entertainment,Command RTS,PC
Diablo III,2012,88,M,4.3,Blizzard Entertainment,Action RPG,"PC, PlayStation 3, Xbox 360"
Resident Evil 4: Separate Ways,2023,88,N/A,8.9,Capcom,Survival,"PlayStation 5, PlayStation 4, Xbox Series X, PC"
Diablo III: Eternal Collection,2018,88,M,7.2,Iron Galaxy Studios,Action RPG,"Xbox One, PlayStation 4, Nintendo Switch"
Sid Meier's Pirates!,2004,88,E,8.3,Firaxis Games,Strategy,"PC, Xbox, Wii, iOS (iPhone/iPad)"
EVE Online: Special Edition,2009,88,T,7.2,CCP,Compilation,PC
SteamWorld Dig 2,2017,88,E10+,8.5,Image & Form,Metroidvania,"Nintendo Switch, PC, PlayStation 4, PlayStation, 3DS, Xbox One"
LittleBigPlanet PS Vita,2012,88,E,8.7,Tarsier Studios,2D Platformer,PlayStation
World of Warcraft: Legion,2016,88,N/A,7.4,Blizzard Entertainment,MMORPG,PC
Pillars of Eternity II: Deadfire,2018,88,M,7.9,Obsidian Entertainment,Western RPG,"PC, PlayStation 4, Xbox One, Nintendo Switch"
DOOM Eternal,2020,88,M,8.5,id Software,FPS,"Xbox One, PlayStation 4, PC, Nintendo Switch, PlayStation 5, Xbox Series X"
Cave Story Plus,2017,88,E10+,7.9,Nicalis,Metroidvania,"Nintendo Switch, PC"
Baldur's Gate II: Throne of Bhaal,2001,88,T,8.7,BioWare,Western RPG,PC
Owlboy,2016,88,E10+,7.5,D-Pad Studio,Action Adventure,"PC, Nintendo Switch, PlayStation 4, Xbox One"
The Talos Principle: Deluxe Edition,2015,88,T,8.3,Croteam,First-Person Adventure,"PlayStation 4, Xbox One, Nintendo Switch"
Need for Speed: Hot Pursuit,2010,88,E10+,7.5,Electronic Arts,Auto Racing,"PlayStation 3, Xbox 360, Wii, PC, iOS (iPhone/iPad)"
Ridge Racer,2005,88,E,8.2,Namco,Auto Racing,
Nex Machina: Death Machine,2017,88,T,8.0,Housemarque,Top-Down Shoot-'Em-Up,"PlayStation 4, PC"
Nioh,2017,88,M,8.1,Team Ninja,Action RPG,"PlayStation 3, PlayStation 4"
Animal Crossing: New Leaf,2013,88,E,8.8,Nintendo,Virtual Life,3DS
Diablo II,2000,88,M,8.8,Blizzard Entertainment,Action RPG,PC
Halls of Torment,2024,88,N/A,7.6,Chasing Carrots,Top-Down Shoot-'Em-Up,"PC, PlayStation 5, Xbox Series X, iOS (iPhone/iPad)"
Oddworld: Abe's Exoddus,1998,88,T,8.4,Oddworld Inhabitants,2D Platformer,"PC, PlayStation, PlayStation 4, PlayStation 5"
NBA 2K13,2012,88,E,7.2,Visual Concepts,Basketball Sim,"PlayStation 3, Xbox 360, PC, Wii, Wii U, iOS (iPhone/iPad)"
DOOM 3,2004,87,M,7.7,id Software,FPS,"PC, Xbox"
Subnautica,2018,87,E10+,8.6,N/A,Sandbox,"PC, Xbox One, PlayStation 4, Nintendo Switch, iOS (iPhone/iPad), PlayStation 5"
Devil May Cry 5,2019,87,M,8.0,Capcom,Action Adventure,"Xbox One, PlayStation 4, PC"
Halo 4,2012,87,M,7.1,343 Industries,FPS,"Xbox 360, PC"
Football Manager 2010,2010,87,E,7.7,Sports Interactive,Soccer Management,"PC, iOS (iPhone/iPad)"
Final Fantasy XIV: Stormblood,2017,87,T,7.5,Square Enix,MMORPG,"PlayStation 4, PC"
Bloodborne: The Old Hunters,2015,87,M,9.1,From Software,Action RPG,PlayStation 4
Hitman 3,2021,87,M,7.9,Io Interactive,Action Adventure,"PlayStation 5, Xbox Series X, Xbox One, PlayStation 4, PC, Nintendo Switch"
Persona 3 Reload,2024,87,M,8.6,Sega,JRPG,"Xbox Series X, PC, Xbox One, PlayStation 4, PlayStation 5, Nintendo Switch"
Injustice 2,2017,87,T,7.9,NetherRealm Studios,2D Fighting,"PlayStation 4, Xbox One, iOS (iPhone/iPad), PC"
Ghost of Tsushima: Director's Cut,2021,87,M,8.4,Sucker Punch,Open-World Action,"PlayStation 5, PlayStation 4, PC"
The Witness,2016,87,E,7.3,N/A,First-Person Adventure,"PC, PlayStation 3, Xbox 360, PlayStation 4, iOS (iPhone/iPad), Xbox One"
The Nioh Collection,2021,87,M,8.1,Team Ninja,Compilation,"PlayStation 5, PlayStation 4"
Final Fantasy VII Remake,2020,87,T,8.2,Square Enix,Action RPG,PlayStation 4
Pokemon White Version,2011,87,E,8.1,Game Freak,Trainer RPG,
Dragon Quest IX: Sentinels of the Starry Skies,2010,87,E10+,8.4,Level 5,JRPG,
RimWorld,2018,87,N/A,8.8,Ludeon Studios,Real-Time Strategy,PC
FIFA Soccer 09,2008,87,E,7.4,EA Sports,Soccer Sim,"Xbox 360, PC, PlayStation 2, PlayStation 3, Wii"
Jeanne d'Arc,2007,87,T,8.2,Level 5,Turn-Based Tactics,"PlayStation 5, PlayStation 4"
Street Fighter V: Arcade Edition,2018,87,T,6.5,Capcom,2D Fighting,"PlayStation 4, PC"
Sea of Stars,2023,87,E10+,8.0,Sabotage Studio,JRPG,"PC, Nintendo Switch, PlayStation 5, PlayStation 4, Xbox Series X, Xbox One, iOS (iPhone/iPad)"
Astral Chain,2019,87,T,9.0,PlatinumGames,Action Adventure,Nintendo Switch
Tactical Breach Wizards,2024,87,N/A,8.1,Suspicious Developments,Turn-Based Tactics,PC
Shin Megami Tensei V: Vengeance,2024,87,M,8.1,Atlus,JRPG,"Nintendo Switch, PlayStation 5, Xbox Series X, Xbox One, PlayStation 4, PC"
Legends of Runeterra,2020,87,T,6.5,Riot Games,Card Battle,"PC, iOS (iPhone/iPad)"
Pokemon Sun,2016,87,E,7.5,Game Freak,Trainer RPG,3DS
Sins of a Solar Empire,2008,87,T,8.2,Ironclad Games,Real-Time Strategy,PC
Heavy Rain,2010,87,M,8.4,Quantic Dream,Third-Person Adventure,"PlayStation 3, PlayStation 4, PC"
Shinobi: Art of Vengeance,2025,87,T,8.3,Lizardcube,2D Platformer,"PC, PlayStation 5, PlayStation 4, Nintendo Switch, Xbox Series X, Xbox One"
Thief II: The Metal Age,2000,87,M,8.8,Eidos Interactive,Action Adventure,PC
Tactics Ogre: Let Us Cling Together,2011,87,T,8.6,Square Enix,Turn-Based Tactics,PlayStation
Diablo II: Lord of Destruction,2001,87,M,9.0,Blizzard Entertainment,Action RPG,PC
Pikmin 4,2023,87,E10+,9.0,Nintendo,Real-Time Strategy,Nintendo Switch
Kentucky Route Zero: TV Edition,2020,87,T,6.9,Annapurna Interactive,Adventure,"Nintendo Switch, Xbox One, PlayStation 4, Xbox Series X, PlayStation 5"
Final Fantasy XVI,2023,87,M,8.4,Square Enix,Action RPG,"PlayStation 5, PC, Xbox Series X"
Uncharted: Legacy of Thieves Collection,2022,87,T,8.4,Naughty Dog,Compilation,"PlayStation 5, PC"
Mass Effect 2: Lair of the Shadow Broker,2010,87,M,8.5,BioWare,Western RPG,"Xbox 360, PC"
Gran Turismo 7,2022,87,E,2.6,PlayStation Studios,Auto Racing Sim,"PlayStation 5, PlayStation 4"
DiRT 3,2011,87,T,7.3,Codemasters,Auto Racing Sim,"Xbox 360, PlayStation 3, PC"
Syphon Filter: Dark Mirror,2006,87,M,7.8,N/A,Tactical Third Person Shooter,"PlayStation 2, PlayStation 5, PlayStation 4"
The Swapper,2013,87,N/A,8.6,N/A,Metroidvania,"PC, PlayStation 4, PlayStation 3, PlayStation, Wii U, Xbox One"
Super Mario Galaxy + Super Mario Galaxy 2,2025,87,E,7.5,Nintendo,Compilation,Nintendo Switch
Resident Evil 7: biohazard - Gold Edition,2026,87,M,8.5,Capcom,Survival,"PlayStation 4, Xbox One, PC, Nintendo Switch, PlayStation 5"
Pokemon SoulSilver Version,2010,87,E,9.1,Game Freak,Trainer RPG,
Castlevania: Harmony of Dissonance,2002,87,T,7.9,Konami,Metroidvania,Game Boy Advance
Dragon Ball FighterZ,2018,87,T,7.9,Arc System Works,2D Fighting,"PlayStation 4, Xbox One, PC, Nintendo Switch, PlayStation 5, Xbox Series X"
The Legend of Zelda: Link's Awakening,2019,87,E,8.3,GREZZO,Open-World Action,Nintendo Switch
Batman: Arkham Knight,2015,87,M,8.2,Warner Bros. Interactive Entertainment,Open-World Action,"Xbox One, PlayStation 4, PC, Nintendo Switch"
Dead or Alive 3,2001,87,T,8.6,Team Ninja,3D Fighting,Xbox
Jak II,2003,87,T,8.3,Naughty Dog,3D Platformer,"PlayStation 2, PlayStation 4, PlayStation 3, PlayStation"
Mario Kart 8 DLC Pack 1,2014,87,E,8.2,Nintendo,Auto Racing,Wii U
Final Fantasy Tactics Advance,2003,87,E,8.2,Square Enix,Turn-Based Tactics,Game Boy Advance
Immortality,2022,87,N/A,6.8,Sam Barlow,Adventure,"PC, Xbox Series X, PlayStation 5, iOS (iPhone/iPad)"
Red Dead Redemption: Undead Nightmare Pack,2010,87,M,8.3,Rockstar Games,Open-World Action,"Xbox 360, PlayStation 3"
Marvel's Spider-Man,2018,87,T,8.7,Insomniac Games,Open-World Action,PlayStation 4
Pokemon Moon,2016,87,E,7.5,Game Freak,Trainer RPG,3DS
Elite Beat Agents,2006,87,E10+,8.2,Nintendo,Rhythm,
Minishoot' Adventures,2024,87,N/A,8.4,N/A,Top-Down Shoot-'Em-Up,"PC, Nintendo Switch, Xbox One, PlayStation 5, Xbox Series X"
Mario Kart: Double Dash!!,2003,87,E,8.6,Nintendo,Auto Racing,
Icewind Dale,2000,87,T,8.2,Black Isle Studios,Western RPG,PC
Battlefield 3: Armored Kill,2012,87,M,7.2,EA DICE,Tactical FPS,"PlayStation 3, Xbox 360, PC"
Donkey Kong Country Returns,2010,87,E,8.6,Retro Studios,2D Platformer,"Wii, 3DS"
Bully,2006,87,T,8.8,Rockstar Games,Open-World Action,"Xbox, PlayStation 2, PlayStation 4, iOS (iPhone/iPad)"
Call of Duty: Black Ops,2010,87,M,7.2,Treyarch,Tactical FPS,"PC, PlayStation 3, Xbox 360, Wii"
Fire Emblem Fates: Conquest,2016,87,T,8.0,Intelligent Systems,Turn-Based Tactics,3DS
TowerFall Ascension,2014,87,E10+,7.1,Maddy Makes Games,2D Platformer,"Nintendo Switch, PC, PlayStation 4, PlayStation, Xbox One"
Tearaway,2013,87,E,8.9,Media Molecule,3D Platformer,PlayStation
Metal Gear Solid: Portable Ops,2006,87,M,7.7,Konami,Action Adventure,
Psychonauts 2,2021,87,T,8.1,Double Fine Productions,3D Platformer,"PC, PlayStation 4, Xbox One, Xbox Series X"
Fight Night Round 4,2009,87,T,7.9,EA Sports,Combat Sport,"Xbox 360, PlayStation 3"
The Legend of Zelda: Spirit Tracks,2009,87,E10+,7.8,Nintendo,Open-World Action,
Pokemon HeartGold Version,2010,87,E,9.1,Game Freak,Trainer RPG,
Diablo III: Reaper of Souls,2014,87,M,6.7,Blizzard Entertainment,Action RPG,PC
Little King's Story,2009,87,T,8.3,XSEED Games,Real-Time Strategy,"Wii, PC"
Zero Escape: The Nonary Games,2017,87,M,8.0,Spike Chunsoft,Compilation,"PlayStation 4, PlayStation, PC, Xbox One"
Serious Sam: The First Encounter,2001,87,M,8.3,Croteam,FPS,"Xbox, PC"
Metal Gear Solid 2: Substance,2002,87,M,8.3,Konami,Action Adventure,"PC, Xbox, PlayStation 2"
Pokemon Black Version,2011,87,E,8.1,Game Freak,Trainer RPG,
Final Fantasy VI Pixel Remaster,2022,87,T,8.2,TOSE,JRPG,"PC, iOS (iPhone/iPad), Nintendo Switch, PlayStation 4, Xbox Series X"
Mass Effect Legendary Edition,2021,87,M,7.8,BioWare,Compilation,"PlayStation 4, Xbox One, PC, Xbox Series X"
Wolfenstein II: The New Colossus,2017,87,M,7.4,MachineGames,FPS,"PC, PlayStation 4, Xbox One, Nintendo Switch"
Call of Duty: United Offensive,2004,87,T,8.0,Activision,FPS,PC
Wipeout HD,2008,87,E10+,8.0,N/A,Future Racing,PlayStation 3
Divinity: Original Sin,2014,87,M,8.6,Larian Studios Games,Western RPG,PC
Company of Heroes: Opposing Fronts,2007,87,M,8.3,Relic Entertainment,Real-Time Strategy,"PC, iOS (iPhone/iPad)"
OutRun,2015,87,E,7.8,M2,Auto Racing,"3DS, PC, PlayStation 2, Nintendo Switch"
Katamari Damacy REROLL,2018,87,E,7.9,Bandai Namco Games,Action Adventure,"Nintendo Switch, PC, Xbox One, PlayStation 4, Xbox Series X"
DiRT 2,2009,87,T,8.1,Codemasters,Auto Racing Sim,"Xbox 360, PlayStation 3, PC, Wii"
Rayman Origins,2011,87,E10+,8.3,Ubisoft,2D Platformer,"Xbox 360, PlayStation 3, Wii, 3DS, PlayStation, PC"
Return to Monkey Island,2022,87,E10+,7.6,Terrible Toybox,Point-and-Click,"PC, Nintendo Switch, Xbox Series X, PlayStation 5, iOS (iPhone/iPad)"
Forza Horizon 3: Blizzard Mountain,2016,87,N/A,7.8,Playground Games,Auto Racing Sim,"Xbox One, PC"
Super Monkey Ball,2001,87,E,8.3,Sega,Party,iOS (iPhone/iPad)
Spelunky,2012,87,T,7.4,Mossmouth,2D Platformer,"PC, Xbox 360, PlayStation 3, PlayStation, PlayStation 4, Nintendo Switch"
Resistance 2,2008,87,M,7.5,Insomniac Games,FPS,PlayStation 3
flower,2009,87,E,8.1,ThatGameCompany,Adventure,"iOS (iPhone/iPad), PC, PlayStation 3, PlayStation, PlayStation 4"
Europa Universalis IV,2013,87,T,8.7,Paradox Development Studio,Real-Time Strategy,PC
Dispatch,2025,87,N/A,8.9,N/A,Adventure,"PC, PlayStation 5, Nintendo Switch"
Pikmin 3,2013,87,E10+,8.8,Nintendo,Real-Time Strategy,Wii U
Sunless Skies,2019,87,N/A,6.7,Failbetter Games,RPG,PC
Total War: WARHAMMER II,2017,87,T,7.9,Creative Assembly,Real-Time Tactics,PC
Driver,1999,87,T,8.0,GT Interactive,Auto Racing,"PC, PlayStation, iOS (iPhone/iPad)"
Velocity Ultra,2013,87,E,7.7,FuturLab,Vertical Shoot-'Em-Up,"PlayStation, PlayStation 3, PC"
There is no game : Wrong dimension,2021,87,E10+,7.9,Draw Me A Pixel,Point-and-Click,"iOS (iPhone/iPad), PC, Nintendo Switch"
Forza Horizon 3: Hot Wheels,2017,87,N/A,7.7,Playground Games,Auto Racing Sim,"Xbox One, PC"
Marvel's Spider-Man Remastered,2022,87,T,8.4,Nixxes Software,Open-World Action,"PC, PlayStation 5"
Hex: Shards of Fate,2016,87,N/A,6.1,N/A,Card Battle,PC
World of Warcraft: Warlords of Draenor,2014,87,T,5.7,Blizzard Entertainment,MMORPG,PC
Halo Infinite,2021,87,T,7.9,343 Industries,FPS,"Xbox One, PC, Xbox Series X"
Absolum,2025,87,N/A,8.3,DotEmu,2D Beat-'Em-Up,"PlayStation 5, Nintendo Switch, PC, PlayStation 4, Xbox Series X"
Xenoblade Chronicles X: Definitive Edition,2025,87,T,8.5,Monolith Soft,Action RPG,Nintendo Switch
Dark Cloud 2,2003,87,T,8.5,Level 5,Action RPG,"PlayStation 2, PlayStation 4"
Kingdom Hearts II,2006,87,E10+,9.0,Square Enix,Action RPG,PlayStation 2
Lonely Mountains: Snow Riders,2025,87,N/A,6.5,N/A,Skiing,"PC, Xbox Series X, PlayStation 5"
Tenchu: Stealth Assassins,1998,87,M,8.5,Acquire,Action Adventure,PlayStation
Spider-Man (2000),2000,87,E,8.5,Activision,Linear Action Adventure,"Nintendo 64, PlayStation, Dreamcast, PC"
Shin Megami Tensei: Persona 3,2007,86,M,8.4,Atlus,JRPG,PlayStation 2
LostWinds: Winter of the Melodias,2009,86,E,2.9,Frontier Developments,3D Platformer,"iOS (iPhone/iPad), PC, Wii"
Gone Home,2013,86,N/A,5.5,The Fullbright Company,First-Person Adventure,"PC, PlayStation 3, Xbox 360, Wii U, Nintendo Switch, iOS (iPhone/iPad), PlayStation 4, Xbox One"
Kirby's Epic Yarn,2010,86,E,8.4,Good-Feel,2D Platformer,Wii
Turbo Overkill,2023,86,M,7.9,N/A,FPS,"PC, Nintendo Switch, Xbox Series X, PlayStation 5, Xbox One, PlayStation 4"
Uncharted: The Nathan Drake Collection,2015,86,T,8.6,Bluepoint Games,Compilation,PlayStation 4
Supreme Commander,2007,86,E10+,8.3,Gas Powered Games,Command RTS,"PC, Xbox 360"
Mario Kart 8 Deluxe: Booster Course Pass - Wave 4,2023,86,N/A,7.9,Nintendo,Auto Racing,Nintendo Switch
Startopia,2001,86,T,8.5,Eidos Interactive,Management,PC
Fallout 2,1998,86,M,9.0,Black Isle Studios,Western RPG,PC
Kirby: Canvas Curse,2005,86,E,7.3,HAL Labs,2D Platformer,
Out of the Park Baseball 14,2013,86,N/A,8.2,Out Of The Park Developments,Baseball Sim,PC
The Witcher: Enhanced Edition,2008,86,M,8.2,CD Projekt Red Studio,Action RPG,PC
F1 2017,2017,86,E,7.5,Codemasters,Auto Racing Sim,"Xbox One, PlayStation 4, PC"
Astebreed,2014,86,N/A,7.4,Edelweiss,Horizontal Shoot-'Em-Up,"PC, PlayStation 4, Nintendo Switch"
Unicorn Overlord,2024,86,T,8.4,Vanillaware,Real-Time Tactics,"Nintendo Switch, Xbox Series X, PlayStation 5, PlayStation 4"
Velocity 2X,2014,86,E10+,6.9,FuturLab,Top-Down Shoot-'Em-Up,"PlayStation, PlayStation 4, Xbox One, PC, Nintendo Switch"
Killer Instinct Season 3,2016,86,N/A,6.6,Iron Galaxy Studios,2D Fighting,Xbox One
The Messenger,2018,86,E10+,8.4,Sabotage Studio,Metroidvania,"PC, Xbox One, PlayStation 4, Nintendo Switch, PlayStation 5"
Resistance: Fall of Man,2006,86,M,7.7,Insomniac Games,FPS,PlayStation 3
Diablo IV,2023,86,M,2.6,Blizzard Entertainment,Action RPG,"PC, PlayStation 4, Xbox One, Xbox Series X, PlayStation 5"
Vampire Survivors,2022,86,N/A,8.1,N/A,Top-Down Shoot-'Em-Up,"PC, Xbox Series X, Xbox One, iOS (iPhone/iPad), Nintendo Switch, PlayStation 4, PlayStation 5"
Total War: WARHAMMER,2016,86,T,7.4,Creative Assembly,Turn-Based Strategy,PC
Monster Boy and the Cursed Kingdom,2018,86,E10+,7.8,FDG Entertainment,Metroidvania,"PC, Xbox One, PlayStation 4, Nintendo Switch, PlayStation 5, Xbox Series X"
Saints Row IV,2013,86,M,7.3,Volition Inc.,Open-World Action,"Xbox 360, PC, PlayStation 3"
Street Fighter 6: Years 1-2 Fighters Edition,2025,86,T,7.7,Capcom,2D Fighting,"Nintendo Switch, PlayStation 5, Xbox Series X, PlayStation 4, PC"
Patapon,2008,86,E,8.4,SCE Japan Studio,Rhythm,PlayStation 4
Sid Meier's Civilization IV: Beyond the Sword,2007,86,E10+,8.6,Firaxis Games,4X Strategy,PC
Dragon Quest Builders 2,2019,86,E10+,7.9,Omega Force,Sandbox,"PlayStation 4, Nintendo Switch, PC, Xbox One"
Dragon Age: Origins,2009,86,M,8.6,BioWare,Western RPG,"PC, PlayStation 3, Xbox 360"
The Sims 3,2009,86,T,7.8,Electronic Arts,Virtual Life,"PC, iOS (iPhone/iPad), PlayStation 3, Xbox 360, Wii, 3DS"
Freedom Force vs The 3rd Reich,2005,86,T,7.9,Sierra Entertainment,Western RPG,PC
Destiny 2: The Witch Queen,2022,86,N/A,7.8,Bungie,FPS,"PlayStation 4, PC, Xbox One, PlayStation 5, Xbox Series X"
Titanfall,2014,86,M,6.8,Respawn Entertainment,FPS,"Xbox One, Xbox 360, PC"
Borderlands 2: Tiny Tina's Assault on Dragon Keep,2013,86,M,8.1,Gearbox Software,FPS,"Xbox 360, PlayStation 3, PC"
Lunar 2: Eternal Blue,2000,86,T,8.7,N/A,JRPG,PlayStation
Alundra,1998,86,T,8.5,Matrix Software,Open-World Action,PlayStation
Ni no Kuni: Wrath of the White Witch Remastered,2019,86,E10+,8.0,QLOC,JRPG,"PlayStation 4, PC, Xbox One, Xbox Series X"
God of War: Ghost of Sparta,2010,86,M,8.8,N/A,Linear Action Adventure,PlayStation 3
Trials HD,2009,86,T,8.1,Microsoft Game Studios,Auto Racing Sim,Xbox 360
Mario Kart World,2025,86,E,6.9,Nintendo,Auto Racing,Nintendo Switch
Punch-Out!!,2009,86,E10+,8.5,Next Level Games,Combat Sport,Wii
Suikoden III,2002,86,T,8.5,Konami,JRPG,PlayStation 2
Prince of Persia: The Lost Crown,2024,86,T,8.4,Ubisoft,Metroidvania,"PlayStation 5, Xbox Series X, PC, PlayStation 4, Xbox One, Nintendo Switch, iOS (iPhone/iPad)"
Starcraft II: Heart of the Swarm,2013,86,T,8.0,Blizzard Entertainment,Command RTS,PC
Pentiment,2022,86,M,7.7,Obsidian Entertainment,Adventure,"PC, Xbox Series X, Xbox One, Nintendo Switch, PlayStation 5, PlayStation 4"
Nioh 3,2026,86,M,7.9,Team Ninja,Action RPG,"PlayStation 5, PC"
Bayonetta 3,2022,86,M,7.8,PlatinumGames,Linear Action Adventure,Nintendo Switch
Riven,2024,86,E10+,8.0,Cyan Worlds,First-Person Adventure,"PC, PlayStation 4"
Dungeon Siege,2002,86,T,8.0,Gas Powered Games,Action RPG,PC
Star Wars: Knights of the Old Republic II - The Sith Lords,2004,86,T,8.7,Obsidian Entertainment,Western RPG,"Xbox, PC, iOS (iPhone/iPad), Nintendo Switch"
Crashmo,2012,86,E,8.2,Intelligent Systems,Action Puzzle,3DS
Ghost of Yotei,2025,86,M,8.1,Sucker Punch,Open-World Action,PlayStation 5
Brothers: A Tale of Two Sons,2013,86,T,8.3,Starbreeze,Linear Action Adventure,"Xbox 360, PlayStation 3, PC, PlayStation 4, Xbox One, iOS (iPhone/iPad), Nintendo Switch"
Homeworld Remastered Collection,2015,86,E10+,8.0,Gearbox Software,Compilation,PC
ARC Raiders,2025,86,N/A,7.6,N/A,Tactical Third Person Shooter,"PC, PlayStation 5, Xbox Series X"
Animal Crossing: Wild World,2005,86,E,8.1,Nintendo,Virtual Life,
DmC: Devil May Cry,2013,86,M,6.0,Ninja Theory,Linear Action Adventure,"PlayStation 3, Xbox 360, PC"
Star Trek: Voyager Elite Force,2000,86,T,8.3,Activision,FPS,"PC, PlayStation 2"
Dino Crisis 2,2000,86,M,8.5,Capcom,Survival,"PC, PlayStation"
Need for Speed: High Stakes,1999,86,E,8.3,Electronic Arts,Auto Racing,"PC, PlayStation"
Medal of Honor Underground,2000,86,T,8.5,EA Games,FPS,"PlayStation, Game Boy Advance"
Nioh 2: The Complete Edition,2021,86,M,7.6,Team Ninja,Action RPG,"PlayStation 4, PC"
Professor Layton and the Unwound Future,2010,86,E10+,8.7,Level 5,Point-and-Click,
We Love Katamari,2005,86,E,8.8,Namco,Action Adventure,PlayStation 2
Silent Hill f,2025,86,M,6.7,NeoBards Entertainment,Survival,"PlayStation 5, Xbox Series X, PC"
Sly Cooper and the Thievius Raccoonus,2002,86,E,8.4,Sucker Punch,3D Platformer,"PlayStation 2, PlayStation 3, PlayStation, PlayStation 5, PlayStation 4"
Total War: WARHAMMER III,2022,86,T,5.9,Creative Assembly,Real-Time Tactics,PC
Bastion,2011,86,E10+,8.1,Supergiant Games,Action RPG,"PC, Xbox 360, iOS (iPhone/iPad), PlayStation 4, PlayStation, Xbox One, Nintendo Switch"
Devotion,2019,86,N/A,7.9,Red Candle Games,Survival,PC
The Legend of Zelda: Four Swords Adventures,2004,86,E,7.3,Nintendo,Action Adventure,
Sons of the Forest,2024,86,N/A,7.3,N/A,Survival,PC
Monster Hunter Stories 3: Twisted Reflection,2026,86,T,8.4,Capcom,Action RPG,"Nintendo Switch, PC, PlayStation 5, Xbox Series X"
Tales of Symphonia,2004,86,T,8.8,Namco,Action RPG,"PlayStation 2, PlayStation 3, PC"
Fight Night Champion,2011,86,M,7.5,EA Sports,Combat Sport,"PlayStation 3, Xbox 360"
Age of Wonders II: The Wizard's Throne,2002,86,T,8.3,Triumph Studios,Turn-Based Strategy,PC
Full Throttle,1995,86,T,8.4,LucasArts,Point-and-Click,PC
Burnout 2: Point of Impact,2002,86,E,8.3,Acclaim,Auto Racing,"PlayStation 2, Xbox"
Unreal Tournament 2003,2003,86,M,8.1,Digital Extremes,FPS,PC
Katamari Damacy,2004,86,E,8.6,Namco,Action Adventure,PlayStation 2
The Lord of the Rings Online: Shadows of Angmar,2007,86,T,7.7,Turbine Inc.,MMORPG,PC
Grand Theft Auto: Vice City Stories,2006,86,M,8.2,Rockstar Games,Open-World Action,"PlayStation 2, PlayStation 4"
Desperados III,2020,86,M,8.2,THQ Nordic,Real-Time Tactics,"PlayStation 4, Xbox One, PC, Xbox Series X"
Indiana Jones and the Great Circle,2024,86,T,8.1,MachineGames,Action Adventure,"PC, Xbox Series X, PlayStation 5, Nintendo Switch"
Pony Island,2016,86,N/A,7.4,N/A,Adventure,PC
Tom Clancy's Ghost Recon Advanced Warfighter 2,2007,86,T,7.2,Red Storm Entertainment,Tactical FPS,"Xbox 360, PlayStation 3, PC, Wii"
Tales From Space: Mutant Blobs Attack,2012,86,E10+,8.2,DrinkBox Studios,2D Platformer,"PlayStation, PC, PlayStation 3, Xbox 360, Nintendo Switch"
Resident Evil 7: biohazard,2017,86,M,8.2,Capcom,Survival,"PlayStation 4, Xbox One, PC, Xbox Series X, PlayStation 5, iOS (iPhone/iPad)"
NHL 12,2011,86,E10+,7.1,Electronic Arts,Hockey Sim,"Xbox 360, PlayStation 3"
Rise of the Tomb Raider,2015,86,M,8.1,Square Enix,Linear Action Adventure,"Xbox One, Xbox 360, PC, PlayStation 4"
Chants of Sennaar,2023,86,N/A,8.5,Rundisc,Adventure,"PC, Nintendo Switch, PlayStation 4, Xbox One, iOS (iPhone/iPad)"
Advance Wars: Days of Ruin,2008,86,E10+,8.3,Intelligent Systems,Turn-Based Tactics,
PlayerUnknown's Battlegrounds,2017,86,T,5.0,N/A,Tactical Third Person Shooter,"PC, Xbox One, PlayStation 4, PlayStation 5, Xbox Series X"
Forza Horizon 2,2014,86,N/A,8.4,Playground Games,Auto Racing Sim,"Xbox One, Xbox 360"
Escape from Monkey Island,2000,86,T,7.7,LucasArts,Third-Person Adventure,"PlayStation 2, PC"
DELTARUNE,2025,86,T,9.0,8-4,JRPG,"PC, Nintendo Switch, PlayStation 5, PlayStation 4"
Beat Saber,2018,86,E,8.2,Hyperbolic Magnetism,Rhythm,"PC, PlayStation 4, PlayStation 5"
SteamWorld Heist,2015,86,E10+,7.8,Image & Form,Turn-Based Strategy,"3DS, PlayStation 4, PlayStation, Xbox One, Wii U, PC, iOS (iPhone/iPad), Nintendo Switch"
IL-2 Sturmovik: 1946,2007,86,T,8.5,Ubisoft,Aircraft Combat Sim,PC
XCOM: Enemy Within Expansion,2013,86,M,8.1,Firaxis Games,Turn-Based Tactics,PC
Final Fantasy XIV: Heavensward,2015,86,T,8.0,Square Enix,MMORPG,"PlayStation 3, PlayStation 4, PC"
Wildermyth,2021,86,N/A,7.6,Worldwalker Games,Turn-Based Tactics,PC
Luigi's Mansion 3,2019,86,E,8.4,Next Level Games,Action Adventure,Nintendo Switch
Final Fantasy XIV Online: A Realm Reborn,2014,86,T,7.0,Square Enix,MMORPG,"PC, PlayStation 3, PlayStation 4, PlayStation 5, Xbox Series X"
Dragon's Dogma 2,2024,86,M,6.5,Capcom,Action RPG,"PlayStation 5, PC, Xbox Series X"
Armored Core VI: Fires of Rubicon,2023,86,T,8.1,From Software,Vehicle Combat Sim,"PC, PlayStation 5, Xbox Series X, PlayStation 4, Xbox One"
Battlefield 3: Back to Karkand,2011,86,M,7.3,EA DICE,Tactical FPS,"PlayStation 3, Xbox 360, PC"
Core Keeper,2024,86,N/A,7.5,Pugstorm,Sandbox,"PC, Nintendo Switch, PlayStation 5, Xbox Series X, Xbox One, PlayStation 4"
Destiny: The Taken King,2015,86,T,6.3,Bungie,FPS,"PlayStation 4, PlayStation 3, Xbox 360, Xbox One"
Turok 2: Seeds of Evil,1998,86,M,8.2,Acclaim,FPS,"PC, Nintendo 64"
Path of Exile,2013,86,N/A,7.8,Grinding Gear Games,Action RPG,"PC, Xbox One, PlayStation 4, PlayStation 5, iOS (iPhone/iPad)"
Braid Anniversary Edition,2024,86,E10+,7.6,N/A,2D Platformer,"PlayStation 4, PC, Xbox One, Nintendo Switch, PlayStation 5, Xbox Series X, iOS (iPhone/iPad)"
OlliOlli2: Welcome to Olliwood,2015,86,T,6.5,N/A,Skating,"PlayStation 4, PlayStation, PC, Xbox One"
Forza Motorsport 7,2017,86,E,6.6,Turn 10,Auto Racing Sim,"Xbox One, PC"
Day of the Tentacle Remastered,2016,86,N/A,8.0,Double Fine Productions,Point-and-Click,"PlayStation 4, PlayStation, PC, iOS (iPhone/iPad), Xbox One"
Cyberpunk 2077,2020,86,M,7.3,CD Projekt Red Studio,Action RPG,"PC, Xbox One, PlayStation 4, Xbox Series X, PlayStation 5"
Xenoblade Chronicles,2015,86,T,8.4,Monster Games Inc.,Action RPG,"Wii, 3DS"
The Legend of Zelda: Twilight Princess HD,2016,86,T,8.6,Nintendo,Open-World Action,Wii U
Mini Metro,2018,86,E,7.9,Radial Games Corp.,Management,"PC, iOS (iPhone/iPad), Nintendo Switch, PlayStation 4"
Resogun: Heroes,2014,86,E10+,7.2,Housemarque,Horizontal Shoot-'Em-Up,PlayStation 4
Cadence of Hyrule: Crypt of the NecroDancer Featuring The Legend of Zelda,2019,85,E,7.9,Brace Yourself Games,Rhythm,Nintendo Switch
Monster Hunter Generations,2016,85,N/A,8.0,Capcom,Action RPG,3DS
Shantae: Risky's Revenge,2010,85,E10+,8.2,WayForward,Metroidvania,"iOS (iPhone/iPad), PC, 3DS, Wii U, PlayStation 4"
Castlevania: Portrait of Ruin,2006,85,T,8.3,Konami,Metroidvania,
Risk of Rain 2,2020,85,N/A,8.3,Hopoo Games,Third Person Shooter,"PC, Nintendo Switch, Xbox One, PlayStation 4, PlayStation 5, Xbox Series X"
Inscryption,2021,85,N/A,8.5,Devolver Digital,Card Battle,"PC, PlayStation 5, PlayStation 4, Nintendo Switch, Xbox Series X, Xbox One"
Tom Clancy's Splinter Cell: Conviction,2010,85,M,7.6,Ubisoft Montreal,Action Adventure,"Xbox 360, PC"
Mario + Rabbids Sparks of Hope,2022,85,E10+,7.5,Ubisoft Paris,Turn-Based Tactics,Nintendo Switch
The Talos Principle,2014,85,T,8.5,Croteam,First-Person Adventure,"PC, iOS (iPhone/iPad)"
Cities: Skylines,2015,85,E,8.6,Colossal Order,Management,"PC, Nintendo Switch, PlayStation 4, Xbox One"
Project Gotham Racing 4,2007,85,E,8.1,Microsoft Game Studios,Auto Racing Sim,Xbox 360
Metroid Prime: Hunters,2006,85,T,7.4,Nintendo Software Technology,FPS,
Metroid: Samus Returns,2017,85,E10+,8.7,Mercury Steam,Metroidvania,3DS
Midnight Club 3: DUB Edition Remix,2006,85,E10+,9.1,Rockstar Games,Auto Racing Sim,"Xbox, PlayStation 2"
Ni no Kuni: Wrath of the White Witch,2013,85,E10+,8.6,Level 5,JRPG,"PlayStation 3, Nintendo Switch"
Buckshot Roulette,2023,85,N/A,7.6,N/A,Strategy,"PC, Xbox Series X"
Oddworld: Abe's Oddysee,1997,85,T,8.6,Oddworld Inhabitants,2D Platformer,"PC, PlayStation, PlayStation 4, PlayStation 5"
Tom Clancy's Rainbow Six,1998,85,T,8.0,Red Storm Entertainment,Tactical FPS,"Dreamcast, Nintendo 64, PlayStation, PC"
Wasteland 3,2020,85,M,7.7,InXile Entertainment,Western RPG,"PC, PlayStation 4, Xbox One"
Legend of Grimrock II,2014,85,N/A,8.0,N/A,Western RPG,PC
Guitar Hero III: Legends of Rock,2007,85,T,8.4,N/A,Rhythm,"Wii, PlayStation 2, PlayStation 3, Xbox 360, PC"
Sly Cooper Collection,2010,85,E10+,8.8,N/A,Compilation,"PlayStation, PlayStation 3"
Daxter,2006,85,E10+,8.2,N/A,3D Platformer,"PlayStation 5, PlayStation 4"
Dragon Age: Inquisition,2014,85,M,6.2,BioWare,Western RPG,"Xbox One, PlayStation 3, Xbox 360, PC, PlayStation 4"
Tales from the Borderlands: A Telltale Game Series,2015,85,M,8.4,Telltale Games,Adventure,"PC, Xbox 360, PlayStation 3, PlayStation 4, Xbox One, iOS (iPhone/iPad), PlayStation, PlayStation 5, Xbox Series X, Nintendo Switch"
Among Us,2018,85,E10+,6.9,N/A,Survival,"PC, iOS (iPhone/iPad), Nintendo Switch, Xbox Series X, Xbox One, PlayStation 5, PlayStation 4"
13 Sentinels: Aegis Rim,2020,85,T,8.8,Vanillaware,Adventure,"PlayStation 4, Nintendo Switch, PlayStation"
The Legend of Zelda: Echoes of Wisdom,2024,85,E10+,8.4,GREZZO,Open-World Action,Nintendo Switch
Horizon Zero Dawn Remastered,2024,85,T,7.1,Guerrilla,Open-World Action,"PC, PlayStation 5"
Super Street Fighter IV,2011,85,T,7.9,Capcom,2D Fighting,"Xbox 360, PlayStation 3, 3DS"
City of Heroes,2004,85,T,8.5,Cryptic Studios,MMORPG,PC
Lara Croft and the Guardian of Light,2010,85,T,8.1,Square Enix,Action Adventure,"PC, Xbox 360, PlayStation 3, Nintendo Switch, iOS (iPhone/iPad)"
SWAT 4,2005,85,M,8.6,Sierra Entertainment,Tactical FPS,PC
F-Zero X,1998,85,E,8.7,Nintendo,Future Racing,Nintendo 64
Midnight Club II,2003,85,T,8.3,Rockstar Games,Auto Racing Sim,"PlayStation 2, PC, Xbox"
Tom Clancy's Splinter Cell: Double Agent,2006,85,M,7.7,Ubisoft Shanghai,Action Adventure,"Xbox, PlayStation 2, PlayStation 3, Xbox 360, Wii, PC"
Pillars of Eternity: Complete Edition,2017,85,M,7.1,Paradox Interactive,Western RPG,"Xbox One, PlayStation 4, Nintendo Switch"
Bravely Default,2014,85,T,8.4,Nintendo,JRPG,3DS
Paradigm,2017,85,N/A,7.2,N/A,Point-and-Click,PC
Onimusha 3: Demon Siege,2004,85,M,8.6,Capcom,Action Adventure,"PlayStation 2, PC"
Bug Fables: The Everlasting Sapling,2020,85,E,8.4,Moonsprout Games,RPG,"PC, Nintendo Switch, PlayStation 4, Xbox One"
Paranormasight: The Seven Mysteries of Honjo,2023,85,M,9.0,Xeen,Visual Novel,"iOS (iPhone/iPad), Nintendo Switch, PC"
Final Fantasy X-2,2003,85,T,7.2,Square Enix,JRPG,"PlayStation 2, PlayStation"
Battlerite,2017,85,N/A,7.2,N/A,MOBA,"PC, Xbox One"
Life is Strange,2015,85,M,8.6,DONTNOD Entertainment,Third-Person Adventure,"PlayStation 4, Xbox One, PC, PlayStation 3, Xbox 360, iOS (iPhone/iPad)"
Hotline Miami,2012,85,M,8.5,Devolver Digital,Linear Action Adventure,"PC, PlayStation 3, PlayStation, PlayStation 4, PlayStation 5, Xbox Series X"
Teenage Mutant Ninja Turtles: Shredder's Revenge,2022,85,E10+,8.0,Tribute Games,2D Beat-'Em-Up,"PC, Nintendo Switch, Xbox One, PlayStation 4, PlayStation 5, Xbox Series X, iOS (iPhone/iPad)"
Guitar Hero World Tour (2008),2008,85,T,7.0,Activision,Rhythm,"PlayStation 3, Xbox 360, PC, Wii, PlayStation 2"
Nioh: Bloodshed's End,2017,85,M,7.8,Team Ninja,Action RPG,PlayStation 4
Final Fantasy XV: Royal Edition,2018,85,T,7.5,Square Enix,Action RPG,"PlayStation 4, Xbox One, PC"
Giants: Citizen Kabuto,2000,85,M,8.3,Interplay,Third Person Shooter,"PC, PlayStation 2, Xbox"
Wizardry 8,2001,85,T,8.3,N/A,Western RPG,PC
Metal Slug X,2001,85,T,8.6,SNK,2D Platformer,"Nintendo Switch, Xbox One, PlayStation 4, PlayStation, iOS (iPhone/iPad), Game Boy Advance, PC"
Out of the Park Baseball 13,2012,85,N/A,8.2,Out Of The Park Developments,Baseball Sim,PC
Rocket League,2015,85,E,7.9,Psyonix,Soccer,"PlayStation 4, PC, Xbox One, Nintendo Switch"
Pure,2008,85,E,7.6,Disney Interactive Studios,Auto Racing,"PC, Xbox 360, PlayStation 3"
LocoRoco 2,2009,85,E,8.3,SCE Japan Studio,2D Platformer,PlayStation 4
The Lord of the Rings Online: Mines of Moria,2008,85,T,7.7,Turbine Inc.,MMORPG,PC
Control: Ultimate Edition,2021,85,M,7.8,Remedy Entertainment,Action Adventure,"PlayStation 5, Xbox Series X, PC, PlayStation 4, Xbox One, Nintendo Switch"
SoulCalibur IV,2008,85,T,7.5,Project Soul,3D Fighting,"PlayStation 3, Xbox 360"
The Forgotten City,2021,85,T,8.1,Dear Villagers,Action Adventure,"PC, Xbox One, PlayStation 4, Nintendo Switch, PlayStation 5, Xbox Series X"
Kingdom Hearts,2002,85,E,8.5,N/A,Action RPG,PlayStation 2
Metal Gear Solid Delta: Snake Eater,2025,85,M,7.7,Konami,Action Adventure,"PlayStation 5, Xbox Series X, PC"
Marvel's Spider-Man: Miles Morales,2020,85,T,7.6,Insomniac Games,Open-World Action,"PlayStation 5, PlayStation 4, PC"
Amnesia: The Dark Descent,2010,85,M,8.5,Frictional Games,Survival,PC
Forza Horizon,2012,85,T,8.7,Playground Games,Auto Racing Sim,Xbox 360
Chaos Reborn,2014,85,N/A,8.2,Snapshot Games Inc.,Turn-Based Strategy,"PC, iOS (iPhone/iPad)"
Batman: Arkham Shadow,2024,85,T,8.5,Camouflaj,Action Adventure,
Shadow Hearts: Covenant,2004,85,T,8.7,Midway,JRPG,PlayStation 2
Syphon Filter: Logan's Shadow,2007,85,T,8.0,N/A,Third Person Shooter,"PlayStation 2, PlayStation 5, PlayStation 4"
Clive Barker's Undying,2001,85,M,8.6,Electronic Arts,FPS,"PC, PlayStation 2"
Monkey Island 2 Special Edition: LeChuck's Revenge,2010,85,E10+,8.2,LucasArts,Point-and-Click,"PC, PlayStation 3, Xbox 360, iOS (iPhone/iPad)"
Fire Emblem: The Sacred Stones,2005,85,E,8.7,Intelligent Systems,Turn-Based Tactics,Game Boy Advance
Dark Souls: Prepare to Die Edition,2012,85,M,7.8,From Software,Action RPG,PC
Tunic,2022,85,N/A,7.9,Finji,Open-World Action,"PC, Xbox One, Xbox Series X, PlayStation 5, PlayStation 4, Nintendo Switch"
Shadow Tactics: Blades of the Shogun,2016,85,M,8.4,Daedalic Entertainment,Real-Time Tactics,"PlayStation 4, Xbox One, PC, PlayStation 5, Nintendo Switch"
Europa Universalis V,2025,85,N/A,8.3,Paradox Interactive,Real-Time Strategy,PC
Medieval II: Total War Kingdoms,2007,85,T,8.7,Creative Assembly,Real-Time Strategy,"PC, iOS (iPhone/iPad)"
Jusant,2023,85,E,7.6,DONTNOD Entertainment,Action Adventure,"Xbox Series X, PlayStation 5, PC"
Alan Wake II: Night Springs Expansion,2024,85,N/A,7.5,Remedy Entertainment,Survival,"Xbox Series X, PlayStation 5, PC"
The Legend of Zelda: Four Swords Anniversary Edition,2011,85,E10+,7.4,GREZZO,Action Adventure,
Resogun: Defenders,2015,85,E10+,7.2,Housemarque,Horizontal Shoot-'Em-Up,PlayStation 4
Shovel Knight,2014,85,E,8.1,Yacht Club Games,2D Platformer,"Wii U, 3DS, PC, PlayStation 4, PlayStation 3, PlayStation, Xbox One"
WWE SmackDown! Here Comes the Pain,2003,85,T,8.9,Yuke's,Wrestling,PlayStation 2
Pro Evolution Soccer 2017,2017,85,E,7.4,Konami,Soccer Sim,"iOS (iPhone/iPad), PlayStation 4, Xbox One, PC, PlayStation 3, Xbox 360"
Citizen Sleeper 2: Starward Vector,2025,85,N/A,7.5,Fellow Traveller,Western RPG,"PC, Xbox Series X, Nintendo Switch, PlayStation 5"
Nioh 2,2020,85,M,7.9,Team Ninja,Action RPG,PlayStation 4
Frozen Synapse,2011,85,N/A,7.5,Mode 7 Games,Turn-Based Tactics,"PC, iOS (iPhone/iPad)"
The Witcher 3: Wild Hunt - Complete Edition,2019,85,M,8.9,CD Projekt Red Studio,Action RPG,"Xbox One, PC, PlayStation 4, Nintendo Switch, PlayStation 5, Xbox Series X"
Freelancer,2003,85,T,8.9,Microsoft Game Studios,Space Combat Sim,PC
Guitar Hero 5,2009,85,T,6.8,Activision,Rhythm,"PlayStation 3, Xbox 360, Wii, PlayStation 2"
Octopath Traveler II,2023,85,T,8.3,Acquire,JRPG,"Nintendo Switch, PlayStation 5, PlayStation 4, PC, Xbox Series X, Xbox One"
Final Fantasy IV,2005,85,E10+,8.2,TOSE,JRPG,"PlayStation, Game Boy Advance"
Star Wars: Rogue Squadron 3D,1998,85,T,8.2,LucasArts,Space Combat Sim,"Nintendo 64, PC"
Oxygen Not Included,2017,85,N/A,8.2,N/A,Tycoon,PC
Professor Layton and the Curious Village,2008,85,E,8.3,Level 5,Point-and-Click,
AudioSurf,2008,85,N/A,8.0,N/A,Rhythm,PC
The Walking Dead: Episode 3 - Long Road Ahead,2012,85,M,8.3,Telltale Games,Point-and-Click,"iOS (iPhone/iPad), Xbox 360, PlayStation 3, PC"
STASIS: BONE TOTEM,2023,85,N/A,8.1,N/A,Point-and-Click,"PC, PlayStation 5, Xbox Series X, PlayStation 4, Nintendo Switch, Xbox One"
Forza Horizon 5: Hot Wheels,2022,85,N/A,7.6,Playground Games,Auto Racing Sim,"Xbox Series X, PC, Xbox One"
Yakuza 0,2017,85,M,8.8,Ryu ga Gotoku Studios,Open-World Action,"PlayStation 3, PlayStation 4, PC, Xbox One"
Super Mario 64,2004,85,E,8.4,Nintendo,3D Platformer,Nintendo 64
Cyberpunk 2077: Ultimate Edition,2025,85,M,8.7,CD Projekt Red Studio,Action RPG,"PlayStation 5, Xbox Series X, PC, Xbox One, Nintendo Switch"
Dead Rising,2006,85,M,7.5,Capcom,Open-World Action,"Xbox 360, PC, PlayStation 4, Xbox One"
MLB The Show 17,2017,85,E,6.9,Sony Interactive Entertainment,Baseball Sim,PlayStation 4
Death's Door,2021,85,N/A,8.1,Devolver Digital,Action Adventure,"Xbox Series X, Xbox One, PC, PlayStation 5, PlayStation 4, Nintendo Switch"
Destiny 2,2017,85,T,5.2,Bungie,FPS,"PlayStation 4, Xbox One, PC, Xbox Series X, PlayStation 5"
AMID EVIL,2019,85,N/A,7.6,Indefatigable,FPS,"PC, Nintendo Switch"
Mario Kart 7,2011,85,E,8.2,Retro Studios,Auto Racing,3DS
Halo: The Master Chief Collection,2014,85,M,7.8,343 Industries,Compilation,"Xbox One, PC, Xbox Series X"
Batman: The Enemy Within - Episode 5: Same Stitch,2018,85,N/A,7.7,Telltale Games,Point-and-Click,"Xbox One, PlayStation 4, PC, iOS (iPhone/iPad)"
Doki Doki Literature Club Plus!,2021,85,M,8.0,Serenity Forge,Visual Novel,"PlayStation 4, PC, Nintendo Switch, Xbox One, PlayStation 5, Xbox Series X"
Pikmin 3 Deluxe,2020,85,E10+,8.6,Nintendo,Real-Time Strategy,Nintendo Switch
Fire Emblem: Path of Radiance,2005,85,T,9.0,Intelligent Systems,Turn-Based Tactics,
Full Metal Furies,2018,85,N/A,7.0,Cellar Door Games,2D Beat-'Em-Up,"PC, Xbox One, Nintendo Switch"
Super Mega Baseball,2014,85,E,7.2,Metalhead Software,Baseball,"PlayStation 4, PlayStation 3, PC, Xbox One"
The Alters,2025,85,N/A,8.3,11 bit studios,Survival,"PC, Xbox Series X, PlayStation 5"
Boom Blox,2008,85,E,7.0,Electronic Arts,Puzzle,Wii
Madden NFL 08,2007,85,E,8.3,EA Tiburon,Football Sim,"Wii, Xbox 360, PlayStation 3, PlayStation 2, PC, Xbox"
BattleBlock Theater,2013,85,T,8.2,The Behemoth,2D Platformer,"Xbox 360, PC"
Pokemon Diamond Version,2007,85,E,8.1,Game Freak,Trainer RPG,
Ikaruga,2003,85,E,8.1,Atari SA,Vertical Shoot-'Em-Up,"Dreamcast, Xbox 360, PC, Nintendo Switch, PlayStation 4"
Yakuza Kiwami 2,2018,85,M,8.4,Ryu ga Gotoku Studios,Open-World Action,"PlayStation 4, PC, Xbox One, Nintendo Switch, PlayStation 5, Xbox Series X"
Borderlands: The Secret Armory of General Knoxx,2010,85,M,7.5,Gearbox Software,FPS,"PlayStation 3, PC, Xbox 360"
UFC Undisputed 3,2012,85,T,7.7,Yuke's,Wrestling,"PlayStation 3, Xbox 360"
Football Manager 2014,2014,85,E,5.8,Sports Interactive,Soccer Management,PC
AI: The Somnium Files - nirvanA Initiative,2022,85,M,8.4,Spike Chunsoft,Action Adventure,"PC, Nintendo Switch, Xbox One, PlayStation 4"
The Lord of the Rings: The Return of the King,2003,85,T,8.4,EA Games,3D Beat-'Em-Up,"PlayStation 2, Xbox, PC"
System Shock: Enhanced Edition,2015,85,M,8.6,Nightdive Studios,Action Adventure,PC
Metal Gear Solid: The Twin Snakes,2004,85,M,8.7,Konami,Action Adventure,
A Space For The Unbound,2023,85,T,7.8,Mojiken Studio,Adventure,"PC, PlayStation 4, Nintendo Switch, Xbox One, Xbox Series X, PlayStation 5, iOS (iPhone/iPad)"
Mortal Kombat XL,2016,85,M,7.8,NetherRealm Studios,2D Fighting,"Xbox One, PlayStation 4, PC"
Sid Meier's Civilization V: Brave New World,2013,85,E10+,8.5,Firaxis Games,4X Strategy,PC
Red Faction: Guerrilla,2009,85,M,7.7,Volition Inc.,Third Person Shooter,"PC, PlayStation 3, Xbox 360"
MLB The Show 16,2016,85,E,7.3,SCEA San Diego Studios,Baseball Sim,"PlayStation 4, PlayStation 3"
Football Manager 2021,2021,85,E,6.5,Sports Interactive,Soccer Management,"PC, Xbox One, Xbox Series X, iOS (iPhone/iPad)"
Valkyria Chronicles 4,2018,85,T,8.0,Sega,Turn-Based Tactics,"PlayStation 4, Xbox One, Nintendo Switch, PC"
Total War: Three Kingdoms,2019,85,T,7.5,Creative Assembly,Real-Time Strategy,PC
Thronebreaker: The Witcher Tales,2018,85,N/A,8.3,CD Projekt Red Studio,Card Battle,"iOS (iPhone/iPad), PC, Xbox One, PlayStation 4, Nintendo Switch"
Shadow Gambit: The Cursed Crew,2023,85,N/A,6.5,N/A,Real-Time Tactics,"PC, Xbox Series X, PlayStation 5, PlayStation 4"
American McGee's Alice,2000,85,M,8.0,Electronic Arts,3D Platformer,"PC, PlayStation 3, Xbox 360"
Turok: Dinosaur Hunter,1997,85,M,8.0,Acclaim,FPS,"PC, Nintendo 64"
Castlevania: Order of Ecclesia,2008,85,T,8.4,Konami,Metroidvania,
Batman: Arkham City - Armored Edition,2012,85,T,8.5,WB Games Montreal,Open-World Action,Wii U
Trials Evolution: Gold Edition,2013,85,E10+,7.0,Ubisoft,Arcade Racing,"PC, iOS (iPhone/iPad)"
Moss,2018,85,E10+,8.5,Sony Interactive Entertainment,Action Adventure,"PlayStation 4, PC, PlayStation 5"
Silent Hill 3,2003,85,M,8.7,Konami,Survival,"PlayStation 2, PC"
Outer Wilds,2019,85,E10+,8.9,Annapurna Interactive,Open-World Action,"PC, PlayStation 4, Xbox One, PlayStation 5, Xbox Series X, Nintendo Switch"
Tomb Raider: Definitive Edition,2014,85,M,8.1,Nixxes Software,Action Adventure,"iOS (iPhone/iPad), PlayStation 4, Xbox One, Nintendo Switch, PC"
Starcraft Remastered,2017,85,N/A,7.9,Blizzard Entertainment,Command RTS,PC
Planescape: Torment - Enhanced Edition,2017,85,T,7.6,Beamdog,Western RPG,"PC, PlayStation 4, Xbox One, Nintendo Switch"
Pyre,2017,85,E10+,7.9,Supergiant Games,RPG,"PlayStation 4, PC"
Manifold Garden,2019,85,E,7.7,William Chyr Studio LLC,Action Adventure,"PlayStation 4, PC, iOS (iPhone/iPad), Nintendo Switch, Xbox One, Xbox Series X, PlayStation 5"
inFamous,2009,85,T,8.2,Sucker Punch,Open-World Action,PlayStation 3
Star Wars: The Old Republic,2011,85,T,6.1,BioWare,MMORPG,PC
Far Cry 2,2008,85,M,6.6,Ubisoft Montreal,FPS,"PC, Xbox 360, PlayStation 3"
Crash Bandicoot 4: It's About Time,2020,85,E10+,8.0,Toys for Bob,3D Platformer,"PlayStation 4, Xbox One, Xbox Series X, Nintendo Switch, PlayStation 5, PC"
Kingdom Come: Deliverance II - Mysteria Ecclesiae,2025,85,N/A,8.0,Warhorse Studios,Action RPG,"PC, PlayStation 5, Xbox Series X"
Call of Duty: World at War,2008,84,M,8.0,Treyarch,FPS,"PC, PlayStation 3, Xbox 360, Wii"
Tactics Ogre: Reborn,2022,84,T,7.6,Square Enix,Turn-Based Tactics,"PlayStation 5, PlayStation 4, PC, Nintendo Switch"
Statik,2017,84,T,7.8,Tarsier Studios,First-Person Adventure,PlayStation 4
Keep Talking and Nobody Explodes,2018,84,E10+,7.6,N/A,Action Puzzle,"PC, PlayStation 4, Nintendo Switch, Xbox One, iOS (iPhone/iPad)"
Shantae: Half-Genie Hero - Ultimate Edition,2018,84,T,7.9,WayForward,2D Platformer,"Nintendo Switch, PlayStation 4, Xbox One, PC, PlayStation 5"
Valkyria Chronicles Remastered,2016,84,T,8.3,Sega,Turn-Based Tactics,"PlayStation 4, Nintendo Switch"
F1 2018,2018,84,E,7.8,Codemasters,Auto Racing Sim,"PlayStation 4, Xbox One, PC"
Disgaea: Afternoon of Darkness,2003,84,T,8.5,Nippon Ichi Software,Turn-Based Tactics,"PC, PlayStation 2"
Persona 4 Arena Ultimax,2014,84,T,7.7,Arc System Works,2D Fighting,"PlayStation 3, Xbox 360, PlayStation 4, PC, Nintendo Switch"
Crysis 2,2011,84,M,7.6,Crytek,FPS,"PC, PlayStation 3, Xbox 360"
Rare Replay,2015,84,M,8.0,Rare Ltd.,Compilation,Xbox One
Lonely Mountains: Downhill,2020,84,E10+,7.2,Image & Form,Biking,"PC, Nintendo Switch, PlayStation 4, Xbox One"
Anno 117: Pax Romana,2025,84,T,7.2,Ubisoft,Management,"PC, Xbox Series X, PlayStation 5"
Neverwinter Nights: Hordes of the Underdark,2003,84,T,8.2,BioWare,Western RPG,PC
Two Point Museum,2025,84,E,8.0,Two Point Studios,Tycoon,"PlayStation 5, Xbox Series X, PC, Nintendo Switch"
Middle-earth: Shadow of Mordor,2014,84,M,7.9,Monolith Productions,Open-World Action,"PlayStation 4, Xbox One, PlayStation 3, Xbox 360, PC"
SpaceChem,2011,84,N/A,8.3,Zachtronics Industries,Puzzle,PC
Viva Pinata,2006,84,E,7.9,Rare Ltd.,Virtual Life,"Xbox 360, PC"
Octopath Traveler 0,2025,84,T,7.6,DokiDoki Groove Works,JRPG,"Nintendo Switch, PlayStation 5, PlayStation 4, Xbox Series X, PC"
Horizon Zero Dawn: Complete Edition,2020,84,T,7.1,Virtuos,Open-World Action,"PlayStation 4, PC"
PlanetSide 2,2012,84,T,7.0,N/A,Tactical FPS,"PC, PlayStation 4"
Planet Coaster,2016,84,E,8.2,Frontier Developments,Tycoon,"PC, Xbox One, PlayStation 4, PlayStation 5, Xbox Series X"
Shovel Knight: Specter of Torment,2017,84,E,8.1,Yacht Club Games,2D Platformer,"3DS, PC, PlayStation 3, PlayStation 4, PlayStation, Wii U, Xbox One, Nintendo Switch"
Street Fighter X Tekken,2012,84,T,5.7,Capcom,2D Fighting,"Xbox 360, PlayStation 3, PC, PlayStation, iOS (iPhone/iPad)"
Guilty Gear Xrd -SIGN-,2014,84,T,8.1,Arc System Works,2D Fighting,"PlayStation 4, PlayStation 3, PC"
'Splosion Man,2009,84,E10+,7.2,Twisted Pixel Games,2D Platformer,Xbox 360
TxK,2014,84,E,7.4,Llamasoft,Top-Down Shoot-'Em-Up,PlayStation
F1 2021,2021,84,E,6.7,Codemasters,Auto Racing Sim,"PlayStation 5, Xbox Series X, PlayStation 4, Xbox One, PC"
FIFA 17,2016,84,E,6.3,EA Sports,Soccer Sim,"PlayStation 4, Xbox One, PC, PlayStation 3, Xbox 360"
GT Legends,2006,84,E,7.6,Viva Media,Auto Racing Sim,PC
F1 2010,2010,84,E,7.9,Codemasters,Auto Racing Sim,"PlayStation 3, Xbox 360, PC"
BlazBlue: Central Fiction,2016,84,T,7.8,Arc System Works,2D Fighting,"PC, PlayStation 4, PlayStation 3, Nintendo Switch"
Sound Shapes,2012,84,E,7.8,N/A,Rhythm,"PlayStation, PlayStation 3, PlayStation 4"
Gears 5,2019,84,M,8.2,The Coalition,Third Person Shooter,"Xbox One, PC, Xbox Series X"
MotorStorm,2007,84,T,7.5,N/A,Auto Racing Sim,PlayStation 3
The Case of the Golden Idol,2022,84,N/A,7.8,Playstack,Point-and-Click,"PC, Nintendo Switch, Xbox Series X, Xbox One, PlayStation 5"
God of War: Origins Collection,2011,84,M,8.8,N/A,Compilation,PlayStation 3
Salt and Sanctuary,2016,84,M,7.8,N/A,Metroidvania,"PlayStation 4, PlayStation, PC, Nintendo Switch, Xbox One"
Space Rangers 2: Rise of the Dominators,2006,84,T,8.8,1C Entertainment,RPG,PC
Tetris DS,2006,84,E,7.9,Nintendo,Stacking Puzzle,
Dark Souls Remastered,2018,84,M,8.4,QLOC,Action RPG,"Nintendo Switch, PC, Xbox One, PlayStation 4"
Shin Megami Tensei: Devil Survivor,2009,84,T,7.8,Atlus,Turn-Based Tactics,
Forza Motorsport,2023,84,E,6.8,Turn 10,Auto Racing Sim,"Xbox Series X, PC"
UFC Undisputed 2010,2010,84,T,6.8,Yuke's,Wrestling,"PlayStation 3, Xbox 360, iOS (iPhone/iPad)"
Monster Hunter Tri,2010,84,T,8.3,Capcom,Action RPG,"PlayStation 3, Wii"
Blasphemous 2,2023,84,M,8.3,The Game Kitchen,Metroidvania,"PC, Nintendo Switch, PlayStation 5, Xbox Series X, PlayStation 4, Xbox One"
Heroes of Might and Magic IV,2002,84,E,7.7,New World Computing,Turn-Based Strategy,PC
Shogun: Total War,2000,84,T,8.2,Creative Assembly,Turn-Based Strategy,PC
Deus Ex: Invisible War,2003,84,M,7.1,Eidos Interactive,Action Adventure,"PC, Xbox"
Hitman 2: Silent Assassin,2002,84,M,8.0,Io Interactive,Action Adventure,"PC, PlayStation 2, Xbox"
Assassin's Creed III,2012,84,M,7.1,Ubisoft,Open-World Action,"PlayStation 3, Xbox 360, Wii U, PC"
Shin Megami Tensei: Devil Survivor 2 Record Breaker,2015,84,T,8.6,Atlus,Turn-Based Tactics,3DS
Gears of War 4,2016,84,M,7.1,The Coalition,Third Person Shooter,"Xbox One, PC"
Halo 5: Guardians,2015,84,T,6.4,343 Industries,FPS,Xbox One
Lil Gator Game,2022,84,E,8.3,Playtonic Friends,Open-World Action,"PC, Nintendo Switch, PlayStation 5, Xbox Series X, Xbox One, PlayStation 4"
The Elder Scrolls V: Skyrim Special Edition,2017,84,M,8.3,Iron Galaxy Studios,Western RPG,"Nintendo Switch, PlayStation 4, Xbox One, PC, PlayStation 5"
Trine 2: Director's Cut,2012,84,E10+,8.0,"Frozenbyte, Inc.",2D Platformer,Wii U
Guitar Hero: Metallica,2009,84,T,8.3,Activision,Rhythm,"Xbox 360, PlayStation 2, PlayStation 3, Wii"
Guild Wars Factions,2006,84,T,8.4,NCSOFT,MMORPG,PC
Guacamelee!,2013,84,E10+,7.8,DrinkBox Studios,Metroidvania,"PlayStation, PlayStation 3"
Gorogoa,2017,84,N/A,8.2,Buried Signal,Puzzle,"PC, iOS (iPhone/iPad), Nintendo Switch, PlayStation 4, Xbox One"
No More Heroes 2: Desperate Struggle,2010,84,M,8.4,Grasshopper Manufacture,3D Beat-'Em-Up,"Wii, Nintendo Switch, PC"
Yakuza: Like a Dragon,2020,84,M,8.2,Ryu ga Gotoku Studios,JRPG,"PlayStation 4, Xbox Series X, PC, Xbox One, PlayStation 5"
NBA 2K14,2013,84,E,5.7,Visual Concepts,Basketball Sim,"PlayStation 3, Xbox 360, PlayStation 4, Xbox One, PC, iOS (iPhone/iPad)"
Darkest Dungeon,2015,84,N/A,7.9,Red Hook Studios,RPG,"PC, PlayStation 4, PlayStation, Nintendo Switch, Xbox One, iOS (iPhone/iPad)"
Sid Meier's Civilization Revolution,2008,84,E10+,7.7,Firaxis Games,Turn-Based Strategy,"iOS (iPhone/iPad), PlayStation 3, Xbox 360, Wii"
Spore,2008,84,E10+,7.5,Maxis,Strategy,PC
Red Matter 2,2022,84,N/A,7.8,N/A,First-Person Adventure,"PC, PlayStation 5"
Total War: WARHAMMER II - Rise of the Tomb Kings,2018,84,N/A,7.5,Creative Assembly,Real-Time Tactics,PC
Beacon Pines,2022,84,T,7.6,Fellow Traveller,Adventure,"PC, Xbox Series X, Xbox One, Nintendo Switch"
Nine Sols,2024,84,N/A,8.4,Red Candle Games,Metroidvania,"PC, PlayStation 5, Xbox Series X, Nintendo Switch, PlayStation 4, Xbox One"
Killzone 3,2011,84,M,8.1,Guerrilla,FPS,PlayStation 3
F1 2012,2012,84,E,7.1,Codemasters,Auto Racing Sim,"Xbox 360, PlayStation 3, PC"
Wargroove,2019,84,E10+,7.4,Chucklefish,Turn-Based Tactics,"Nintendo Switch, Xbox One, PC, PlayStation 4"
Stacking,2011,84,E10+,8.0,Double Fine Productions,Third-Person Adventure,"PlayStation 3, Xbox 360, PC"
Thumper,2016,84,E10+,7.3,Drool,Rhythm,"PC, PlayStation 4, Nintendo Switch, Xbox One, PlayStation 5"
Professor Layton and the Diabolical Box,2009,84,E10+,8.3,Level 5,Point-and-Click,
Silent Hill 2: Restless Dreams,2001,84,M,9.1,Konami,Survival,Xbox
Frostpunk,2018,84,M,8.3,11 bit studios,Management,"PC, PlayStation 4, Xbox One"
Streets of Rage 4,2020,84,T,8.1,Lizardcube,2D Beat-'Em-Up,"PlayStation 4, Xbox One, Nintendo Switch, PC, iOS (iPhone/iPad)"
Crysis Warhead,2008,84,M,7.8,Crytek,FPS,PC
Devil May Cry 4,2008,84,M,8.0,Capcom,Linear Action Adventure,"PlayStation 3, Xbox 360, PC"
Uncharted: The Lost Legacy,2017,84,T,8.0,Naughty Dog,Linear Action Adventure,PlayStation 4
SoulCalibur VI,2018,84,T,7.7,Project Soul,3D Fighting,"PlayStation 4, Xbox One, PC"
Griftlands,2021,84,N/A,7.3,N/A,Card Battle,"PC, PlayStation 4, Xbox One, Nintendo Switch"
Hyper Light Drifter,2016,84,T,8.1,Heart Machine,Action RPG,"PC, PlayStation 4, PlayStation, Wii U, Xbox One, Nintendo Switch, iOS (iPhone/iPad)"
Inazuma Eleven: Victory Road,2025,84,N/A,8.5,Level 5,JRPG,"PC, 3DS, Nintendo Switch, PlayStation 4, PlayStation 5, Xbox Series X"
Dragon Quest III HD-2D Remake,2024,84,E10+,7.2,Artdink,JRPG,"Nintendo Switch, PlayStation 5, Xbox Series X, PC"
SimCity 4,2003,84,E,8.5,Maxis,Management,PC
Super Mario Advance,2001,84,E,7.7,Nintendo,2D Platformer,Game Boy Advance
Age of Mythology: The Titans,2003,84,T,8.9,Ensemble Studios,Real-Time Strategy,PC
Dead or Alive,1998,84,T,7.6,Team Ninja,3D Fighting,PlayStation
Magic: The Gathering Arena,2018,84,T,3.1,Wizards of the Coast,Card Battle,"PC, iOS (iPhone/iPad)"
Infernax,2022,84,M,7.6,Berzerk Studio,Metroidvania,"PC, Xbox Series X, Xbox One, Nintendo Switch, PlayStation 4"
Hogwarts Legacy,2023,84,T,8.1,Warner Bros. Interactive Entertainment,Western RPG,"PlayStation 5, Xbox Series X, PC, PlayStation 4, Xbox One, Nintendo Switch"
The Legend of Heroes: Trails through Daybreak,2024,84,T,7.8,Falcom,JRPG,"PlayStation 4, PlayStation 5, PC, Nintendo Switch"
Resident Evil Village,2021,84,M,8.4,Capcom,Survival,"PlayStation 5, Xbox Series X, PC, Xbox One, PlayStation 4, iOS (iPhone/iPad), Nintendo Switch"
Black Mesa,2012,84,N/A,8.7,N/A,FPS,PC
Rise of Nations: Rise of Legends,2006,84,T,8.2,Microsoft Game Studios,Real-Time Strategy,PC
Bulletstorm,2011,84,M,7.6,People Can Fly,FPS,"Xbox 360, PlayStation 3, PC"
Diablo IV: Vessel of Hatred,2024,84,N/A,4.4,Blizzard Entertainment,Action RPG,"PlayStation 5, Xbox Series X, PC, PlayStation 4, Xbox One"
Senua's Saga: Hellblade II - Enhanced,2025,84,M,7.1,Ninja Theory,Action Adventure,"PlayStation 5, PC, Xbox Series X"
Xenoblade Chronicles X,2015,84,T,8.7,Monolith Soft,Action RPG,Wii U
Ace Combat 5: The Unsung War,2004,84,T,8.9,Project Aces,Aircraft Combat Sim,"PlayStation 2, PlayStation 4"
Resogun,2013,84,E10+,7.8,Housemarque,Horizontal Shoot-'Em-Up,"PlayStation 4, PlayStation, PlayStation 3"
Viewfinder,2023,84,N/A,7.8,Thunderful,First-Person Adventure,"PlayStation 5, PC, PlayStation 4, Xbox Series X, Nintendo Switch"
SOMA,2015,84,M,8.4,Frictional Games,Survival,"PC, PlayStation 4, Xbox One, Nintendo Switch"
DEFCON: Everybody Dies,2006,84,T,7.8,Introversion,Real-Time Strategy,PC
Saints Row: The Third,2011,84,M,7.6,Volition Inc.,Open-World Action,"PC, PlayStation 3, Xbox 360"
Skate 2,2009,84,T,8.4,EA Games,Skating,"PlayStation 3, Xbox 360"
Bravely Default: Flying Fairy HD Remaster,2025,84,T,7.0,Cattle Call,JRPG,"Nintendo Switch, Xbox Series X, PC, Xbox One"
Pokemon Ultra Moon,2017,84,E,7.6,Game Freak,Trainer RPG,3DS
Borderlands,2009,84,M,7.7,Gearbox Software,FPS,"Xbox 360, PC, PlayStation 3"
Indigo Prophecy,2005,84,M,7.8,Quantic Dream,Third-Person Adventure,"PlayStation 2, PC, Xbox, PlayStation 4"
Madden NFL 11,2010,84,E,6.5,EA Tiburon,Football Sim,"PlayStation 2, Xbox 360, PlayStation 3, Wii, iOS (iPhone/iPad)"
Anomaly Agent,2024,84,N/A,8.7,N/A,2D Platformer,"PC, Nintendo Switch, Xbox One, PlayStation 5, PlayStation 4"
Thimbleweed Park,2017,84,N/A,8.1,Terrible Toybox,Point-and-Click,"Xbox One, PC, Nintendo Switch, PlayStation 4, iOS (iPhone/iPad)"
F1 2019,2019,84,E,7.6,Codemasters,Auto Racing Sim,"PlayStation 4, PC, Xbox One"
Mortal Kombat: Legacy Kollection,2025,84,M,5.5,Digital Eclipse,Compilation,"PlayStation 4, PlayStation 5, Nintendo Switch, PC, Xbox Series X, Xbox One"
The Legend of Zelda,2004,84,E,7.7,Nintendo,Open-World Action,Game Boy Advance
Battlefield Vietnam,2004,84,T,7.8,EA Games,FPS,PC
Baba Is You,2019,84,E,7.9,MP2 Games,Action Puzzle,"PC, Nintendo Switch, iOS (iPhone/iPad)"
Guild Wars Nightfall,2006,84,T,8.2,NCSOFT,MMORPG,PC
Disgaea 2: Dark Hero Days,2006,84,T,7.2,Nippon Ichi Software,Turn-Based Tactics,"PC, PlayStation 2"
Oddworld: Abe's Oddysee - New 'n' Tasty,2014,84,T,7.7,Just Add Water,2D Platformer,"PC, Xbox 360, PlayStation 3, PlayStation, PlayStation 4, Wii U, Xbox One, Nintendo Switch, iOS (iPhone/iPad)"
The Binding of Isaac,2011,84,N/A,8.2,Edmund McMillen,Top-Down Shoot-'Em-Up,PC
Enemy Territory: Quake Wars,2007,84,T,8.1,Activision,FPS,"Xbox 360, PC, PlayStation 3"
FIFA 14,2013,84,E,5.4,EA Sports,Soccer Sim,"Xbox 360, PlayStation 3, PC, PlayStation, Xbox One, PlayStation 4, PlayStation 2, Wii, iOS (iPhone/iPad), 3DS"
Ultra Street Fighter IV,2014,84,T,7.6,Capcom,2D Fighting,"PlayStation 3, Xbox 360, PC, PlayStation 4"
Trine 2,2011,84,E10+,8.3,"Frozenbyte, Inc.",2D Platformer,"PlayStation 3, PC, Xbox 360"
Timespinner,2019,84,T,6.8,Lunar Ray Games,Metroidvania,"PC, PlayStation, PlayStation 4, Xbox One, Nintendo Switch"
Telling Lies,2019,84,M,5.9,Sam Barlow,Visual Novel,"PC, iOS (iPhone/iPad), PlayStation 4, Nintendo Switch, Xbox One"
Zero Escape: Virtue's Last Reward,2012,84,M,8.7,Aksys Games,Visual Novel,"3DS, PlayStation"
Hitman - Episode 2: Sapienza,2016,84,N/A,7.0,Io Interactive,Action Adventure,"PC, PlayStation 4, Xbox One"
BioShock: The Collection,2016,84,M,8.6,2K Games,Compilation,"PlayStation 4, Xbox One, PC, Nintendo Switch"
The Wolf Among Us: Episode 5 - Cry Wolf,2014,84,M,8.7,Telltale Games,Point-and-Click,"PC, PlayStation 3, Xbox 360, iOS (iPhone/iPad)"
Child of Eden,2011,84,E10+,7.9,Ubisoft,Rail Shooter,"PlayStation 3, Xbox 360"
Sid Meier's Civilization IV: Warlords,2006,84,E10+,8.2,Firaxis Games,4X Strategy,PC
Crow Country,2024,84,N/A,8.0,SFB Games,Survival,"PlayStation 5, PC, Xbox Series X, PlayStation 4, Xbox One, Nintendo Switch"
Unsighted,2021,84,T,7.7,Studio Pixel Punk,Action RPG,"PC, Nintendo Switch, PlayStation 4, Xbox One"
Master of Orion II: Battle at Antares,1996,84,K-A,8.8,SimTex,4X Strategy,PC
Resident Evil 4 HD,2011,84,M,8.4,Capcom,Survival,"Xbox One, Nintendo Switch, PlayStation 4, Xbox 360, PlayStation 3, PC"
Final Fantasy Pixel Remaster: FF35th Anniversary Edition,2023,84,T,7.9,Square Enix,Compilation,"PlayStation 4, Nintendo Switch"
FIFA 16,2015,84,E,5.0,EA Sports,Soccer Sim,"PlayStation 4, Xbox One, PC, Xbox 360, PlayStation 3, iOS (iPhone/iPad)"
Vanquish,2010,84,M,7.6,PlatinumGames,Third Person Shooter,"PlayStation 3, Xbox 360, PC, PlayStation 4, Xbox One"
Super Mario RPG,2023,84,E,8.0,ArtePiazza,JRPG,Nintendo Switch
Shin Megami Tensei IV: Apocalypse,2016,84,M,8.4,Atlus,JRPG,3DS
Football Manager 2024,2024,84,E,7.4,Sports Interactive,Soccer Management,"PC, Xbox Series X, Xbox One, PlayStation 5, iOS (iPhone/iPad), Nintendo Switch"
Darwinia+,2005,84,E,7.2,Introversion,Real-Time Strategy,"PC, Xbox 360"
Prodeus,2022,84,N/A,7.7,Bounding Box Software,FPS,"PC, Nintendo Switch, PlayStation 5, PlayStation 4, Xbox Series X, Xbox One"
Ghost of Tsushima: Iki Island,2021,84,N/A,8.4,Sucker Punch,Open-World Action,"PlayStation 5, PlayStation 4"
Onimusha 2: Samurai's Destiny,2002,84,M,8.4,Capcom,Action Adventure,PlayStation 2
Ultimate General: Gettysburg,2014,84,N/A,8.0,Game-Labs,Real-Time Tactics,"PC, iOS (iPhone/iPad), Nintendo Switch, PlayStation 4, Xbox One, PlayStation 5"
Trine 2: Complete Story,2013,84,E10+,7.6,"Frozenbyte, Inc.",2D Platformer,"PlayStation 4, PC, Nintendo Switch"
Jak 3,2004,84,T,8.7,Naughty Dog,3D Platformer,"PlayStation 2, PlayStation 4"
Assassin's Creed Origins: The Curse of the Pharaohs,2018,83,M,7.2,Ubisoft Sofia,Open-World Action,"Xbox One, PC, PlayStation 4"
Two Point Hospital,2018,83,E10+,7.6,Two Point Studios,Tycoon,"PC, PlayStation 4, Xbox One, Nintendo Switch"
DmC: Devil May Cry Definitive Edition,2015,83,M,7.4,QLOC,Linear Action Adventure,"PlayStation 4, Xbox One"
BlazBlue: Chrono Phantasma,2014,83,T,8.3,Arc System Works,2D Fighting,"PlayStation 3, PlayStation"
Ghost of Tsushima,2020,83,M,9.1,Sucker Punch,Open-World Action,PlayStation 4
Resident Evil 0,2002,83,M,7.8,Capcom,Survival,Wii
MDK2,2000,83,T,7.8,BioWare,Third Person Shooter,"PlayStation 2, Dreamcast, PC, Wii"
Detention,2017,83,M,8.0,Red Candle Games,Adventure,"PC, PlayStation 4, Nintendo Switch, iOS (iPhone/iPad)"
Sly 3: Honor Among Thieves,2005,83,E10+,8.8,Sucker Punch,3D Platformer,"PlayStation 2, PlayStation 3, PlayStation, PlayStation 5, PlayStation 4"
Anno 2070,2011,83,T,7.2,Blue Byte,Management,PC
The Yakuza Remastered Collection,2019,83,M,8.0,Ryu ga Gotoku Studios,Compilation,"PlayStation 4, Xbox One, PC"
Astro's Playroom,2020,83,E10+,9.0,Team Asobi,3D Platformer,PlayStation 5
Laika: Aged Through Blood,2023,83,N/A,7.5,Headup Games,Metroidvania,"PC, Nintendo Switch, PlayStation 5, PlayStation 4, Xbox Series X, Xbox One"
Persona 5 Strikers,2021,83,M,7.8,Omega Force,Action RPG,"Nintendo Switch, PlayStation 4, PC"
Guacamelee! 2,2018,83,E10+,8.0,DrinkBox Studios,Metroidvania,"PlayStation 4, PC, Nintendo Switch, Xbox One"
Darksiders II,2012,83,M,8.1,THQ,Open-World Action,"Xbox 360, PlayStation 3, PC, Wii U"
Final Fantasy IV Pixel Remaster,2021,83,E10+,8.0,TOSE,JRPG,"PC, iOS (iPhone/iPad), Nintendo Switch, PlayStation 4, Xbox Series X"
Red Dead Redemption and Undead Nightmare,2023,83,M,6.6,Double Eleven,Open-World Action,"PlayStation 4, Nintendo Switch, iOS (iPhone/iPad), Xbox Series X, PlayStation 5, Xbox One"
Metro Exodus: Enhanced Edition,2021,83,M,8.1,4A Games,FPS,"Xbox Series X, PlayStation 5, Xbox One, PC"
Bloodstained: Ritual of the Night,2019,83,T,8.3,ArtPlay,Metroidvania,"PC, Xbox One, PlayStation 4, Wii U, PlayStation, Nintendo Switch, iOS (iPhone/iPad)"
Fallout 3: Point Lookout,2009,83,M,7.9,Bethesda Game Studios,Western RPG,"PC, Xbox 360, PlayStation 3"
EA Sports College Football 25,2024,83,E,5.6,Electronic Arts,Football Sim,"PlayStation 5, Xbox Series X, Xbox One"
No More Heroes,2008,83,M,8.4,Grasshopper Manufacture,3D Beat-'Em-Up,"Wii, Nintendo Switch, PC"
Shin Megami Tensei IV,2013,83,M,8.5,Atlus,JRPG,3DS
Homeworld 2,2003,83,T,8.7,Relic Entertainment,Real-Time Strategy,PC
Halo 3: ODST,2009,83,M,7.7,Bungie,FPS,Xbox 360
Ghost Trick: Phantom Detective,2011,83,T,7.9,Capcom,Adventure,"iOS (iPhone/iPad), Nintendo Switch, PC, Xbox One, PlayStation 4"
Age of Wonders 4,2023,83,T,7.5,Triumph Studios,4X Strategy,"PlayStation 5, Xbox Series X, PC"
Tony Hawk's Underground 2 Remix,2004,83,T,8.4,Activision,Skating,"PlayStation 2, Xbox, PC, Game Boy Advance"
Persona Q: Shadow of the Labyrinth,2014,83,M,7.6,Atlus,JRPG,3DS
DiRT,2007,83,E,7.6,Codemasters,Auto Racing Sim,"PC, Xbox 360, PlayStation 3"
Kingdom Hearts III,2019,83,E10+,7.9,Square Enix,Action RPG,"Xbox One, PlayStation 4"
Resident Evil 5,2009,83,M,7.2,Capcom,Survival,"Xbox 360, PlayStation 3, PC, PlayStation 4, Xbox One, Nintendo Switch, Xbox Series X"
Call of Duty: Black Ops II,2012,83,M,6.1,Treyarch,FPS,"PlayStation 3, Xbox 360, PC, Wii U"
Resident Evil HD Remaster,2015,83,M,8.6,Capcom,Survival,"Nintendo Switch, PlayStation 3, Xbox 360, PlayStation 4, Xbox One, PC"
This War of Mine,2014,83,N/A,8.2,11 bit studios,Survival,"PC, iOS (iPhone/iPad), PlayStation 4, Xbox One"
Strange Horticulture,2022,83,N/A,6.9,Iceberg Interactive,Adventure,"PC, Nintendo Switch, Xbox Series X, Xbox One, PlayStation 4, iOS (iPhone/iPad)"
Red Dead Redemption Featuring Undead Nightmare,2024,83,M,8.1,Rockstar Games,Open-World Action,PC
The Elder Scrolls Online: Summerset,2018,83,M,6.2,ZeniMax Media,MMORPG,"PC, Xbox One, PlayStation 4"
Sine Mora,2012,83,M,7.3,Grasshopper Manufacture,Horizontal Shoot-'Em-Up,"PlayStation 3, Xbox 360, PC, PlayStation, iOS (iPhone/iPad)"
Battlefield 6,2025,83,M,6.8,Electronic Arts,Tactical FPS,"PlayStation 5, Xbox Series X, PC"
Retro City Rampage DX,2014,83,T,7.4,N/A,Open-World Action,"3DS, PlayStation 4, PlayStation 3, PlayStation, PC, iOS (iPhone/iPad), Nintendo Switch, Xbox 360, Wii"
Need for Speed: Shift,2009,83,E,6.6,Slightly Mad Studios,Auto Racing Sim,"PC, PlayStation 3, Xbox 360"
Cassette Beasts,2023,83,N/A,8.4,Bytten Studio,Trainer RPG,"PC, Nintendo Switch, Xbox One, Xbox Series X, iOS (iPhone/iPad)"
Call of Duty: Modern Warfare Remastered,2016,83,M,7.4,Infinity Ward,Tactical FPS,"PC, PlayStation 4, Xbox One"
MLB The Show 20,2020,83,E,6.7,SCEA San Diego Studios,Baseball Sim,PlayStation 4
Hearts of Iron II,2005,83,E,8.3,Paradox Development Studio,Real-Time Strategy,PC
Ring Fit Adventure,2019,83,E10+,8.5,Nintendo,Exercise,Nintendo Switch
World of Warcraft: Midnight,2026,83,N/A,4.9,Blizzard Entertainment,MMORPG,PC
TimeSplitters: Future Perfect,2005,83,M,8.4,EA Games,FPS,"PlayStation 2, Xbox, PlayStation 5, PlayStation 4"
Project CARS,2015,83,E,7.2,Slightly Mad Studios,Auto Racing Sim,"PC, PlayStation 4, Wii U, Xbox One"
Two Point Campus,2022,83,T,7.3,Two Point Studios,Tycoon,"PC, Nintendo Switch, Xbox Series X, PlayStation 5, Xbox One, PlayStation 4"
Duck Game,2019,83,E10+,8.3,Adult Swim,2D Platformer,"PC, PlayStation 4, Nintendo Switch"
Age of Empires,1997,83,T,8.5,Ensemble Studios,Command RTS,"PC, PlayStation, Dreamcast"
Danganronpa Decadence,2021,83,M,8.5,Spike Chunsoft,Compilation,Nintendo Switch
Transistor,2014,83,T,8.2,Supergiant Games,Action RPG,"PC, PlayStation 4, iOS (iPhone/iPad), Nintendo Switch"
Lumines: Electronic Symphony,2012,83,E,7.8,Ubisoft,Matching Puzzle,PlayStation
Stray,2022,83,E10+,8.3,Annapurna Interactive,Action Adventure,"PlayStation 5, PC, PlayStation 4, Xbox Series X, Xbox One, Nintendo Switch"
Crackdown,2007,83,M,7.2,Microsoft Game Studios,Open-World Action,Xbox 360
World of Goo 2,2024,83,T,7.1,N/A,Action Puzzle,"PC, Nintendo Switch, PlayStation 5, iOS (iPhone/iPad)"
Age of Mythology: Retold,2024,83,T,7.8,Xbox Game Studios,Real-Time Strategy,"PC, Xbox Series X, PlayStation 5"
Dead Rising Deluxe Remaster,2024,83,M,5.4,Capcom,Survival,"PlayStation 5, Xbox Series X, PC"
Spider-Man 2,2004,83,T,7.7,Treyarch,Open-World Action,"PlayStation 2, Xbox"
Xenosaga Episode I: Der Wille zur Macht,2003,83,T,8.6,Monolith Soft,JRPG,PlayStation 2
NHL 13,2012,83,E10+,6.6,Electronic Arts,Hockey Sim,"Xbox 360, PlayStation 3"
Fallout: New Vegas - Old World Blues,2011,83,M,8.0,Obsidian Entertainment,Western RPG,"PC, Xbox 360, PlayStation 3"
Resistance 3,2011,83,M,7.9,Insomniac Games,FPS,PlayStation 3
Orcs Must Die! 2,2012,83,T,7.8,Robot Entertainment,Defense,PC
Metro Redux,2014,83,M,8.1,4A Games,Compilation,"PlayStation 4, Xbox One, PC, Nintendo Switch"
Octopath Traveler,2018,83,T,8.2,Acquire,JRPG,"Nintendo Switch, PC, Xbox One, PlayStation 5, PlayStation 4, Xbox Series X"
Persona 2: Eternal Punishment,2000,83,T,7.6,Atlus,JRPG,PlayStation
The Riftbreaker,2021,83,T,8.1,EXOR Studios,Action RPG,"PlayStation 4, Xbox One, PC, PlayStation 5, Xbox Series X"
Darksiders,2010,83,M,7.8,THQ,Open-World Action,"Xbox 360, PlayStation 3, PC"
Starfield,2023,83,M,6.8,Bethesda Game Studios,Western RPG,"PC, Xbox Series X, PlayStation 5"
Monaco: What's Yours Is Mine,2013,83,T,7.7,Pocketwatch Games,Action Adventure,"Nintendo Switch, PC, Xbox 360"
Castle Crashers Remastered,2015,83,T,8.4,The Behemoth,2D Beat-'Em-Up,"Xbox One, Nintendo Switch, PlayStation 4"
Moss: Book II,2022,83,E10+,7.5,N/A,Action Adventure,"PlayStation 4, PC, PlayStation 5"
Rogue Galaxy,2007,83,T,8.2,Level 5,Action RPG,"PlayStation 2, PlayStation 4"
inFamous 2,2011,83,T,8.6,Sucker Punch,Open-World Action,PlayStation 3
Yakuza 5,2015,83,M,8.6,Ryu ga Gotoku Studios,Open-World Action,PlayStation 3
No Man's Sky Beyond,2019,83,T,8.1,Hello Games,Open-World Action,"PlayStation 4, Xbox One, PC"
MLB The Show 25,2025,83,E,5.3,Sony Interactive Entertainment,Baseball Sim,"PlayStation 5, Xbox Series X, Nintendo Switch"
Zero Escape: Zero Time Dilemma,2016,83,M,8.0,Chime,Visual Novel,"3DS, PlayStation, PC, PlayStation 4, Xbox One"
GRIS,2018,83,E,8.1,Nomada Studio,2D Platformer,"PC, Nintendo Switch, iOS (iPhone/iPad), PlayStation 4, PlayStation 5, Xbox Series X, Xbox One"
The Sexy Brutale,2017,83,T,7.9,Cavalier Game Studios,Adventure,"PC, PlayStation 4, Xbox One, Nintendo Switch"
FIFA 19,2018,83,E,2.9,EA Sports,Soccer Sim,"Xbox One, PlayStation 4, PC, Nintendo Switch, PlayStation 3, Xbox 360"
Ape Out,2019,83,N/A,7.0,Gabe Cuzzillo,Top-Down Shoot-'Em-Up,"PC, Nintendo Switch, Xbox One"
Sonic Advance 2,2003,83,E,7.7,Dimps Corporation,2D Platformer,Game Boy Advance
Valdis Story: Abyssal City,2013,83,N/A,8.0,N/A,2D Platformer,PC
Professor Layton and the Last Specter,2011,83,E10+,8.2,Level 5,Puzzle,
NBA 2K15,2014,83,E,6.9,Visual Concepts,Basketball Sim,"PlayStation 4, PlayStation 3, Xbox One, Xbox 360, PC, iOS (iPhone/iPad)"
Danganronpa 1-2 Reload,2017,83,M,8.5,Spike Chunsoft,Compilation,"PlayStation, PlayStation 4"
Story of Seasons: Grand Bazaar,2025,83,E,8.6,Marvelous Inc.,Virtual Life,"Nintendo Switch, PC, Xbox Series X, PlayStation 5"
MIO: Memories in Orbit,2026,83,E10+,7.7,Focus Entertainment,Metroidvania,"Nintendo Switch, PC, PlayStation 5, Xbox Series X"
Xenoblade Chronicles 2,2017,83,T,8.5,Monolith Soft,Action RPG,Nintendo Switch
Madden NFL 16,2015,83,E,5.8,EA Sports,Football Sim,"PlayStation 4, Xbox One, Xbox 360, PlayStation 3"
World of Warcraft: Shadowlands,2020,83,T,4.7,Blizzard Entertainment,MMORPG,PC
RACE 07: Official WTCC Game,2007,83,E,7.7,Viva Media,Auto Racing Sim,PC
Advance Wars 1 + 2: Re-Boot Camp,2023,83,E10+,8.1,WayForward,Turn-Based Tactics,Nintendo Switch
Shadow Tactics: Blades of the Shogun - Aiko's Choice,2021,83,N/A,8.1,Daedalic Entertainment,Real-Time Tactics,"PC, PlayStation 5, Xbox Series X, Nintendo Switch"
2010 FIFA World Cup South Africa,2010,83,E,8.0,Electronic Arts,Soccer Sim,"Xbox 360, PlayStation 3, Wii, iOS (iPhone/iPad)"
Gravity Rush,2012,83,T,8.6,SCE Japan Studio,Open-World Action,PlayStation
Horizon Zero Dawn: The Frozen Wilds,2017,83,T,8.0,Guerrilla,Open-World Action,PlayStation 4
Rhythm Heaven Fever,2012,83,E,8.5,Nintendo,Rhythm,Wii
Ninja Gaiden Sigma 2,2009,83,M,7.7,Team Ninja,Action Adventure,"PlayStation 3, PC, PlayStation"
Rhythm Heaven,2009,83,E,8.3,Nintendo,Rhythm,
Collection of Mana,2019,83,E10+,7.9,M2,Compilation,Nintendo Switch
Path of Exile: The Fall of Oriath,2017,83,M,6.7,Grinding Gear Games,Action RPG,"Xbox One, PC"
The Legend of Heroes: Trails in the Sky the 3rd,2017,83,N/A,8.1,Falcom,JRPG,PC
SANABI,2023,83,N/A,8.4,Neowiz,2D Platformer,"PC, Nintendo Switch"
MiSide,2024,83,N/A,7.9,N/A,Adventure,PC
Pistol Whip,2019,83,N/A,7.7,Cloudhead Games,Light Gun,"PC, PlayStation 4, PlayStation 5"
Hypnospace Outlaw,2019,83,T,7.2,No More Robots,Point-and-Click,"PC, Nintendo Switch, PlayStation 4, Xbox One"
Final Fantasy V,2006,83,E,8.0,TOSE,JRPG,"PlayStation, iOS (iPhone/iPad), PC, Game Boy Advance"
Pokemon Legends: Arceus,2022,83,E,8.0,Game Freak,Trainer RPG,Nintendo Switch
Kirby Mass Attack,2011,83,E,7.9,HAL Labs,2D Platformer,
Alan Wake,2010,83,T,8.1,Remedy Entertainment,Survival,"PC, Xbox 360"
Sonic the Hedgehog 2,2020,83,E,8.2,M2,2D Platformer,"3DS, Nintendo Switch, Xbox 360, iOS (iPhone/iPad), PC, PlayStation 3"
Katana ZERO,2019,83,M,8.5,Devolver Digital,2D Platformer,"PC, PlayStation 4, Nintendo Switch, Xbox One"
Mortal Kombat 1,2023,83,M,6.6,NetherRealm Studios,2D Fighting,"PlayStation 5, Xbox Series X, Nintendo Switch, PC"
Dragon Quest VII Reimagined,2026,83,E10+,7.6,HexaDrive,JRPG,"Nintendo Switch, Xbox Series X, PlayStation 5, PC"
Killer Queen Black,2019,83,E10+,8.1,Liquid Bit,Arcade,"Nintendo Switch, PC, Xbox One"
Def Jam: Fight for NY,2004,83,M,8.9,Aki Corp.,3D Fighting,"Xbox, PlayStation 2"
The Plucky Squire,2024,83,N/A,7.3,Devolver Digital,Action Adventure,"PC, PlayStation 5, Xbox Series X, Nintendo Switch"
Broforce,2015,83,M,7.9,Devolver Digital,2D Platformer,"PC, PlayStation 4, PlayStation, Nintendo Switch, Xbox Series X, Xbox One"
Dust: An Elysian Tail,2012,83,E10+,8.1,Microsoft Game Studios,Metroidvania,"Xbox 360, PC, PlayStation 4, iOS (iPhone/iPad), Nintendo Switch"
Battlefield: Bad Company,2008,83,T,7.6,EA DICE,FPS,"Xbox 360, PlayStation 3"
Myst III: Exile,2001,83,E,8.1,Ubisoft,First-Person Adventure,"Xbox, PC, PlayStation 2"
Ace Combat 2,1997,83,T,8.7,Namco,Aircraft Combat Sim,PlayStation
Grounded,2022,83,T,7.8,Obsidian Entertainment,Sandbox,"Xbox One, PC, Xbox Series X, Nintendo Switch, PlayStation 5, PlayStation 4"
Sid Meier's Civilization IV: Colonization,2008,83,E10+,7.4,Firaxis Games,4X Strategy,PC
Steel Division: Normandy 44,2017,83,N/A,7.8,Eugen Systems,Real-Time Tactics,PC
Hearts of Iron IV,2016,83,N/A,7.8,Paradox Development Studio,Real-Time Strategy,PC
Skylanders Swap Force,2013,83,E10+,7.4,Vicarious Visions,3D Platformer,"Xbox 360, PlayStation 3, Wii U, 3DS, Wii, Xbox One, PlayStation 4"
Yoku's Island Express,2018,83,E10+,7.5,N/A,Metroidvania,"PC, Nintendo Switch, PlayStation 4, Xbox One"
Europa Universalis III,2007,83,E,8.6,Paradox Development Studio,Strategy,PC
Rhythm Heaven Megamix,2016,83,E,8.3,Nintendo,Rhythm,3DS
Door Kickers,2014,83,N/A,7.7,KillHouse Games,Real-Time Tactics,"PC, iOS (iPhone/iPad), Nintendo Switch"
The Last Campfire,2020,83,E,7.7,Hello Games,Action Puzzle,"PC, Nintendo Switch, PlayStation 4, Xbox One, iOS (iPhone/iPad)"
Iconoclasts,2018,83,T,7.0,N/A,Metroidvania,"PC, PlayStation 4, PlayStation, Nintendo Switch, Xbox One"
Pokemon Platinum Version,2009,83,E,8.9,Game Freak,Trainer RPG,
Assassin's Creed Odyssey,2018,83,M,6.9,Ubisoft Quebec,Open-World Action,"PlayStation 4, Xbox One, PC, Nintendo Switch"
Valkyria Chronicles II,2010,83,T,8.3,Sega,Turn-Based Tactics,
Metal Gear Solid Integral,2000,83,M,8.9,Digital Dialect,Action Adventure,"PC, PlayStation"
Breath of Fire IV,2000,83,T,8.3,Capcom,JRPG,"PlayStation, PC"
BlazBlue: Continuum Shift Extend,2012,83,T,7.6,Arc System Works,2D Fighting,"PlayStation, Xbox 360, PlayStation 3, PC"
Gears of War: Ultimate Edition,2015,82,M,7.8,The Coalition,Third Person Shooter,"Xbox One, PC"
Islets,2022,82,E10+,8.0,Armor Games,Metroidvania,"PC, Nintendo Switch, Xbox Series X, Xbox One, PlayStation 5, PlayStation 4"
The Book of Unwritten Tales,2011,82,T,8.3,KING Art,Adventure,PC
Helldivers 2,2024,82,M,7.5,Sony Interactive Entertainment,Third Person Shooter,"PC, PlayStation 5, Xbox Series X"
Ys: Memories of Celceta,2013,82,T,8.7,Falcom,Action RPG,"PlayStation, PC, PlayStation 4"
BioShock 2: Minerva's Den,2010,82,M,8.4,2K Games,FPS,"PlayStation 3, Xbox 360, PC"
Street Fighter V: Champion Edition,2020,82,T,6.3,Capcom,2D Fighting,"PlayStation 4, PC"
Pokemon Alpha Sapphire,2014,82,E,7.7,Game Freak,Trainer RPG,3DS
Pinball FX3,2017,82,E10+,7.6,Zen Studios,Pinball,"PC, PlayStation 4, Xbox One, Nintendo Switch"
Call of Duty: Black Ops 6,2024,82,M,6.1,Treyarch,Tactical FPS,"Xbox Series X, PlayStation 5, PC, PlayStation 4, Xbox One"
Lost Judgment,2021,82,M,8.5,Ryu ga Gotoku Studios,Open-World Action,"PlayStation 5, Xbox Series X, PlayStation 4, Xbox One, PC"
Cave Story 3D,2011,82,E10+,8.0,Nicalis,Metroidvania,3DS
Kentucky Route Zero - Act II,2013,82,N/A,7.9,N/A,Adventure,PC
Not For Broadcast,2022,82,N/A,8.1,NotGames,Virtual Career,"PC, Xbox One, PlayStation 4"
Dead Space: Extraction,2009,82,M,7.5,Electronic Arts,Light Gun,"Wii, PlayStation 3"
Project CARS 2,2017,82,E,6.2,Slightly Mad Studios,Auto Racing Sim,"PC, PlayStation 4, Xbox One"
Football Manager 2018,2018,82,N/A,6.2,Sports Interactive,Football Sim,PC
Resident Evil: Revelations,2012,82,M,8.1,Capcom,Survival,"3DS, PlayStation 3, PC, Xbox 360, Wii U, Xbox One, PlayStation 4, Nintendo Switch"
SUPERHOT,2016,82,T,7.6,SUPERHOT,FPS,"PC, Xbox One, PlayStation 4, Nintendo Switch"
Pokemon Ruby Version,2003,82,E,8.3,Game Freak,Trainer RPG,Game Boy Advance
Professor Layton and the Miracle Mask,2012,82,E10+,8.1,Level 5,Puzzle,3DS
Yakuza 5 Remastered,2020,82,M,7.9,Ryu ga Gotoku Studios,Open-World Action,"PlayStation 4, Xbox One, PC"
The Pinball Arcade,2013,82,E10+,6.8,Farsight Studios,Pinball,"PlayStation 3, PlayStation, Xbox 360, PlayStation 4, iOS (iPhone/iPad), PC, Xbox One, Wii U, Nintendo Switch"
Monster Hunter 3 Ultimate,2013,82,T,8.3,Capcom,Action RPG,"3DS, Wii U"
Tom Clancy's The Division 2,2019,82,N/A,6.3,Massive Entertainment,Tactical Third Person Shooter,"PlayStation 4, Xbox One, PC"
Madden NFL 18,2017,82,E,3.7,Electronic Arts,Football Sim,"Xbox One, PlayStation 4"
Horizon Chase Turbo,2018,82,E,8.1,N/A,Auto Racing,"PlayStation 4, Nintendo Switch, PC, Xbox One, PlayStation"
Runbow,2015,82,E,7.4,13AM Games,2D Platformer,"Wii U, PC, Xbox One, PlayStation 4, Nintendo Switch, 3DS"
Madden NFL 17,2016,82,E,4.2,EA Sports,Football Sim,"PlayStation 3, PlayStation 4, Xbox One, Xbox 360"
CrossCode,2020,82,T,8.1,Radical Fish Games,Action RPG,"PC, Nintendo Switch, Xbox One, PlayStation 4, Xbox Series X, PlayStation 5"
Viva Pinata: Trouble in Paradise,2008,82,E,8.3,Rare Ltd.,Virtual Life,Xbox 360
Destiny 2: Forsaken,2018,82,T,6.5,Bungie,FPS,"PlayStation 4, PC, Xbox One"
Wylde Flowers,2022,82,N/A,8.5,N/A,Virtual Life,"iOS (iPhone/iPad), Nintendo Switch, PC, Xbox Series X, PlayStation 5"
F-Zero 99,2023,82,E,8.1,Nintendo,Future Racing,Nintendo Switch
Lovers in a Dangerous Spacetime,2015,82,E10+,7.4,N/A,Horizontal Shoot-'Em-Up,"PC, Xbox One, PlayStation 4, Nintendo Switch"
Shift 2: Unleashed,2011,82,E10+,6.7,Slightly Mad Studios,Auto Racing Sim,"iOS (iPhone/iPad), PC, Xbox 360, PlayStation 3"
Iron Brigade,2011,82,T,8.1,Double Fine Productions,Defense,"PC, Xbox 360"
WWE SmackDown! Shut Your Mouth,2002,82,T,8.4,Yuke's,Wrestling,PlayStation 2
Yooka-Laylee and the Impossible Lair,2019,82,E,7.1,Playtonic Games,2D Platformer,"PlayStation 4, Xbox One, Nintendo Switch, PC"
Hotline Miami Collection,2019,82,M,7.7,Abstraction Games,Compilation,"Nintendo Switch, PlayStation 4, Xbox One, PlayStation 5, Xbox Series X"
Sonic CD,2011,82,E,7.8,Sega,2D Platformer,"PlayStation 3, PC, Xbox 360, iOS (iPhone/iPad)"
Pro Evolution Soccer 2015,2015,82,E,7.1,Konami,Soccer Sim,"Xbox One, Xbox 360, PlayStation 3, PlayStation 4, PC"
Antichamber,2013,82,N/A,8.2,N/A,Puzzle,PC
The Murder of Sonic the Hedgehog,2023,82,E,8.5,Sega,Visual Novel,PC
Mega Man Powered Up,2006,82,E,8.2,Capcom,2D Platformer,
Neverwinter Nights 2,2006,82,T,7.4,Obsidian Entertainment,Western RPG,PC
Dark Souls III: The Ringed City,2017,82,M,8.7,From Software,Action RPG,"PlayStation 4, Xbox One, PC"
Hearthstone: Heroes of Warcraft - Blackrock Mountain,2015,82,N/A,5.2,Blizzard Entertainment,Card Battle,"PC, iOS (iPhone/iPad)"
Rome: Total War Barbarian Invasion,2005,82,T,8.3,Creative Assembly,Real-Time Strategy,"PC, iOS (iPhone/iPad)"
Marvel: Ultimate Alliance,2006,82,T,8.0,Activision,Action RPG,"Xbox 360, Xbox, PlayStation 2, PlayStation 3, Wii, PC, Game Boy Advance, PlayStation 4, Xbox One"
Tony Hawk's Pro Skater 3 + 4,2025,82,T,6.7,Iron Galaxy Studios,Compilation,"PlayStation 5, Xbox Series X, PC, PlayStation 4, Xbox One, Nintendo Switch"
NCAA Football 12,2011,82,E,6.7,EA Sports,Football Sim,"Xbox 360, PlayStation 3"
Eastward,2021,82,T,7.0,Pixpil,RPG,"PC, Nintendo Switch, Xbox Series X, Xbox One"
I Expect You To Die,2016,82,E10+,7.5,Schell Games,First-Person Adventure,"PlayStation 4, PC"
NBA 2K26,2025,82,E,4.6,Visual Concepts,Basketball Sim,"PlayStation 5, PC, PlayStation 4, Nintendo Switch, Xbox Series X, Xbox One"
Etrian Odyssey 2 Untold: The Fafnir Knight,2015,82,T,7.9,Atlus,Western RPG,3DS
Coral Island,2023,82,N/A,6.8,Humble Games,Virtual Life,"PC, PlayStation 5, Xbox Series X"
Test Drive Unlimited,2006,82,E10+,8.2,Atari SA,Auto Racing Sim,"Xbox 360, PlayStation 2, PC"
Blur,2010,82,E10+,8.1,Activision,Auto Racing,"PlayStation 3, Xbox 360, PC"
Neverwinter Nights 2: Mask of The Betrayer,2007,82,T,8.4,Obsidian Entertainment,Western RPG,PC
Sins of a Solar Empire: Rebellion,2012,82,T,8.0,Ironclad Games,Strategy,PC
Mega Man Zero,2002,82,E,7.8,Inti Creates,2D Platformer,Game Boy Advance
Broken Sword: The Sleeping Dragon,2003,82,T,7.2,Revolution Software,Third-Person Adventure,"PlayStation 2, PC, Xbox"
The Talos Principle: Road To Gehenna,2015,82,N/A,8.2,Croteam,First-Person Adventure,PC
PEAK,2025,82,N/A,7.7,N/A,Action Adventure,PC
Ape Escape 2,2003,82,E,8.3,SCE Japan Studio,3D Platformer,"PlayStation 2, PlayStation 4"
Children of Morta,2019,82,T,7.9,N/A,Action RPG,"PC, Xbox One, PlayStation 4, Nintendo Switch, iOS (iPhone/iPad)"
Subnautica: Below Zero,2021,82,E10+,7.1,Bandai Namco Games,Sandbox,"PC, Nintendo Switch, PlayStation 5, Xbox Series X, Xbox One, PlayStation 4"
Huntdown,2020,82,T,7.9,N/A,2D Platformer,"PlayStation 4, Xbox One, Nintendo Switch, PC"
Super Mario 3D All-Stars,2020,82,E,6.6,Nintendo,Compilation,Nintendo Switch
Galak-Z: The Dimensional,2015,82,E10+,7.7,N/A,Vertical Shoot-'Em-Up,"PlayStation 4, PlayStation, PC"
Sportsfriends,2014,82,E10+,6.2,Die Gute Fabrik,Party,"PlayStation 3, PC, PlayStation 4"
The Banner Saga 3,2018,82,T,8.0,Stoic,Turn-Based Tactics,"PC, Nintendo Switch, PlayStation 4, Xbox One"
Hitman 2,2018,82,M,8.3,Io Interactive,Action Adventure,"PlayStation 4, PC, Xbox One"
Endless Legend,2014,82,N/A,7.9,Amplitude Studios,4X Strategy,PC
Gears 5: Hivebusters,2020,82,N/A,7.6,The Coalition,Third Person Shooter,"Xbox One, PC, Xbox Series X"
A Plague Tale: Requiem,2022,82,M,8.3,Asobo Studio,Linear Action Adventure,"Xbox Series X, PC, PlayStation 5, Nintendo Switch"
Death Stranding,2019,82,M,7.4,Sony Interactive Entertainment,Open-World Action,"PlayStation 4, PC"
Okamiden,2011,82,E10+,8.2,Capcom,Action Adventure,
Hitman: Blood Money,2006,82,M,8.4,Io Interactive,Action Adventure,"PlayStation 2, Xbox, PC, Xbox 360"
Brutal Legend,2009,82,M,7.6,Double Fine Productions,Open-World Action,"Xbox 360, PlayStation 3, PC"
Creaks,2020,82,N/A,7.9,Amanita Design,Adventure,"PC, PlayStation 4, Xbox One, iOS (iPhone/iPad), Nintendo Switch"
Skullgirls: 2nd Encore,2015,82,T,5.8,Autumn Games,2D Fighting,"PlayStation, PlayStation 4, PC, Nintendo Switch, Xbox One, Xbox Series X"
Gunman Clive,2013,82,E10+,7.8,Horberg Productions,2D Platformer,"iOS (iPhone/iPad), 3DS, PC"
Gloomhaven,2019,82,N/A,6.5,Asmodee,Board,"PC, PlayStation 5, Xbox Series X, Nintendo Switch, Xbox One, PlayStation 4"
The Wolf Among Us: Episode 3 - A Crooked Mile,2014,82,M,8.5,Telltale Games,Point-and-Click,"PC, PlayStation 3, Xbox 360, iOS (iPhone/iPad)"
Mortal Kombat 11,2019,82,M,4.3,NetherRealm Studios,2D Fighting,"PlayStation 4, Xbox One, PC, Nintendo Switch"
Pro Evolution Soccer 2013,2013,82,E,7.8,Konami,Soccer Sim,"Xbox 360, PlayStation 3, PC, Wii, PlayStation 2, 3DS"
Outer Wilds: Echoes of the Eye,2021,82,N/A,8.9,Annapurna Interactive,Open-World Action,"PC, Nintendo Switch, Xbox One, PlayStation 4"
Fallout Tactics: Brotherhood of Steel,2001,82,M,7.5,Interplay,Action RPG,PC
Spyro Reignited Trilogy,2018,82,E10+,8.3,Toys for Bob,Compilation,"PlayStation 4, Xbox One, Nintendo Switch, PC"
Horace,2020,82,T,7.6,Paul Helman,Adventure,"PC, Nintendo Switch, PlayStation 4, Xbox One"
Devil May Cry 3: Special Edition,2020,82,M,8.6,Capcom,Linear Action Adventure,"PlayStation 2, PC, Nintendo Switch"
Little Nightmares II,2021,82,T,8.3,Tarsier Studios,Linear Action Adventure,"Nintendo Switch, PlayStation 4, PC, Xbox One, PlayStation 5, Xbox Series X"
Control,2019,82,M,7.3,Remedy Entertainment,Action Adventure,"PlayStation 4, PC, Xbox One"
Ninja Gaiden 4,2025,82,M,8.1,Team Ninja,Action Adventure,"Xbox Series X, PC, PlayStation 5"
We Were Here Expeditions: The FriendShip,2023,82,N/A,7.8,Total Mayhem Games,First-Person Adventure,"PlayStation 5, Xbox Series X, PC, PlayStation 4, Xbox One"
Dishonored: Death of the Outsider,2017,82,M,7.1,Arkane Studios,Action Adventure,"PlayStation 4, Xbox One, PC"
Fallout 3: Broken Steel,2009,82,M,7.9,Bethesda Game Studios,Western RPG,"PlayStation 3, PC, Xbox 360"
Call of Duty 3,2006,82,T,6.7,Treyarch,FPS,"Xbox 360, PlayStation 3, Wii, Xbox, PlayStation 2"
This War of Mine: Final Cut,2022,82,M,7.5,11 bit studios,Survival,"PlayStation 5, Xbox Series X"
Desktop Dungeons,2010,82,N/A,7.8,QCF Design,Roguelike,"PC, iOS (iPhone/iPad)"
Dragon's Crown,2013,82,T,8.3,Vanillaware,Action RPG,"PlayStation, PlayStation 3, PlayStation 4"
Crusader Kings II,2012,82,T,8.6,Paradox Development Studio,Real-Time Strategy,PC
Battle Realms,2001,82,T,8.4,N/A,Command RTS,PC
Shin Megami Tensei: Digital Devil Saga 2,2005,82,M,8.3,Atlus,JRPG,PlayStation 2
Kingdom Hearts: Birth by Sleep,2010,82,E10+,8.1,Square Enix,Action RPG,
The Last Guardian,2016,82,T,7.8,SCE Japan Studio,Linear Action Adventure,PlayStation 4
Technobabylon,2015,82,N/A,7.9,Wadjet Eye Games,Point-and-Click,"PC, iOS (iPhone/iPad)"
World of Warcraft: Dragonflight,2022,82,T,5.1,Blizzard Entertainment,MMORPG,PC
World of Warcraft: Mists of Pandaria,2012,82,T,5.3,Blizzard Entertainment,MMORPG,PC
EA Sports College Football 26,2025,82,E,4.6,EA Tiburon,Football Sim,"PlayStation 5, Xbox Series X"
Splatoon 2: Octo Expansion,2018,82,E10+,8.6,Nintendo,Third Person Shooter,Nintendo Switch
Recettear: An Item Shop's Tale,2010,82,N/A,8.6,N/A,Virtual Life,PC
Need for Speed: Underground 2,2004,82,E,8.6,Electronic Arts,Auto Racing Sim,"Xbox, PlayStation 2, Game Boy Advance, PC"
ETHER One,2014,82,E10+,6.5,White Paper Games,First-Person Adventure,"PC, PlayStation 4"
Bloodstained: Curse of the Moon,2018,82,T,8.1,Inti Creates,2D Platformer,"PlayStation 4, PlayStation, Xbox One, 3DS, Nintendo Switch, PC"
The Vanishing of Ethan Carter,2014,82,M,7.8,The Astronauts,First-Person Adventure,"PC, PlayStation 4, Xbox One, Nintendo Switch"
UnMetal,2021,82,N/A,8.4,@unepic_fran,Action Adventure,"PC, PlayStation, Nintendo Switch, PlayStation 4, Xbox One"
The Legend of Heroes: Trails of Cold Steel III,2019,82,T,8.3,Falcom,JRPG,"PlayStation 4, Nintendo Switch, PC, PlayStation 5"
Duelyst,2016,82,N/A,7.6,Counterplay Games,Turn-Based Strategy,PC
Syberia,2002,82,T,8.3,Microids,Third-Person Adventure,"PC, PlayStation 2, Xbox, Xbox 360, PlayStation 3, iOS (iPhone/iPad), Nintendo Switch"
The Walking Dead: The Telltale Definitive Series,2019,82,M,8.6,Telltale Games,Compilation,"PC, PlayStation 4, Xbox One"
MLB The Show 18,2018,82,E,6.2,Sony Interactive Entertainment,Baseball Sim,PlayStation 4
FIFA 08 Soccer,2007,82,E,7.2,EA Sports,Soccer Sim,"Xbox 360, PC, PlayStation 2, Wii, PlayStation 3"
ModNation Racers,2010,82,E,8.1,N/A,Arcade Racing,PlayStation 3
King's Bounty: Armored Princess,2009,82,T,8.5,1C Entertainment,Turn-Based Strategy,PC
Sonic Racing: CrossWorlds,2025,82,E,8.7,Sonic Team,Arcade Racing,"PlayStation 5, Xbox Series X, PC, PlayStation 4, Xbox One, Nintendo Switch"
Age of Wonders III - Golden Realms,2014,82,N/A,8.4,Triumph Studios,Turn-Based Strategy,PC
Warhammer: Vermintide 2,2018,82,N/A,7.3,Fatshark,FPS,"PC, PlayStation 4, Xbox One"
Turnip Boy Robs a Bank,2024,82,N/A,7.5,Graffiti Games,Action Adventure,"Xbox One, PC, Nintendo Switch, iOS (iPhone/iPad)"
Halo Wars,2009,82,T,7.6,Ensemble Studios,Command RTS,Xbox 360
MotorStorm: Pacific Rift,2008,82,T,8.3,N/A,Auto Racing Sim,PlayStation 3
Gnosia,2021,82,T,8.1,Playism,Visual Novel,"iOS (iPhone/iPad), PlayStation, Nintendo Switch, PC, Xbox Series X, Xbox One, PlayStation 5, PlayStation 4"
NBA 2K19,2018,82,E,3.0,Visual Concepts,Basketball Sim,"PlayStation 4, Xbox One, Nintendo Switch, PC, iOS (iPhone/iPad)"
Dark Souls II: Crown of the Sunken King,2014,82,T,7.3,Namco Bandai Games,Action RPG,"PC, Xbox 360, PlayStation 3"
Loop Hero,2021,82,N/A,7.6,Four Quarters,RPG,"PC, Nintendo Switch, Xbox One, Xbox Series X, iOS (iPhone/iPad)"
Dragon Age: The Veilguard,2024,82,M,4.0,BioWare,Western RPG,"PC, PlayStation 5, Xbox Series X"
Suikoden II,1999,82,T,9.0,Konami,JRPG,PlayStation
The Lord of the Rings: The Two Towers,2002,82,T,7.8,EA Games,Action RPG,"PlayStation 2, Game Boy Advance, Xbox"
Tom Clancy's Splinter Cell: Blacklist,2013,82,M,7.7,Ubisoft Toronto,Action Adventure,"Xbox 360, PlayStation 3, PC, Wii U"
Citizen Sleeper,2022,82,N/A,7.5,Fellow Traveller,Western RPG,"PC, Xbox Series X, Xbox One, Nintendo Switch, PlayStation 5, PlayStation 4"
Tekken 7,2017,82,T,6.7,Bandai Namco Games,3D Fighting,"PlayStation 4, Xbox One, PC"
Metro: Last Light,2013,82,M,8.5,4A Games,FPS,"PC, PlayStation 3, Xbox 360"
Mega Man 11,2018,82,E10+,7.7,Capcom,2D Platformer,"PlayStation 4, Nintendo Switch, Xbox One, PC"
FIFA 15,2014,82,E,6.0,EA Sports,Soccer Sim,"PlayStation 4, PlayStation 3, Xbox One, Xbox 360, PC, PlayStation, Wii, 3DS"
PixelJunk Shooter Ultimate,2014,82,E,7.2,Double Eleven,Vertical Shoot-'Em-Up,"PlayStation 4, PlayStation, PC"
de Blob,2008,82,E,7.5,Blue Tongue Entertainment,3D Platformer,"Xbox One, PlayStation 4, Wii, iOS (iPhone/iPad), PC, Nintendo Switch"
Wandersong,2018,82,E10+,8.2,Greg Lobanov,2D Platformer,"PC, Nintendo Switch, PlayStation 4, Xbox One"
The Lord of the Rings: The Battle for Middle-Earth (2004),2004,82,T,8.8,EA Games,Real-Time Strategy,PC
ZEN Pinball 2,2013,82,E10+,7.1,Zen Studios,Pinball,"PlayStation 3, PlayStation, Wii U, PlayStation 4"
LEGO Star Wars: The Skywalker Saga,2022,82,E10+,7.6,TT Games,Action Adventure,"Xbox One, PC, PlayStation 4, Nintendo Switch, PlayStation 5, Xbox Series X"
Severed,2016,82,T,7.9,DrinkBox Studios,Action Adventure,"PlayStation, Wii U, 3DS, iOS (iPhone/iPad), Nintendo Switch"
Broken Age: Act 1,2014,82,N/A,7.7,Double Fine Productions,Point-and-Click,"PC, iOS (iPhone/iPad)"
Fell Seal: Arbiter's Mark,2019,82,T,7.5,6 Eyes Studio,Turn-Based Tactics,"PC, PlayStation 4, Xbox One, Nintendo Switch"
Azure Striker Gunvolt: Striker Pack,2017,82,T,7.9,Inti Creates,Compilation,"3DS, Nintendo Switch, PlayStation 4"
WildStar,2014,82,T,7.6,NCSOFT,MMORPG,PC
Crypt Custodian,2024,82,N/A,8.0,Top Hat Studios Inc,Open-World Action,"PC, Nintendo Switch, PlayStation 5, Xbox Series X, Xbox One, PlayStation 4"
Tales of Graces f Remastered,2025,82,T,8.4,TOSE,Action RPG,"Nintendo Switch, PlayStation 5, Xbox Series X, PC, PlayStation 4, Xbox One"
A Plague Tale: Innocence,2019,81,M,8.2,Asobo Studio,Linear Action Adventure,"PlayStation 4, Xbox One, PC, PlayStation 5, Xbox Series X, Nintendo Switch"
Horizon Forbidden West: Burning Shores,2023,81,T,4.7,Guerrilla,Open-World Action,PlayStation 5
Resistance: Retribution,2009,81,M,8.0,N/A,Third Person Shooter,"PlayStation 5, PlayStation 4"
Victoria 3,2022,81,T,6.2,Paradox Development Studio,Real-Time Strategy,PC
Mega Man 10,2010,81,E,7.8,Inti Creates,2D Platformer,"Wii, PlayStation 3, Xbox 360"
World of Warcraft Classic,2019,81,T,6.3,Blizzard Entertainment,MMORPG,PC
Starbound,2016,81,T,7.3,Chucklefish,Sandbox,"PC, PlayStation 4, PlayStation, Xbox One"
Condemned: Criminal Origins,2005,81,M,8.2,Monolith Productions,Survival,"Xbox 360, PC"
Nidhogg,2014,81,N/A,6.9,N/A,Action,"PC, PlayStation 4, PlayStation"
Battlefield 4,2013,81,M,6.4,EA DICE,FPS,"Xbox 360, PlayStation 3, PC, PlayStation 4, Xbox One"
Yuppie Psycho,2019,81,N/A,8.3,Baroque Decay,Action Adventure,"PC, Xbox Series X, PlayStation 5, iOS (iPhone/iPad), Nintendo Switch, Xbox One, PlayStation 4"
NHL 14,2013,81,E10+,6.4,Electronic Arts,Hockey Sim,"PlayStation 3, Xbox 360"
Madden NFL 15,2014,81,E,6.1,EA Sports,Football Sim,"PlayStation 4, Xbox One, PlayStation 3, Xbox 360"
The Sims 3: World Adventures,2009,81,T,7.7,Electronic Arts,Virtual Life,PC
WarioWare: Touched!,2005,81,E,7.9,Intelligent Systems,Party,
Torchlight,2011,81,T,7.6,Microsoft Game Studios,Action RPG,"PC, Xbox 360"
Jurassic World Evolution 3,2025,81,N/A,8.6,Frontier Developments,Tycoon,"PC, Xbox Series X, PlayStation 5"
Quake Remastered,2021,81,N/A,8.1,id Software,FPS,"PC, PlayStation 5, Xbox Series X, Nintendo Switch, PlayStation 4, Xbox One"
Shadowrun: Hong Kong,2015,81,N/A,7.8,Harebrained Schemes LLC,Western RPG,PC
Kirby: Planet Robobot,2016,81,E,8.7,HAL Labs,2D Platformer,3DS
Guild Wars 2: End of Dragons,2022,81,T,7.4,NCSOFT,MMORPG,PC
Assassin's Creed Shadows,2025,81,M,6.1,Ubisoft Quebec,Open-World Action,"PC, Xbox Series X, PlayStation 5, Nintendo Switch"
The Legend of Heroes: Trails to Azure,2023,81,T,8.1,Falcom,JRPG,"PC, PlayStation 4, Nintendo Switch"
Splatoon,2015,81,E10+,8.7,Nintendo,Third Person Shooter,Wii U
Supreme Commander: Forged Alliance,2007,81,E10+,8.7,Gas Powered Games,Command RTS,PC
Sunless Sea,2015,81,N/A,7.5,Failbetter Games,Action Adventure,"PC, iOS (iPhone/iPad)"
Football Manager 2016,2016,81,E,7.1,Sports Interactive,Soccer Management,"PC, iOS (iPhone/iPad)"
Tearaway Unfolded,2015,81,E,7.9,Media Molecule,3D Platformer,PlayStation 4
Trackmania Turbo,2016,81,E,7.5,Ubisoft,Auto Racing,"PlayStation 4, Xbox One, PC"
Lego Star Wars II: The Original Trilogy,2006,81,E10+,7.9,LucasArts,Action Adventure,"Xbox, PlayStation 2, PC, Game Boy Advance, Xbox 360, PlayStation 5, PlayStation 4"
Monster Hunter Freedom Unite,2009,81,T,8.4,Capcom,Action RPG,iOS (iPhone/iPad)
The Sims 4: Seasons,2018,81,T,6.4,Maxis,Virtual Life,"PC, PlayStation 4, Xbox One"
Saints Row 2,2008,81,M,8.2,Volition Inc.,Open-World Action,"PC, Xbox 360, PlayStation 3"
TimeSplitters,2000,81,T,7.2,Eidos Interactive,FPS,"PlayStation 2, PlayStation 5, PlayStation 4"
Downwell,2015,81,N/A,6.8,Devolver Digital,Action,"PC, iOS (iPhone/iPad), PlayStation 4, PlayStation, Nintendo Switch"
Phoenix Wright: Ace Attorney - Dual Destinies,2013,81,M,8.0,Capcom,Visual Novel,"3DS, iOS (iPhone/iPad)"
Lone Survivor,2012,81,N/A,7.4,N/A,Survival,"PC, PlayStation, PlayStation 3, Wii U, PlayStation 4"
WWE 2K24,2024,81,T,6.6,Visual Concepts,Wrestling,"PlayStation 5, Xbox Series X, PC, PlayStation 4, Xbox One"
Tails of Iron,2021,81,T,7.5,United Label,Action RPG,"Xbox Series X, PC, Nintendo Switch, Xbox One, PlayStation 5, PlayStation 4"
Call of Duty: Advanced Warfare,2014,81,M,5.8,Sledgehammer Games,FPS,"PlayStation 4, Xbox One, PlayStation 3, Xbox 360, PC"
The Witcher,2007,81,M,8.3,CD Projekt Red Studio,Action RPG,PC
Overcooked! 2,2018,81,E,7.8,Ghost Town Games Ltd.,Action Puzzle,"Nintendo Switch, PlayStation 4, Xbox One, PC"
Phoenix Wright: Ace Attorney Trilogy,2014,81,T,8.5,NATSUME ATARI Inc.,Compilation,"iOS (iPhone/iPad), 3DS, Nintendo Switch, PlayStation 4, Xbox One, PC"
Stygian: Reign of the Old Ones,2019,81,N/A,7.9,Cultic Games,Adventure,PC
Dishonored: The Brigmore Witches,2013,81,M,8.0,Arkane Studios,Action Adventure,"Xbox 360, PlayStation 3, PC"
Virtua Fighter 5 Final Showdown,2012,81,T,7.9,Sega AM2,3D Fighting,"PlayStation 3, Xbox 360"
Mega Man Zero 2,2003,81,E,7.7,Inti Creates,2D Platformer,Game Boy Advance
SWAT 3: Elite Edition,2000,81,M,8.4,Sierra Entertainment,Tactical FPS,PC
Borderlands 4,2025,81,M,4.7,Gearbox Software,FPS,"PlayStation 5, Xbox Series X, PC, Nintendo Switch"
Ghostrunner,2020,81,M,7.9,ONE MORE LEVEL,3D Platformer,"PC, Xbox One, PlayStation 4, Nintendo Switch, PlayStation 5, Xbox Series X"
VOEZ,2017,81,T,7.9,Flyhigh Works,Rhythm,"iOS (iPhone/iPad), Nintendo Switch"
Untitled Goose Game,2019,81,E,7.7,22nd Century Toys,Action Adventure,"PC, Nintendo Switch, Xbox One, PlayStation 4"
The Pedestrian,2020,81,N/A,7.4,N/A,Action Puzzle,"PC, PlayStation 4, Nintendo Switch, PlayStation 5, Xbox Series X, Xbox One"
Age of Empires III,2005,81,T,7.9,Ensemble Studios,Command RTS,PC
Castlevania: Lords of Shadow - Ultimate Edition,2013,81,M,7.5,Mercury Steam,Action Adventure,PC
Toy Soldiers: Cold War,2011,81,T,8.0,Microsoft Game Studios,Real-Time Strategy,Xbox 360
The Cat Lady,2012,81,N/A,8.7,N/A,Adventure,PC
Suzerain,2020,81,N/A,8.1,Torpor Games,4X Strategy,"PC, Nintendo Switch, iOS (iPhone/iPad), Xbox One, PlayStation 5, Xbox Series X"
Assassin's Creed,2007,81,M,7.2,Ubisoft Montreal,Open-World Action,"PlayStation 3, Xbox 360, PC"
Skylanders SuperChargers,2015,81,E10+,5.7,Vicarious Visions,3D Platformer,"PlayStation 4, PlayStation 3, Xbox One, Xbox 360, Wii U, iOS (iPhone/iPad)"
Fire Emblem Echoes: Shadows of Valentia,2017,81,T,8.6,Intelligent Systems,Turn-Based Tactics,3DS
Phoenix Wright: Ace Attorney,2005,81,T,8.9,Capcom,Visual Novel,"Game Boy Advance, PC, iOS (iPhone/iPad), Wii"
Uno,2006,81,E,7.1,Microsoft Game Studios,Board,"Xbox 360, PC, iOS (iPhone/iPad), Wii, PlayStation 3, PlayStation 2"
Everhood,2021,81,E10+,7.7,Foreign Gnomes,RPG,"PC, Nintendo Switch"
Helldivers,2015,81,T,7.9,N/A,Top-Down Shoot-'Em-Up,"PlayStation 4, PlayStation 3, PlayStation, PC"
Gothic,2001,81,T,8.6,Xicat Interactive,Action RPG,"PC, Nintendo Switch"
Arcanum: Of Steamworks and Magick Obscura,2001,81,M,8.6,Sierra Entertainment,Western RPG,PC
Company of Heroes 2: Ardennes Assault,2014,81,M,6.4,Relic Entertainment,Real-Time Strategy,PC
Rune Factory 4 Special,2020,81,T,8.3,HAKAMA,Action RPG,"Nintendo Switch, PlayStation 4, PC, Xbox One"
Finding Paradise,2017,81,N/A,8.4,Freebird Games,Adventure,"PC, Nintendo Switch, iOS (iPhone/iPad), Xbox Series X, PlayStation 5"
The Legend of Heroes: Trails into Reverie,2023,81,T,7.6,Falcom,JRPG,"PlayStation 4, Nintendo Switch, PC, PlayStation 5"
Broken Age,2015,81,E10+,7.1,Double Fine Productions,Point-and-Click,"PC, PlayStation 4, PlayStation, Xbox One, Nintendo Switch, iOS (iPhone/iPad)"
Sunset Overdrive,2014,81,M,7.9,Insomniac Games,Third Person Shooter,"Xbox One, PC"
MARVEL Cosmic Invasion,2025,81,N/A,7.6,Tribute Games,2D Beat-'Em-Up,"Nintendo Switch, PlayStation 5, Xbox Series X, PC, PlayStation 4"
Toy Soldiers,2010,81,T,7.2,Microsoft Game Studios,Real-Time Strategy,"Xbox 360, PC"
Life is Strange: True Colors,2021,81,M,6.9,Deck Nine Games,Third-Person Adventure,"PC, PlayStation 5, Xbox Series X, Xbox One, PlayStation 4, Nintendo Switch"
Just Cause 2,2010,81,M,7.7,Avalanche Studios,Open-World Action,"PC, PlayStation 3, Xbox 360"
RAGE,2011,81,M,6.7,id Software,FPS,"PC, PlayStation 3, Xbox 360"
Napoleon: Total War,2010,81,T,7.9,Creative Assembly,Real-Time Strategy,PC
Rockstar Games presents Table Tennis,2006,81,E,7.7,Rockstar Games,Individual Sports,"Xbox 360, Wii"
Metal Gear Solid HD Edition,2012,81,M,8.6,Konami,Compilation,"PlayStation, PlayStation 3, Xbox 360"
Firewatch,2016,81,N/A,7.4,Campo Santo,First-Person Adventure,"PC, PlayStation 4, Xbox One, Nintendo Switch"
Red Orchestra: Ostfront 41-45,2006,81,M,8.2,Tripwire Interactive,FPS,PC
The Hex,2018,81,N/A,7.9,N/A,Action Adventure,PC
Borderlands 2: Captain Scarlett and Her Pirate's Booty,2012,81,M,7.4,Gearbox Software,FPS,"Xbox 360, PlayStation 3, PC"
The Elder Scrolls IV: Knights of the Nine,2006,81,M,7.1,Bethesda Softworks,Western RPG,"Xbox 360, PC"
Star Fox 64 3D,2011,81,E10+,8.0,Q-Games,Rail Shooter,3DS
Yoshi's Island DS,2006,81,E,7.7,Nintendo,2D Platformer,
Freedom Fighters,2003,81,T,7.8,Io Interactive,Tactical Third Person Shooter,"PC, PlayStation 2, Xbox"
Phoenix Wright: Ace Attorney - Spirit of Justice,2016,81,N/A,8.2,Capcom,Visual Novel,"3DS, iOS (iPhone/iPad)"
CHUCHEL,2018,81,N/A,6.7,Amanita Design,Adventure,"PC, iOS (iPhone/iPad), Nintendo Switch"
Gran Turismo 6,2013,81,E,7.9,N/A,Auto Racing Sim,PlayStation 3
Kirby: Nightmare in Dream Land,2002,81,E,8.4,HAL Labs,2D Platformer,Game Boy Advance
Marathon,2026,81,T,6.4,Bungie,FPS,"PlayStation 5, Xbox Series X, PC"
Persona Q2: New Cinema Labyrinth,2019,81,M,7.5,Atlus,JRPG,3DS
Catherine: Full Body,2019,81,M,8.0,Atlus,Survival,"PlayStation 4, PlayStation, Nintendo Switch"
Borderlands 3,2019,81,M,5.6,Gearbox Software,FPS,"PlayStation 4, Xbox One, PC, PlayStation 5, Xbox Series X"
SnowRunner,2020,81,E,7.1,Saber Interactive,Vehicle Sim,"PlayStation 4, Xbox One, PC, Nintendo Switch, PlayStation 5, Xbox Series X"
Patapon 2,2009,81,E,8.7,SCE Japan Studio,Action,
MadWorld,2009,81,M,8.2,PlatinumGames,3D Beat-'Em-Up,Wii
Avatar: Frontiers of Pandora - From the Ashes,2025,81,T,7.7,Massive Entertainment,Open-World Action,"PC, Xbox Series X, PlayStation 5"
Final Fantasy XV,2016,81,T,7.4,Square Enix,Action RPG,"PlayStation 4, Xbox One"
RollerCoaster Tycoon 3,2004,81,E,6.3,Frontier Developments,Tycoon,"PC, iOS (iPhone/iPad)"
Dragon's Dogma: Dark Arisen,2016,81,M,7.9,QLOC,Action RPG,"PlayStation 3, Xbox 360, PC, Xbox One, PlayStation 4, Nintendo Switch"
Genshin Impact,2020,81,T,5.1,miHoYo,Action RPG,"PlayStation 4, iOS (iPhone/iPad), PC, PlayStation 5, Nintendo Switch, Xbox Series X"
Puyo Puyo Tetris,2017,81,E10+,8.1,Sonic Team,Stacking Puzzle,"3DS, PlayStation 3, PlayStation, Wii U, PlayStation 4, Xbox One, Nintendo Switch, PC"
Guild Wars 2: Heart of Thorns,2015,81,T,7.3,NCSOFT,MMORPG,PC
Pokemon Puzzle League,2000,81,E,8.0,Nintendo Software Technology,Matching Puzzle,Nintendo 64
AaaaaAAaaaAAAaaAAAAaAAAAA!!!: A Reckless Disregard for Gravity,2009,81,N/A,6.0,N/A,3D Platformer,PC
The Planet Crafter,2022,81,N/A,5.8,N/A,Sandbox,PC
MLB 14: The Show,2014,81,E,6.8,SCEA San Diego Studios,Baseball Sim,"PlayStation 4, PlayStation 3, PlayStation"
Terraria,2013,81,T,8.4,Engine Software,Sandbox,"PC, PlayStation 3, Xbox 360, PlayStation, iOS (iPhone/iPad), PlayStation 4, Xbox One, 3DS, Wii U, Nintendo Switch"
Bravely Second: End Layer,2016,81,T,8.1,Nintendo,JRPG,3DS
Sid Meier's Civilization: Beyond Earth,2014,81,E10+,5.5,Firaxis Games,4X Strategy,PC
Jagged Alliance 3,2023,81,N/A,8.0,Haemimont Games,Turn-Based Tactics,"PC, PlayStation 5, Xbox Series X, Xbox One, PlayStation 4"
Assassin's Creed Origins,2017,81,M,7.3,Ubisoft Montreal,Open-World Action,"PlayStation 4, Xbox One, PC"
Hatsune Miku: Project Diva f,2014,81,T,8.3,Sega,Rhythm,"PlayStation 3, PlayStation"
Tales of Vesperia: Definitive Edition,2019,81,T,7.7,QLOC,Action RPG,"Xbox One, PlayStation 4, Nintendo Switch, PC"
LostWinds,2008,81,E,2.4,Frontier Developments,2D Platformer,"Wii, iOS (iPhone/iPad), PC"
Visage,2020,81,N/A,6.2,N/A,Survival,"PC, Xbox One, PlayStation 4, PlayStation 5"
Final Fantasy XII: Revenant Wings,2007,81,E10+,7.2,Square Enix,Real-Time Tactics,
Super Scribblenauts,2010,81,E10+,8.3,Warner Bros. Interactive Entertainment,Action Puzzle,
The Legend of Zelda: Skyward Sword HD,2021,81,E10+,7.6,Nintendo,Open-World Action,Nintendo Switch
007: The World is not Enough,2000,81,T,7.8,EA Games,FPS,"Nintendo 64, PlayStation 2, PlayStation, PC"
Anno 1800,2019,81,T,8.0,Blue Byte,Management,PC
Minit,2018,81,E,6.6,Devolver Digital,Adventure,"PC, PlayStation 4, Xbox One, Nintendo Switch, iOS (iPhone/iPad)"
Madden NFL 13,2012,81,E,5.9,EA Tiburon,Football Sim,"PlayStation 3, Xbox 360, PlayStation, Wii, Wii U"
Jamestown: Legend of the Lost Colony,2011,81,N/A,7.4,"Final Form Games, LLC",Vertical Shoot-'Em-Up,"PlayStation 4, Nintendo Switch, PC"
Castlevania Anniversary Collection,2019,81,T,8.1,M2,Compilation,"PC, PlayStation 4, Xbox One, Nintendo Switch"
Monster Hunter Stories 2: Wings of Ruin,2021,81,E10+,8.1,Capcom,JRPG,"Nintendo Switch, PC, PlayStation 4, Xbox One, Xbox Series X"
Xenosaga Episode III: Also sprach Zarathustra,2006,81,T,9.0,Monolith Soft,JRPG,PlayStation 2
Midnight Club: Los Angeles,2008,81,T,8.4,Rockstar Games,Auto Racing Sim,"PlayStation 3, Xbox 360"
Signalis,2022,81,M,8.4,rose-engine,Survival,"PC, Xbox One, Nintendo Switch, PlayStation 4"
Galactic Civilizations III,2015,81,E10+,7.0,Stardock,4X Strategy,PC
Moonlighter,2018,81,E10+,7.0,Digital Sun,Action RPG,"PC, Nintendo Switch, Xbox One, PlayStation 4, iOS (iPhone/iPad)"
Ultros,2024,81,N/A,7.6,N/A,Metroidvania,"PC, PlayStation 5, PlayStation 4, Nintendo Switch, Xbox Series X"
Goodbye Volcano High,2023,81,E,5.3,KO-OP,Adventure,"PlayStation 5, PlayStation 4, PC"
Planet Zoo,2019,81,E10+,7.9,Frontier Developments,Tycoon,"PC, PlayStation 5, Xbox Series X"
Far Cry 5,2018,81,M,7.0,Ubisoft Montreal,FPS,"PlayStation 4, Xbox One, PC"
Slime Rancher,2017,81,N/A,8.1,Monomi Park,Open-World Action,"PC, Xbox One, PlayStation 4, Nintendo Switch"
Fatal Frame II: Crimson Butterfly,2003,81,M,8.7,Tecmo,Survival,PlayStation 2
Mass Effect 2: Overlord,2010,81,M,7.7,BioWare,Western RPG,"Xbox 360, PC"
Fast RMX,2017,81,E,8.1,Shin'en,Future Racing,Nintendo Switch
Prince of Persia Trilogy,2011,81,M,8.0,Ubisoft,Compilation,"PlayStation 3, PlayStation 2, PC"
Age of Empires IV,2021,81,T,7.7,Relic Entertainment,Command RTS,PC
Street Fighter: 30th Anniversary Collection,2018,81,T,7.8,Digital Eclipse,Compilation,"Nintendo Switch, Xbox One, PlayStation 4, PC"
Danganronpa 2: Goodbye Despair,2014,81,M,8.8,Spike Chunsoft,Visual Novel,"PlayStation, PC, iOS (iPhone/iPad)"
Motorsport Manager,2016,81,E10+,8.0,Playsport Games Ltd,Tycoon,"iOS (iPhone/iPad), PC, Nintendo Switch"
Battlefield V,2018,81,M,3.7,EA DICE,Tactical FPS,"PlayStation 4, Xbox One, PC"
Syberia: The World Before,2022,81,T,8.4,Microids,Point-and-Click,"PC, Nintendo Switch, PlayStation 5, Xbox Series X, PlayStation 4, Xbox One"
Perfect Dark Zero,2005,81,M,6.4,Rare Ltd.,FPS,Xbox 360
Ninja Gaiden II,2008,81,M,8.2,Team Ninja,Action Adventure,Xbox 360
Shadowrun: Dragonfall,2014,81,N/A,8.3,Harebrained Schemes LLC,Turn-Based Tactics,PC
Immortals Fenyx Rising,2020,81,T,7.6,Ubisoft Quebec,Open-World Action,"PlayStation 4, Xbox One, PC, Nintendo Switch, PlayStation 5, Xbox Series X"
Like a Dragon: Ishin!,2023,81,M,7.4,Ryu ga Gotoku Studios,Open-World Action,"PlayStation 4, PlayStation 5, PC, Xbox Series X, Xbox One, PlayStation 3"
Phoenix Wright: Ace Attorney - Trials and Tribulations,2007,81,T,9.0,Capcom,Visual Novel,"Game Boy Advance, PC, Wii"
Pokemon LeafGreen Version,2004,81,E,8.4,Game Freak,Trainer RPG,"Game Boy Advance, Nintendo Switch"
Harvest Moon: Friends of Mineral Town,2003,81,E,7.6,TOSE,Tycoon,Game Boy Advance
Wargame: European Escalation,2012,81,N/A,8.2,Eugen Systems,Real-Time Tactics,PC
SteamWorld Quest: Hand of Gilgamech,2019,81,E,7.9,Image & Form,Card Battle,"iOS (iPhone/iPad), Nintendo Switch, PC"
Call of Duty: Black Ops III,2015,81,M,5.5,Treyarch,FPS,"PlayStation 4, Xbox One, PC, PlayStation 3, Xbox 360"
Age of Wonders: Planetfall,2019,81,T,7.4,Triumph Studios,4X Strategy,"PC, PlayStation 4, Xbox One"
Halo Wars: Definitive Edition,2017,81,T,7.9,Microsoft Game Studios,Command RTS,"Xbox One, PC"
Lost Ark,2022,81,M,4.8,Smilegate,MMORPG,PC
Void Bastards,2019,81,M,7.0,Blue Manchu,FPS,"Xbox One, PC, PlayStation 4, Nintendo Switch"
God of War III Remastered,2015,81,M,8.4,N/A,Linear Action Adventure,PlayStation 4
Age of Empires III: The Asian Dynasties,2007,81,T,8.3,Microsoft Game Studios,Command RTS,PC
Affordable Space Adventures,2015,81,E,8.2,N/A,Horizontal Shoot-'Em-Up,Wii U
Dragon Quest VII: Fragments of the Forgotten Past,2016,81,E10+,7.9,ArtePiazza,JRPG,"iOS (iPhone/iPad), 3DS, PlayStation"
Kena: Bridge of Spirits,2021,81,T,8.2,Emberlab,Action Adventure,"PlayStation 5, PC, PlayStation 4, Xbox One, Xbox Series X, Nintendo Switch"
Donkey Kong Jungle Beat,2005,80,E10+,8.1,Nintendo,2D Platformer,Wii
Mario Power Tennis,2004,80,E,8.1,Camelot Software Planning,Tennis,Wii
Final Fantasy VIII Remastered,2019,80,T,7.5,Square Enix,JRPG,"PlayStation 4, Xbox One, Nintendo Switch, PC, iOS (iPhone/iPad)"
Gears Tactics,2020,80,M,7.8,Microsoft Game Studios,Turn-Based Tactics,"PC, Xbox One, Xbox Series X"
The Legend of Heroes: Trails of Cold Steel II,2016,80,T,8.2,Falcom,JRPG,"Nintendo Switch, PlayStation, PlayStation 3, PC, PlayStation 4"
Plants vs Zombies: Garden Warfare 2,2016,80,E10+,8.4,PopCap,Tactical Third Person Shooter,"PlayStation 4, Xbox One, PC"
Old World,2021,80,N/A,7.3,Mohawk Games,4X Strategy,PC
Disgaea 5: Alliance of Vengeance,2015,80,T,8.3,Nippon Ichi Software,Turn-Based Tactics,"Nintendo Switch, PC, PlayStation 4"
Age of Conan: Unchained,2008,80,M,7.3,Funcom,MMORPG,"Xbox 360, PC"
Company of Heroes 2: The Western Front Armies,2014,80,M,6.9,Relic Entertainment,Real-Time Strategy,PC
Dragon Quest IV: Chapters of the Chosen,2008,80,E10+,7.7,ArtePiazza,JRPG,
The Elder Scrolls Online: Elsweyr,2019,80,M,7.7,ZeniMax Media,MMORPG,"PC, PlayStation 4, Xbox One"
The Elder Scrolls: Legends,2017,80,N/A,5.5,Bethesda Softworks,Card Battle,"PC, iOS (iPhone/iPad), PlayStation 4, Nintendo Switch, Xbox One"
Age of Empires III: The WarChiefs,2006,80,T,8.1,Ensemble Studios,Command RTS,PC
Bayonetta Origins: Cereza and the Lost Demon,2023,80,T,8.5,PlatinumGames,Linear Action Adventure,Nintendo Switch
Ace Combat 6: Fires of Liberation,2007,80,T,7.4,Project Aces,Aircraft Combat Sim,Xbox 360
LEGO Marvel Super Heroes,2013,80,E10+,8.1,TT Games,Open-World Action,"Wii U, PlayStation 3, Xbox 360, PC, PlayStation 4, Xbox One, Nintendo Switch"
F1 25,2025,80,E,7.4,Codemasters,Auto Racing Sim,"PlayStation 5, Xbox Series X, PC"
Bully: Scholarship Edition,2008,80,T,8.3,Rockstar Games,Open-World Action,"Wii, Xbox 360, PC, iOS (iPhone/iPad)"
Endless Space 2,2017,80,N/A,7.8,Amplitude Studios,4X Strategy,PC
Pokemon Black Version 2,2012,80,E,8.3,Game Freak,Trainer RPG,
Soul Reaver 2,2001,80,M,8.5,Eidos Interactive,Open-World Action,"PC, PlayStation, PlayStation 2, Dreamcast"
Syberia II,2004,80,T,8.3,Microids,Third-Person Adventure,"iOS (iPhone/iPad), Nintendo Switch, PC, Xbox, PlayStation 2, PlayStation 3, Xbox 360"
Jet Force Gemini,1999,80,T,8.6,Rare Ltd.,Third Person Shooter,Nintendo 64
Shenmue II,2002,80,T,8.9,Sega AM2,Open-World Action,"Dreamcast, Xbox"
Star Ocean: The Second Story,1999,80,E,8.4,N/A,JRPG,PlayStation
Skul: The Hero Slayer,2021,80,T,6.9,SouthPAW Games,2D Platformer,"PC, Xbox One, Nintendo Switch, PlayStation 4, iOS (iPhone/iPad)"
Football Manager 2017,2017,80,E,5.6,Sports Interactive,Soccer Management,PC
Anomaly: Warzone Earth,2011,80,E10+,7.2,11 bit studios,Real-Time Strategy,"PC, Xbox 360, PlayStation 3"
SpellForce 3: Soul Harvest,2019,80,N/A,8.4,Grimlore Games,Real-Time Tactics,PC
Tempest Rising,2025,80,N/A,7.6,Slipgate Ironworks,Real-Time Strategy,PC
NBA 2K18,2017,80,E10+,2.0,Visual Concepts,Basketball Sim,"Nintendo Switch, PlayStation 4, Xbox One, PC, PlayStation 3, Xbox 360, iOS (iPhone/iPad)"
Five Nights at Freddy's: Help Wanted,2019,80,T,8.1,Steel Wool Games,Survival,"PlayStation 4, PC, Nintendo Switch, iOS (iPhone/iPad), Xbox One"
Volume,2015,80,T,7.2,Mike Bithell,Linear Action Adventure,"PC, PlayStation 4, PlayStation"
Mighty Switch Force! Hyper Drive Edition,2012,80,E10+,7.8,WayForward,2D Platformer,"Wii U, PC"
Amnesia: Rebirth,2020,80,M,6.4,Frictional Games,Survival,"PC, PlayStation 4, Xbox One, Xbox Series X, Nintendo Switch"
Final Fantasy Tactics A2: Grimoire of the Rift,2008,80,E10+,8.0,Square Enix,Turn-Based Tactics,
Age of Wonders III - Eternal Lords,2015,80,N/A,8.4,Triumph Studios,Turn-Based Strategy,PC
Assassin's Creed Valhalla,2020,80,M,6.1,Ubisoft Montreal,Open-World Action,"PlayStation 4, Xbox One, PlayStation 5, Xbox Series X, PC"
Ys IX: Monstrum Nox,2021,80,T,7.8,Falcom,Action RPG,"PlayStation 4, Nintendo Switch, PC, PlayStation 5"
Assassin's Creed: The Rebel Collection,2019,80,M,8.0,Ubisoft,Compilation,Nintendo Switch
Dungeon Siege II,2005,80,M,8.0,Gas Powered Games,Action RPG,PC
Street Fighter Alpha 3,2006,80,T,8.0,Capcom,2D Fighting,"PlayStation, Dreamcast, Game Boy Advance"
Uncharted: Golden Abyss,2012,80,T,7.6,Naughty Dog,Linear Action Adventure,PlayStation
Pix the Cat,2014,80,E,6.2,Pasta Games,Arcade,"PlayStation 4, PlayStation, PC, Xbox One, Nintendo Switch"
Yakuza Kiwami,2017,80,M,8.0,Ryu ga Gotoku Studios,Open-World Action,"PlayStation 3, PlayStation 4, PC, Xbox One, Nintendo Switch, PlayStation 5, Xbox Series X"
Condemned 2: Bloodshot,2008,80,M,7.6,Monolith Productions,Survival,"PlayStation 3, Xbox 360"
Shin Megami Tensei: Strange Journey Redux,2018,80,M,8.1,Atlus,Western RPG,3DS
Far Cry 3: Blood Dragon,2013,80,M,8.1,Ubisoft Montreal,FPS,"Xbox 360, PlayStation 3, PC, PlayStation 4, Xbox One, PlayStation 5"
Driver: San Francisco,2011,80,T,8.0,Ubisoft Reflections,Auto Racing,"PlayStation 3, Xbox 360, PC, Wii"
Sonic x Shadow Generations,2024,80,E10+,8.9,Sonic Team,3D Platformer,"PlayStation 5, PlayStation 4, Nintendo Switch, Xbox Series X, PC, Xbox One"
Medal of Honor: Pacific Assault,2004,80,T,7.1,EA Games,FPS,PC
MLB The Show 24,2024,80,E,4.5,Sony Interactive Entertainment,Baseball Sim,"PlayStation 5, Xbox Series X, PlayStation 4, Xbox One, Nintendo Switch"
Battle Brothers,2017,80,N/A,7.8,N/A,Turn-Based Tactics,"PC, Nintendo Switch, Xbox Series X, PlayStation 4, Xbox One"
LEGO The Lord of the Rings,2012,80,E10+,7.9,TT Games,Action Adventure,"Xbox 360, PlayStation 3, Wii, PC, PlayStation, 3DS, iOS (iPhone/iPad)"
Etrian Odyssey Untold: The Millennium Girl,2013,80,T,8.2,Atlus,Western RPG,3DS
Wii Sports Resort,2009,80,E,8.5,Nintendo,Athletics,Wii
Sakuna: Of Rice and Ruin,2020,80,T,8.4,Edelweiss,Action RPG,"PC, PlayStation 4, Nintendo Switch"
Outlast,2013,80,M,8.2,Red Barrels,Survival,"PC, PlayStation 4, Xbox One"
From Dust,2011,80,E10+,7.7,Ubisoft,Strategy,"Xbox 360, PlayStation 3, PC"
Disgaea 4: A Promise Unforgotten,2011,80,T,8.5,Nippon Ichi Software,Turn-Based Tactics,"PlayStation, PlayStation 3"
Marvel's Guardians of the Galaxy,2021,80,T,8.4,Eidos Montreal,Linear Action Adventure,"PlayStation 5, PlayStation 4, PC, Xbox Series X, Xbox One, Nintendo Switch"
Injustice: Gods Among Us - Ultimate Edition,2013,80,T,7.2,NetherRealm Studios,2D Fighting,"Xbox 360, PlayStation 3, PlayStation 4, PlayStation, PC"
Mutant Mudds,2012,80,E,6.7,Renegade Kid,2D Platformer,"3DS, PC, iOS (iPhone/iPad)"
Teardown,2022,80,N/A,8.1,Tuxedo Labs,Sandbox,"PC, PlayStation 5, Xbox Series X"
Gunman Clive 2,2015,80,E10+,7.9,Horberg Productions,2D Platformer,"3DS, PC"
Final Fantasy Anthology,1999,80,T,8.6,N/A,Compilation,PlayStation
The Elder Scrolls III: Tribunal,2002,80,T,8.0,Bethesda Softworks,Western RPG,PC
Fantasy Life i: The Girl Who Steals Time,2025,80,E10+,8.4,Level 5,Virtual Life,"Nintendo Switch, PlayStation 5, PlayStation 4, PC, Xbox Series X"
Call of Duty: Modern Warfare,2019,80,M,3.8,Infinity Ward,FPS,"PlayStation 4, Xbox One, PC"
Wo Long: Fallen Dynasty,2023,80,M,6.7,Team Ninja,Action RPG,"Xbox Series X, PC, Xbox One, PlayStation 5, PlayStation 4"
God of War: Ascension,2013,80,M,7.8,N/A,Linear Action Adventure,PlayStation 3
Life is Strange: Before the Storm - Farewell,2018,80,N/A,7.7,Deck Nine Games,Third-Person Adventure,"PC, PlayStation 4, Xbox One"
Goodbye Deponia,2013,80,N/A,8.0,Daedalic Entertainment,Point-and-Click,"PC, PlayStation 4, Xbox One, Nintendo Switch"
Impostor Factory,2021,80,N/A,7.9,Freebird Games,Adventure,PC
Mega Man X Legacy Collection 1 + 2,2018,80,T,7.8,Capcom,Compilation,"PlayStation 4, Xbox One, Nintendo Switch, PC"
Sid Meier's Civilization VI: Gathering Storm,2019,80,N/A,6.9,Firaxis Games,4X Strategy,PC
SWAT 4: The Stetchkov Syndicate,2006,80,M,8.7,Sierra Entertainment,Tactical FPS,PC
Expeditions: Rome,2022,80,N/A,7.8,THQ Nordic,Turn-Based Tactics,PC
Ready or Not,2025,80,M,6.8,N/A,Tactical FPS,"PC, Xbox Series X, PlayStation 5"
Honkai: Star Rail,2023,80,T,6.6,miHoYo,RPG,"PC, iOS (iPhone/iPad), PlayStation 5"
Pokemon Shield,2019,80,E,4.7,Game Freak,Trainer RPG,Nintendo Switch
Skate 3,2010,80,T,8.6,Electronic Arts,Skating,"Xbox 360, PlayStation 3"
Titan Quest: Immortal Throne,2007,80,T,8.3,THQ,Action RPG,PC
Peter Jackson's King Kong: The Official Game of the Movie,2005,80,T,7.9,Ubisoft,Action Adventure,"Xbox, PlayStation 2, PC, Xbox 360"
Avowed,2025,80,M,6.8,Obsidian Entertainment,Action RPG,"Xbox Series X, PC, PlayStation 5"
Yu-Gi-Oh! Master Duel,2022,80,T,5.9,Konami,Card Battle,"Nintendo Switch, iOS (iPhone/iPad), PlayStation 4, PlayStation 5, Xbox One, Xbox Series X, PC"
Last Train Home,2023,80,N/A,8.0,THQ Nordic,Real-Time Strategy,PC
Sleeping Dogs,2012,80,M,8.1,Square Enix,Open-World Action,"Xbox 360, PlayStation 3, PC"
Remnant II,2023,80,M,7.1,Gunfire Games,Third Person Shooter,"PlayStation 5, Xbox Series X, PC"
Ace Combat 7: Skies Unknown,2019,80,T,7.9,Project Aces,Aircraft Combat Sim,"PlayStation 4, Xbox One, PC"
Dishonored: The Knife of Dunwall,2013,80,M,8.3,Arkane Studios,Action Adventure,"Xbox 360, PlayStation 3, PC"
Company of Heroes 2,2013,80,M,2.2,Relic Entertainment,Real-Time Strategy,PC
RiME,2017,80,E10+,7.8,Tequila Works,Third-Person Adventure,"PlayStation 4, Nintendo Switch, PC, Xbox One"
Natural Selection 2,2012,80,N/A,8.4,N/A,Tactical FPS,PC
Red Steel 2,2010,80,T,8.0,Ubisoft Paris,FPS,Wii
Samorost 3,2016,80,N/A,8.1,Amanita Design,Point-and-Click,"PC, iOS (iPhone/iPad)"
FATE,2005,80,E10+,7.1,WildTangent,Action RPG,PC
The Sims 3: Into the Future,2013,80,T,5.7,Maxis,Virtual Life,PC
LEGO Star Wars: The Complete Saga,2007,80,E10+,8.4,LucasArts,Compilation,"PlayStation 3, Wii, Xbox 360, PC, iOS (iPhone/iPad)"
Thirsty Suitors,2023,80,N/A,5.6,Outerloop Games,Action Adventure,"PC, Nintendo Switch, PlayStation 5, Xbox Series X, PlayStation 4, Xbox One"
Bramble: The Mountain King,2023,80,M,7.8,Merge Games,Linear Action Adventure,"PC, PlayStation 5, Xbox Series X, Nintendo Switch, PlayStation 4, Xbox One"
Gran Turismo 5 Prologue,2008,80,E,6.2,N/A,Auto Racing Sim,PlayStation 3
NEO: The World Ends with You,2021,80,T,7.9,h.a.n.d. Inc.,Action RPG,"Nintendo Switch, PlayStation 4, PC"
Fable III,2010,80,M,6.7,Microsoft Game Studios,Action RPG,"Xbox 360, PC"
Valorant,2020,80,T,4.7,Riot Games,Tactical FPS,"PC, PlayStation 5, Xbox Series X"
Danganronpa: Trigger Happy Havoc,2014,80,M,8.5,Spike Chunsoft,Visual Novel,"PlayStation, PC, iOS (iPhone/iPad)"
Skylanders Giants,2012,80,E10+,7.8,Toys for Bob,3D Platformer,"Xbox 360, Wii, PlayStation 3, PC, 3DS, Wii U"
This War of Mine: Complete Edition,2018,80,M,7.7,11 bit studios,Survival,"Nintendo Switch, Xbox Series X, PlayStation 5"
The Rogue Prince of Persia,2025,80,N/A,7.4,Ubisoft,2D Platformer,"PC, Nintendo Switch, PlayStation 5, Xbox Series X"
Icewind Dale: Enhanced Edition,2014,80,N/A,7.5,Overhaul Games,Western RPG,"PC, iOS (iPhone/iPad)"
Nikoderiko: The Magical World,2024,80,E,7.5,N/A,2D Platformer,"PlayStation 5, Xbox Series X, PC, Nintendo Switch, PlayStation 4"
Gravity Rush 2,2017,80,T,8.1,SCE Japan Studio,Open-World Action,PlayStation 4
Castlevania: The Dracula X Chronicles,2007,80,T,8.1,Konami,Compilation,
NHL 19,2018,80,E10+,5.4,EA Sports,Hockey Sim,"PlayStation 4, Xbox One"
Day of Defeat: Source,2005,80,M,7.3,Valve Software,Tactical FPS,PC
Pokemon Sword,2019,80,E,4.8,Game Freak,Trainer RPG,Nintendo Switch
Battlefield 2142,2006,80,T,7.5,EA DICE,FPS,PC
Cat Quest III,2024,80,E10+,7.8,The Gentlebros,Action RPG,"PlayStation 5, Xbox Series X, PC, PlayStation 4, Xbox One, Nintendo Switch, iOS (iPhone/iPad)"
World of Tanks,2011,80,T,3.4,Wargaming.net,Vehicle Combat Sim,"PC, Xbox One, PlayStation 4, Xbox 360"
Fatal Fury: City of the Wolves,2025,80,T,6.4,SNK Corporation,2D Fighting,"PlayStation 5, Xbox Series X, PC, PlayStation 4"
OneShot,2014,80,N/A,8.9,N/A,Adventure,"PC, Nintendo Switch, PlayStation 4, Xbox One"
Pilotwings 64,1996,80,K-A,7.5,Nintendo,Aircraft Sim,Nintendo 64
Need for Speed: Rivals,2013,80,E10+,6.3,Ghost Games,Auto Racing Sim,"Xbox 360, PlayStation 3, PC, PlayStation 4, Xbox One"
World War Z: Aftermath,2021,80,M,6.5,Saber Interactive,Tactical Third Person Shooter,"PC, PlayStation 5, Xbox Series X, Xbox One, PlayStation 4"
The Red Strings Club,2018,80,N/A,7.5,Deconstructeam,Visual Novel,"PC, Nintendo Switch"
Donkey Kong Country 2: Diddy's Kong Quest,2004,80,E,8.8,Rare Ltd.,2D Platformer,Game Boy Advance
REANIMAL,2026,80,M,7.9,Tarsier Studios,Action Adventure,"PlayStation 5, Xbox Series X, PC, Nintendo Switch"
Pokemon Conquest,2012,80,E,8.1,Koei Tecmo Games,Turn-Based Tactics,
Grand Theft Auto Online,2013,80,M,5.9,Rockstar Games,Open-World Action,"PlayStation 3, Xbox 360, PlayStation 4, Xbox One, PC, PlayStation 5, Xbox Series X"
Infinity Nikki,2024,80,T,6.9,N/A,Open-World Action,"PlayStation 5, PlayStation 4, PC, iOS (iPhone/iPad)"
Kunitsu-Gami: Path of the Goddess,2024,80,T,7.6,Capcom,Action Adventure,"Xbox Series X, PlayStation 5, PC, Xbox One, PlayStation 4, Nintendo Switch"
Panzer Corps,2011,80,N/A,7.6,The Lordz Games Studio,Turn-Based Tactics,"PC, iOS (iPhone/iPad)"
Grim Fandango Remastered,2015,80,T,7.9,Double Fine Productions,Third-Person Adventure,"PlayStation 4, PlayStation, PC, iOS (iPhone/iPad), Nintendo Switch, Xbox One"
Madden NFL 19,2018,80,E,2.1,EA Tiburon,Football Sim,"PlayStation 4, Xbox One, PC"
Men of War,2009,80,M,8.2,Best Way,Real-Time Tactics,PC
WWE 2K25,2025,80,T,6.4,Visual Concepts,Wrestling,"PlayStation 5, Xbox Series X, PC, PlayStation 4, Xbox One, Nintendo Switch"
THE FINALS,2023,80,N/A,6.8,N/A,Tactical FPS,"PC, Xbox Series X, PlayStation 5, PlayStation 4"
War of the Monsters,2003,80,T,7.9,N/A,3D Fighting,"PlayStation 2, PlayStation 4, PlayStation 5"
Metal Gear Rising: Revengeance,2013,80,M,8.3,PlatinumGames,Action Adventure,"Xbox 360, PlayStation 3, PC"
Planet of Lana,2023,80,N/A,7.8,Thunderful,Action Adventure,"PC, Xbox Series X, Xbox One, Nintendo Switch, PlayStation 5, PlayStation 4"
SoulCalibur: Broken Destiny,2009,80,T,7.2,Project Soul,3D Fighting,"PlayStation 5, PlayStation 4"
Wasteland 2: Director's Cut,2015,80,M,7.5,InXile Entertainment,Western RPG,"PlayStation 4, Xbox One, PC, Nintendo Switch"
Dungeons of Hinterberg,2024,80,E10+,7.7,Curve Games,Open-World Action,"Xbox Series X, PC, PlayStation 5, Xbox One, PlayStation 4"
The Last Story,2012,80,T,8.5,XSEED Games,Action RPG,Wii
Diablo II: Resurrected,2021,80,M,3.7,Blizzard Entertainment,Action RPG,"Nintendo Switch, PlayStation 5, PlayStation 4, Xbox Series X, Xbox One, PC"
BOXBOY!,2015,80,E,8.1,HAL Labs,Action Puzzle,3DS
LEGO City Undercover,2013,80,E10+,8.3,TT Games,Open-World Action,"Wii U, Nintendo Switch, Xbox One, PC, PlayStation 4"
Luftrausers,2014,80,E,7.0,Vlambeer,Top-Down Shoot-'Em-Up,"PC, Xbox 360, PlayStation 3, PlayStation"
Arise: A Simple Story,2019,80,E,7.7,Piccolo,Third-Person Adventure,"PlayStation 4, Xbox One, PC, Nintendo Switch"
Stealth Bastard Deluxe,2012,80,T,8.1,N/A,2D Platformer,PC
Kingdoms of Amalur: Reckoning,2012,80,M,7.7,Electronic Arts,Action RPG,"PC, PlayStation 3, Xbox 360"
Blood West,2023,80,M,7.3,N/A,FPS,"PC, Xbox Series X, PlayStation 5, Nintendo Switch"
INDIKA,2024,80,N/A,7.0,11 bit studios,Third-Person Adventure,"PC, Xbox Series X, PlayStation 5, Nintendo Switch"
Valkyrie Profile,2006,80,T,8.4,TOSE,JRPG,"PlayStation, iOS (iPhone/iPad), PlayStation 5, PlayStation 4"
Kirby: Triple Deluxe,2014,80,E,8.5,HAL Labs,2D Platformer,3DS
Age of Wonders III,2014,80,T,7.9,Triumph Studios,Turn-Based Strategy,PC
Total Chaos,2025,80,N/A,6.4,N/A,Survival,"PC, Xbox Series X, PlayStation 5"
The Legend of Heroes: Trails in the Sky SC,2015,80,RP,8.7,Falcom,JRPG,PC
Guitar Hero Live,2015,80,T,6.1,Activision,Rhythm,"PlayStation 4, Xbox One, Xbox 360, Wii U, PlayStation 3, iOS (iPhone/iPad)"
Proteus,2013,80,N/A,5.6,N/A,First-Person Adventure,"PC, PlayStation, PlayStation 3"
Robin Hood: The Legend of Sherwood,2002,80,T,8.6,Spellbound,Real-Time Tactics,PC
Ghostrunner 2,2023,80,M,7.6,ONE MORE LEVEL,3D Platformer,"Xbox Series X, PlayStation 5, PC"
Ys: The Oath in Felghana,2010,80,T,8.5,Falcom,Action RPG,PC
Dicey Dungeons,2019,80,N/A,7.3,Terry Cavanagh,Strategy,"PC, Nintendo Switch, Xbox Series X, Xbox One, iOS (iPhone/iPad), PlayStation 5, PlayStation 4"
1979 Revolution: Black Friday,2016,80,N/A,7.4,iNK Stories,Adventure,"iOS (iPhone/iPad), PC, Xbox One, PlayStation 4, Nintendo Switch"
Granblue Fantasy: Relink,2024,80,T,8.1,Cygames,Action RPG,"PlayStation 4, PlayStation 5, PC"
Alan Wake: The Writer,2010,80,T,7.4,Remedy Entertainment,Survival,Xbox 360
Atelier Rorona Plus: The Alchemist of Arland,2014,80,T,8.1,Gust,JRPG,"PlayStation 3, PlayStation, 3DS"
Lies of P,2023,80,M,8.4,Neowiz,Action RPG,"PC, Xbox Series X, PlayStation 5, Xbox One, PlayStation 4"
The Evil Within: The Assignment,2015,80,M,7.4,Tango Gameworks,Survival,"PC, PlayStation 4, PlayStation 3, Xbox One, Xbox 360"
Wargame: AirLand Battle,2013,80,T,8.1,Eugen Systems,Real-Time Tactics,PC
EA Sports WRC,2023,80,E,6.3,Codemasters,Auto Racing Sim,"PlayStation 5, Xbox Series X, PC"
Football Manager 2015,2015,80,N/A,6.2,Sports Interactive,Soccer Management,PC
TrackMania United,2006,80,E,8.1,N/A,Auto Racing,PC
Tom Clancy's The Division,2016,80,M,7.0,Massive Entertainment,Tactical Third Person Shooter,"PlayStation 4, Xbox One, PC"
Tainted Grail: The Fall of Avalon,2025,80,N/A,7.6,Awaken Realms,Western RPG,"PC, PlayStation 5, Xbox Series X"
Wii Fit,2008,80,E,7.6,Nintendo,Exercise,Wii
Nobunaga's Ambition: Sphere of Influence,2015,80,T,7.6,Koei Tecmo Games,Turn-Based Strategy,"PlayStation, PlayStation 3, PC, PlayStation 4"
Ys X: Nordics,2024,80,T,8.1,Falcom,Action RPG,"PlayStation 5, PlayStation 4, Nintendo Switch, PC"
FAR: Lone Sails,2018,80,N/A,7.9,Okomotive,Linear Action Adventure,"PC, PlayStation 4, Xbox One, Nintendo Switch, iOS (iPhone/iPad)"
Disciples II: Rise of the Elves,2003,80,T,8.7,Strategy First,Turn-Based Strategy,PC
Gravity Rush Remastered,2016,80,T,8.1,Bluepoint Games,Open-World Action,PlayStation 4
BioShock Infinite: Burial at Sea - Episode Two,2014,80,M,8.4,2K Games,FPS,"Xbox 360, PlayStation 3, PC"
Paper Mario: The Origami King,2020,80,E,7.1,Intelligent Systems,RPG,Nintendo Switch
FLY'N,2012,80,N/A,8.0,N/A,Puzzle,PC
Total War: Attila,2015,80,T,7.5,Creative Assembly,Real-Time Strategy,PC
Darkwood,2019,80,M,8.3,Acid Wizard Studio,Survival,"PC, Nintendo Switch, Xbox One, PlayStation 4, PlayStation 5"
The Wolf Among Us,2013,80,M,8.6,Telltale Games,Point-and-Click,"PC, PlayStation 3, Xbox 360, Xbox One, PlayStation 4, PlayStation"
Everything,2017,80,E,7.1,N/A,Adventure,"PlayStation 4, PC, Nintendo Switch"
Naruto: The Broken Bond,2008,80,T,8.1,Ubisoft Montreal,Open-World Action,Xbox 360
The Elder Scrolls IV: Oblivion Remastered,2025,80,M,7.5,Bethesda Game Studios,Western RPG,"PC, Xbox Series X, PlayStation 5, Nintendo Switch"
SMITE,2015,80,T,6.8,Hi-Rez Studios,MOBA,"PC, Xbox One, PlayStation 4, Nintendo Switch"
Thomas Was Alone,2013,80,E,7.3,Mike Bithell,2D Platformer,"PC, PlayStation, PlayStation 3, iOS (iPhone/iPad), Wii U, Xbox One, PlayStation 4, Nintendo Switch"
Pushmo World,2014,80,E,8.0,Intelligent Systems,Action Puzzle,Wii U
FlatOut: Ultimate Carnage,2007,80,T,8.3,Warner Bros. Interactive Entertainment,Auto Racing,"PC, Xbox 360"
Middle-earth: Shadow of War,2017,80,M,5.5,Monolith Productions,Open-World Action,"Xbox One, PlayStation 4, PC"
Microsoft Flight Simulator X,2006,80,E,7.4,Microsoft Game Studios,Aircraft Sim,PC
Layers of Fear: Legacy,2018,80,M,6.9,Bloober Team,Survival,Nintendo Switch
Judgment,2019,80,M,8.5,Ryu ga Gotoku Studios,Open-World Action,"PlayStation 4, Xbox Series X, PlayStation 5, PC"
Keeper,2025,80,E10+,7.6,Double Fine Productions,Action Adventure,"PC, Xbox Series X"
Forza Motorsport 5,2013,79,E,6.1,Turn 10,Auto Racing Sim,Xbox One
Hitman: Absolution,2012,79,M,7.3,Io Interactive,Action Adventure,"Xbox 360, PC, PlayStation 3, iOS (iPhone/iPad), Nintendo Switch"
Skylanders Imaginators,2016,79,E10+,6.2,Toys for Bob,3D Platformer,"Xbox One, PlayStation 4, Wii U, PlayStation 3, Xbox 360, Nintendo Switch"
Empire Earth II,2005,79,T,7.4,Sierra Entertainment,Real-Time Strategy,PC
Resident Evil Village Gold Edition,2026,79,M,8.6,Capcom,Survival,"PlayStation 5, PC, Xbox Series X, PlayStation 4, Xbox One, Nintendo Switch"
Venba,2023,79,N/A,6.4,N/A,Adventure,"PC, Nintendo Switch, Xbox Series X, PlayStation 5, Xbox One"
Resident Evil 5: Lost in Nightmares,2010,79,M,7.6,Capcom,Survival,"Xbox 360, PlayStation 3"
Yakuza 3,2010,79,M,7.9,Ryu ga Gotoku Studios,Open-World Action,PlayStation 3
Escape Academy,2022,79,N/A,8.0,iam8bit,First-Person Adventure,"Xbox Series X, Xbox One, PlayStation 4, PC, PlayStation 5"
The King of Fighters XIII,2011,79,T,8.3,SNK Playmore,2D Fighting,"Xbox 360, PlayStation 3"
Star Wars Jedi: Fallen Order,2019,79,T,7.6,Respawn Entertainment,Action Adventure,"PlayStation 4, Xbox One, PC, PlayStation 5, Xbox Series X"
Divine Divinity,2002,79,T,8.3,Larian Studios Games,Action RPG,PC
The Path,2009,79,N/A,6.6,N/A,Third-Person Adventure,PC
Metroid: Other M,2010,79,T,6.6,Team Ninja,Action Adventure,Wii
Wartales,2023,79,N/A,7.6,Shiro Games,Western RPG,"PC, Nintendo Switch, Xbox Series X"
Shin Megami Tensei: Devil Survivor 2,2012,79,T,8.2,Atlus,Turn-Based Tactics,
Valfaris,2019,79,M,7.7,Big Sugar,2D Platformer,"PC, Xbox One, PlayStation 4, Nintendo Switch"
Star Wars: Empire at War,2006,79,T,8.2,Petroglyph,Real-Time Strategy,PC
EA Sports MMA,2010,79,T,8.0,EA Tiburon,Combat Sport,"Xbox 360, PlayStation 3, iOS (iPhone/iPad)"
Scribblenauts,2009,79,E10+,7.3,Warner Bros. Interactive Entertainment,Action Puzzle,
Lost Planet: Extreme Condition,2007,79,T,6.8,Capcom,Third Person Shooter,"PC, Xbox 360, PlayStation 3"
LEGO Builder's Journey,2021,79,N/A,6.8,Light Brick,Puzzle,"iOS (iPhone/iPad), PC, Nintendo Switch, Xbox One, Xbox Series X, PlayStation 5, PlayStation 4"
Stasis,2015,79,N/A,7.7,N/A,Point-and-Click,"PC, Nintendo Switch, PlayStation 5, Xbox Series X, Xbox One, PlayStation 4"
Terra Nil,2023,79,N/A,6.8,Devolver Digital,Real-Time Strategy,"PC, iOS (iPhone/iPad), Nintendo Switch"
Euro Truck Simulator 2,2013,79,N/A,8.5,SCS Software,Vehicle Sim,"PC, Xbox Series X, PlayStation 5"
Eternal Sonata,2007,79,T,8.0,Namco Bandai Games,JRPG,"PlayStation 3, Xbox 360"
Kaze and the Wild Masks,2021,79,E,8.0,Soedesco,2D Platformer,"PC, Nintendo Switch, PlayStation 4, Xbox One"
LEGO Batman 2: DC Super Heroes,2012,79,E10+,7.8,TT Games,Action Adventure,"Xbox 360, PlayStation 3, PC, PlayStation, 3DS, Wii, Wii U"
Monday Night Combat,2010,79,T,8.0,Microsoft Game Studios,Third Person Shooter,"Xbox 360, PC"
The Touryst,2019,79,E,7.7,Shin'en,Action Adventure,"Nintendo Switch, Xbox One, PC, Xbox Series X, PlayStation 4, PlayStation 5"
Tropico 3,2009,79,T,8.1,Haemimont Games,Management,"PC, Xbox 360, iOS (iPhone/iPad)"
Kirby's Extra Epic Yarn,2019,79,E,7.0,Good-Feel,2D Platformer,3DS
Rollerdrome,2022,79,M,6.9,Private Division,Third Person Shooter,"PlayStation 5, PlayStation 4, PC, Xbox Series X"
Kirby's Return to Dream Land Deluxe,2023,79,E10+,8.6,HAL Labs,2D Platformer,Nintendo Switch
GrimGrimoire,2007,79,E10+,3.9,Vanillaware,Command RTS,PlayStation 2
Runaway: A Twist of Fate,2011,79,T,8.3,Focus Home Interactive,Point-and-Click,"PC, iOS (iPhone/iPad)"
Cities: Skylines - After Dark,2015,79,E,7.7,Colossal Order,Management,PC
Tom Clancy's Rainbow Six Siege X,2025,79,N/A,6.3,Ubisoft Montreal,Tactical FPS,"PC, Xbox One, PlayStation 5, Xbox Series X, PlayStation 4"
Hatsune Miku: Project Diva MegaMix,2020,79,T,8.6,Sega AM2,Rhythm,Nintendo Switch
Yoshi's Crafted World,2019,79,E,8.0,Good-Feel,3D Platformer,Nintendo Switch
Arena of Valor,2018,79,N/A,6.4,TiMi Studio Group,MOBA,"Nintendo Switch, iOS (iPhone/iPad)"
Gears of War: Reloaded,2025,79,M,6.8,The Coalition,Third Person Shooter,"Xbox Series X, PC, PlayStation 5"
Bloodline Champions,2011,79,N/A,8.0,Funcom,MOBA,PC
Pokken Tournament DX,2017,79,E10+,7.5,Bandai Namco Games,3D Fighting,Nintendo Switch
The Legend of Heroes: Trails in the Sky,2011,79,T,8.2,Falcom,JRPG,PC
Orcs Must Die!,2011,79,T,7.9,Robot Entertainment,Defense,"PC, Xbox 360"
Final Fantasy XIV: Dawntrail,2024,79,T,5.2,Square Enix,MMORPG,"PlayStation 5, PC, PlayStation 4, Xbox Series X"
Call of Duty: Warzone,2022,79,M,4.2,Infinity Ward,Tactical FPS,"PlayStation 5, Xbox Series X, PC, PlayStation 4, Xbox One"
Dynasty Warriors: Origins,2025,79,T,8.1,Omega Force,3D Beat-'Em-Up,"PlayStation 5, PC, Xbox Series X, Nintendo Switch"
Prey,2017,79,M,8.0,Arkane Studios,Action RPG,"PC, PlayStation 4, Xbox One"
Payday 2,2013,79,M,4.2,Overkill Software,FPS,"PC, PlayStation 3, Xbox 360, Nintendo Switch, PlayStation 4, Xbox One"
Spider-Man: The Movie,2002,79,E,7.2,Treyarch,Action Adventure,"PlayStation 2, PC, Xbox"
Dead Rising 2: Case Zero,2010,79,M,7.7,Capcom,Survival,Xbox 360
Midnight Club: LA Remix,2008,79,T,8.0,Rockstar Games,Auto Racing,
Dungeons of Dredmor,2011,79,N/A,7.6,N/A,Roguelike,PC
Tekken 6,2009,79,T,7.5,Namco Bandai Games,3D Fighting,"PlayStation 3, Xbox 360, PlayStation 5, PlayStation 4"
New Pokemon Snap,2021,79,E,7.8,Bandai Namco Games,Rail Shooter,Nintendo Switch
Alaloth - Champions of The Four Kingdoms,2024,79,N/A,7.7,Gamera Games,Action RPG,"Xbox One, PC, Nintendo Switch, PlayStation 4"
LittleBigPlanet 3,2014,79,E,7.1,Sumo Digital,2D Platformer,"PlayStation 4, PlayStation 3"
Tom Clancy's Ghost Recon: Future Soldier,2012,79,M,7.3,Ubisoft Paris,Tactical Third Person Shooter,"PC, Xbox 360, PlayStation 3"
Ys Seven,2010,79,T,8.4,Falcom,Action RPG,PC
Death Road to Canada,2018,79,T,7.5,Rocketcat Games,Top-Down Shoot-'Em-Up,"PC, iOS (iPhone/iPad), Nintendo Switch, PlayStation 4, Xbox One"
The Unfinished Swan,2012,79,E10+,8.0,Giant Sparrow,First-Person Adventure,"PlayStation 3, PlayStation 4, PlayStation, PC, iOS (iPhone/iPad)"
The Lord of the Rings: The Battle for Middle-Earth II,2006,79,T,8.4,EA Games,Real-Time Strategy,"PC, Xbox 360"
Stick it to the Man!,2013,79,T,7.6,Zoink!,3D Platformer,"PlayStation 3, PlayStation, PC, PlayStation 4, Wii U, Xbox One, Nintendo Switch"
SpongeBob SquarePants: Titans of the Tide,2025,79,E10+,8.3,Purple Lamp Studios,3D Platformer,"PlayStation 5, Xbox Series X, PC, Nintendo Switch"
Dead Rising 2,2010,79,M,7.2,Capcom,Open-World Action,"PlayStation 3, Xbox 360, PC, PlayStation 4, Xbox One"
Parasite Eve II,2000,79,M,8.5,N/A,Action RPG,PlayStation
Final Fantasy Origins,2003,79,T,7.9,TOSE,Compilation,PlayStation
A Hat in Time,2017,79,E10+,8.6,Gears for Breakfast,3D Platformer,"PC, PlayStation 4, Xbox One, Nintendo Switch"
The Incredible Adventures of Van Helsing: Final Cut,2015,79,T,7.1,NeocoreGames,Action RPG,PC
Hexic HD,2005,79,E,6.9,Microsoft Game Studios,Puzzle,Xbox 360
Stella Glow,2015,79,T,8.2,Atlus,Turn-Based Strategy,3DS
Afterimage,2023,79,N/A,7.7,Modus Games,Metroidvania,"PC, PlayStation 5, Nintendo Switch, Xbox Series X, PlayStation 4, Xbox One"
Alien: Isolation,2014,79,M,8.3,Creative Assembly,Survival,"Xbox One, PlayStation 4, PC, PlayStation 3, Xbox 360, Nintendo Switch, iOS (iPhone/iPad)"
Professor Layton VS Phoenix Wright Ace Attorney,2014,79,T,8.2,Level 5,Puzzle,3DS
Hell Let Loose,2021,79,N/A,6.4,Team17,Tactical FPS,"PC, PlayStation 5, Xbox Series X"
The King of Fighters XV,2022,79,T,7.6,SNK Corporation,2D Fighting,"PlayStation 4, PlayStation 5, PC, Xbox Series X"
Catherine,2011,79,M,8.2,Atlus,Survival,"Xbox 360, PlayStation 3, PC"
Rome: Total War Alexander,2006,79,T,7.4,Creative Assembly,Real-Time Strategy,"PC, iOS (iPhone/iPad)"
House Flipper 2,2023,79,E,7.3,Frozen District,Virtual Career,"PC, PlayStation 5, Xbox Series X, Nintendo Switch"
F1 22,2022,79,E,4.2,Codemasters,Auto Racing Sim,"PlayStation 5, Xbox Series X, PC, PlayStation 4, Xbox One"
Teenage Mutant Ninja Turtles: The Cowabunga Collection,2022,79,T,7.6,Digital Eclipse,Compilation,"PlayStation 5, PlayStation 4, Nintendo Switch, Xbox Series X, Xbox One, PC"
Ion Fury,2019,79,M,7.0,"Voidpoint, LLC",FPS,"PC, PlayStation 4, Xbox One, Nintendo Switch"
LEGO Harry Potter: Years 1-4,2010,79,E10+,7.4,Warner Bros. Interactive Entertainment,Linear Action Adventure,"Wii, PlayStation 3, Xbox 360, PC, iOS (iPhone/iPad)"
Dying Light: The Following,2016,79,M,8.2,Techland,Survival,"Xbox One, PlayStation 4, PC"
Day of Defeat,2003,79,T,6.6,Valve Software,Tactical FPS,PC
Tekken 4,2002,79,T,7.7,Namco,3D Fighting,PlayStation 2
The Quarry,2022,79,M,6.5,Supermassive Games,Third-Person Adventure,"PC, PlayStation 5, Xbox Series X, PlayStation 4, Xbox One"
Pro Evolution Soccer 2019,2019,79,E,6.5,Konami,Soccer Sim,"PlayStation 4, Xbox One, PC"
Mirror's Edge,2008,79,T,7.7,EA DICE,Action Adventure,"PC, PlayStation 3, Xbox 360"
Naruto Shippuden: Ultimate Ninja Storm 4,2016,79,T,8.0,CyberConnect2,3D Fighting,"PlayStation 4, Xbox One, PC"
Call of Duty: Warzone Caldera,2020,79,M,4.2,Infinity Ward,Tactical FPS,"PC, PlayStation 4, Xbox One"
King Arthur: The Role-Playing Wargame,2009,79,T,7.6,NeocoreGames,Real-Time Strategy,PC
Final Fantasy XIII-2,2012,79,T,7.0,Square Enix,JRPG,"Xbox 360, PlayStation 3, PC"
Yu-Gi-Oh! Legacy of the Duelist: Link Evolution,2019,79,T,7.8,Konami,Card Battle,"Nintendo Switch, PC, Xbox One, PlayStation 4"
OlliOlli,2014,79,E,7.9,N/A,Skating,"PlayStation, PlayStation 4, PC, PlayStation 3, 3DS, Wii U, Xbox One"
Ghost Song,2022,79,T,6.9,Humble Games,Metroidvania,"PC, Nintendo Switch, Xbox Series X, Xbox One, PlayStation 5, PlayStation 4"
Golden Sun: Dark Dawn,2010,79,E10+,8.0,Camelot Software Planning,JRPG,
Gothic II,2003,79,M,8.9,Atari SA,Western RPG,PC
King's Bounty: The Legend,2008,79,T,8.4,Atari SA,Turn-Based Strategy,PC
Call of Duty: Black Ops - Escalation,2011,79,M,5.4,Treyarch,Tactical FPS,"Xbox 360, PlayStation 3, PC"
Life is Strange: True Colors - Wavelengths,2021,79,N/A,6.3,Deck Nine Games,Third-Person Adventure,"PC, Xbox Series X, Xbox One, PlayStation 5, PlayStation 4"
Heavenly Sword,2007,79,T,7.4,Ninja Theory,3D Beat-'Em-Up,PlayStation 3
Dragon Age II,2011,79,M,5.0,BioWare,Action RPG,"Xbox 360, PlayStation 3, PC"
Tales of Vesperia,2008,79,T,8.4,Bandai Namco Games,Action RPG,"Xbox 360, PlayStation 3"
Fat Princess,2009,79,T,7.7,N/A,Real-Time Strategy,PlayStation 3
Resident Evil 3,2020,79,M,6.8,M-Two,Survival,"PlayStation 4, Xbox One, PC, PlayStation 5, Xbox Series X, iOS (iPhone/iPad), Nintendo Switch"
Pillars of Eternity: The White March - Part 2,2016,79,M,8.7,Obsidian Entertainment,Western RPG,PC
Invincible Presents: Atom Eve,2023,79,N/A,5.8,Skybound Games,Visual Novel,PC
Little Inferno,2012,79,T,7.6,Tomorrow Corporation,Action Puzzle,"Wii U, PC, iOS (iPhone/iPad), Nintendo Switch"
Guild Wars: Eye of the North,2007,79,T,8.2,NCSOFT,MMORPG,PC
Driveclub Bikes,2015,79,E,7.5,N/A,Auto Racing Sim,PlayStation 4
Batman: The Enemy Within - The Telltale Series,2017,79,M,7.5,Telltale Games,Point-and-Click,"PlayStation 4, Xbox One, PC, iOS (iPhone/iPad), Nintendo Switch"
Final Fantasy III Pixel Remaster,2021,79,E10+,6.2,TOSE,JRPG,"iOS (iPhone/iPad), PC, Nintendo Switch, PlayStation 4, Xbox Series X"
Harvest Moon: A Wonderful Life,2004,79,E,7.0,TOSE,Tycoon,"PlayStation 2, PlayStation 4"
The King of Fighters XIV,2016,79,T,8.3,SNK Corporation,2D Fighting,"PlayStation 4, PC"
Tales of Berseria,2017,79,T,7.9,Bandai Namco Games,Action RPG,"PlayStation 4, PlayStation 3, PC"
Star Wars: Squadrons,2020,79,T,5.7,Electronic Arts,Space Combat Sim,"PC, Xbox One, PlayStation 4, Xbox Series X"
Race the Sun,2013,79,N/A,7.3,Flippfly,Arcade,"Xbox One, PC, PlayStation 4, PlayStation 3, PlayStation, Wii U, iOS (iPhone/iPad)"
MotorStorm: Arctic Edge,2009,79,T,8.2,N/A,Arcade Racing,PlayStation 2
The Sims 3: Pets,2011,79,T,6.3,Electronic Arts,Virtual Life,PC
Hyrule Warriors: Age of Imprisonment,2025,79,T,8.5,Koei Tecmo Games,3D Beat-'Em-Up,Nintendo Switch
Trials Rising,2019,79,T,6.3,Ubisoft,Auto Racing,"PlayStation 4, Xbox One, Nintendo Switch, PC"
F1 Manager 2022,2022,79,E,6.5,Frontier Developments,Racing Sim,"PlayStation 5, Xbox Series X, PC, PlayStation 4, Xbox One"
Gears of War: Judgment,2013,79,M,5.9,Epic Games,Third Person Shooter,Xbox 360
Halo Wars 2,2017,79,T,6.6,Creative Assembly,Real-Time Strategy,"Xbox One, PC"
Homeworld: Deserts of Kharak,2016,79,E10+,8.0,Blackbird Interactive,Command RTS,PC
NBA 2K25,2024,79,E,4.7,Visual Concepts,Basketball Sim,"PlayStation 5, Xbox Series X, PC, PlayStation 4, Xbox One, Nintendo Switch"
River City Girls,2019,79,E10+,6.9,WayForward,2D Beat-'Em-Up,"Nintendo Switch, PlayStation 4, PC, Xbox One, PlayStation 5, iOS (iPhone/iPad)"
Alan Wake Remastered,2021,79,T,7.3,Remedy Entertainment,Survival,"PlayStation 5, PlayStation 4, Xbox Series X, Xbox One, PC, Nintendo Switch"
FIFA 20,2019,79,E,1.5,Electronic Arts,Soccer Sim,"PlayStation 4, Xbox One, PC, Nintendo Switch"
Hearthstone: Heroes of Warcraft - Journey to Un'Goro,2017,79,N/A,3.8,Blizzard Entertainment,Card Battle,PC
Frostpunk: The Last Autumn,2020,79,N/A,8.5,11 bit studios,Management,PC
Downhill Domination,2003,79,T,8.4,N/A,Biking,PlayStation 2
Mario Party,1999,79,E,7.8,Nintendo,Party,Nintendo 64
Silent Hill: Shattered Memories,2009,79,M,7.5,Climax Studios,Survival,"Wii, PlayStation 2"
Pro Evolution Soccer 2011,2011,79,E,6.8,Konami,Soccer Sim,"Xbox 360, PlayStation 3, Wii, PC, PlayStation 2, iOS (iPhone/iPad), 3DS"
Spellbreak,2020,79,T,7.9,"Proletariat, Inc.",Third Person Shooter,"PC, PlayStation 4, Xbox One, Nintendo Switch"
F1 Manager 2023,2023,79,E,6.7,Frontier Developments,Auto Racing Sim,"PC, PlayStation 5, Xbox Series X, Xbox One, PlayStation 4"
The Settlers 7: Paths to a Kingdom,2010,79,E10+,6.0,Blue Byte,Management,PC
ROUTINE,2025,79,N/A,7.8,Raw Fury,Survival,"PC, Xbox Series X, Xbox One"
RollerCoaster Tycoon 3: Soaked!,2005,79,E,5.6,Frontier Developments,Tycoon,PC
Mighty Switch Force!,2011,79,E10+,7.8,WayForward,2D Platformer,3DS
Overwatch,2023,79,T,1.9,Blizzard Entertainment,Tactical FPS,"PC, Xbox One, PlayStation 4, Nintendo Switch, Xbox Series X, PlayStation 5"
EVERSPACE,2017,79,N/A,7.5,ROCKFISH Games,Space Combat Sim,"PC, Xbox One, PlayStation 4"
Dark Souls II: Crown of the Old Iron King,2014,79,N/A,7.3,From Software,Action RPG,"PlayStation 3, Xbox 360, PC"
TrackMania 2 Valley,2013,79,N/A,8.1,Ubisoft,Auto Racing,PC
Alba: a Wildlife Adventure,2020,79,E,7.8,N/A,Adventure,"Xbox Series X, Xbox One, PC, iOS (iPhone/iPad), Nintendo Switch, PlayStation 5, PlayStation 4"
Sid Meier's Civilization VII,2025,79,E10+,3.8,Firaxis Games,4X Strategy,"PC, PlayStation 5, Xbox Series X, Xbox One, PlayStation 4, Nintendo Switch, iOS (iPhone/iPad)"
Wild Hearts,2023,79,T,6.6,Omega Force,Action RPG,"PlayStation 5, PC, Xbox Series X"
F1 2013,2013,79,E,7.1,Codemasters,Auto Racing Sim,"Xbox 360, PlayStation 3, PC"
World of Warcraft: Battle for Azeroth,2018,79,T,3.2,Blizzard Entertainment,MMORPG,PC
Sid Meier's Civilization VI: Rise and Fall,2018,79,N/A,6.6,Firaxis Games,4X Strategy,PC
Blue Dragon,2007,79,T,7.8,Microsoft Game Studios,JRPG,Xbox 360
Call of Duty: WWII,2017,79,M,5.5,Sledgehammer Games,FPS,"PlayStation 4, Xbox One, PC"
WRC 8 FIA World Rally Championship,2019,79,E,5.9,Kylotonn,Auto Racing,"PlayStation 4, Xbox One, Nintendo Switch, PC"
Luto,2025,79,M,7.4,Selecta Play,First-Person Adventure,"PlayStation 5, PC, Xbox Series X"
Mega Man Battle Network,2001,79,E,6.9,Capcom,Action RPG,Game Boy Advance
Rift: Storm Legion,2012,79,T,7.8,Trion Worlds,MMORPG,PC
Mario Strikers Charged,2007,79,E10+,8.1,Next Level Games,Soccer,Wii
Crayon Physics Deluxe,2009,79,E,7.2,N/A,Puzzle,"PC, iOS (iPhone/iPad)"
Digimon Story Time Stranger,2025,78,T,9.1,Media.Vision,Trainer RPG,"PlayStation 5, Xbox Series X, PC, Nintendo Switch"
Mafia: Definitive Edition,2020,78,M,7.6,Hangar 13,Open-World Action,"Xbox One, PC, PlayStation 4"
MechWarrior 5: Clans,2024,78,N/A,6.6,N/A,Vehicle Combat Sim,"PlayStation 5, Xbox Series X, PC"
Golf Story,2017,78,E,8.1,SideBar Games,Action Adventure,Nintendo Switch
Zuma's Revenge!,2009,78,E,7.5,PopCap,Action Puzzle,"PC, iOS (iPhone/iPad), Xbox 360, PlayStation 3"
BattleTech,2018,78,N/A,7.0,Harebrained Schemes LLC,Turn-Based Tactics,PC
The First Berserker: Khazan,2025,78,M,7.9,Nexon,Action RPG,"PC, Xbox Series X, PlayStation 5"
Lost in Random,2021,78,E10+,7.5,Electronic Arts,Action Adventure,"PC, PlayStation 4, Xbox One, Nintendo Switch, PlayStation 5, Xbox Series X"
Othercide,2020,78,N/A,6.9,Lightbulb Crew,Turn-Based Tactics,"PC, Xbox One, PlayStation 4, Nintendo Switch"
Tiny Tina's Wonderlands,2022,78,T,5.8,Gearbox Software,FPS,"PlayStation 5, Xbox Series X, PC, PlayStation 4, Xbox One"
Curse of the Dead Gods,2021,78,N/A,6.9,Passtech Games,Action RPG,"PC, Xbox One, PlayStation 4, Nintendo Switch"
Detroit: Become Human,2018,78,M,8.7,Quantic Dream,Third-Person Adventure,"PlayStation 4, PC"
Persona 3 Reload - Episode Aigis: The Answer,2024,78,N/A,7.1,Atlus,JRPG,"PlayStation 5, PC, Xbox Series X, Xbox One, PlayStation 4"
Baldur's Gate: Enhanced Edition,2012,78,T,6.8,Overhaul Games,Western RPG,"PC, iOS (iPhone/iPad), PlayStation 4, Xbox One, Nintendo Switch"
Disgaea 3: Absence of Justice,2008,78,T,7.6,Nippon Ichi Software,Turn-Based Tactics,"PlayStation, PlayStation 3"
Harvest Moon 64,1999,78,E,8.0,Natsume,Tycoon,Nintendo 64
Baldur's Gate: Dark Alliance II,2004,78,T,8.0,Black Isle Studios,Action RPG,"PlayStation 2, Xbox, Nintendo Switch, PlayStation 5, PlayStation 4, Xbox One, Xbox Series X, PC"
Skylanders: Spyro's Adventure,2011,78,E10+,6.7,Toys for Bob,3D Platformer,"Wii, PlayStation 3, PC, Xbox 360, 3DS, Wii U"
AI: The Somnium Files,2019,78,M,8.6,Spike Chunsoft,Action Adventure,"PlayStation 4, PC, Nintendo Switch, Xbox One"
NHL 17,2016,78,E10+,5.8,EA Sports,Hockey Sim,"PlayStation 4, Xbox One"
A Way Out,2018,78,M,7.9,Electronic Arts,Linear Action Adventure,"PC, PlayStation 4, Xbox One"
The Sims 4: City Living,2016,78,T,5.8,Maxis,Virtual Life,"PC, Xbox One, PlayStation 4"
Lost Odyssey,2008,78,T,8.4,Microsoft Game Studios,JRPG,Xbox 360
Doki Doki Literature Club!,2017,78,N/A,8.3,N/A,Visual Novel,PC
Fallout 4 VR,2017,78,N/A,5.1,Bethesda Game Studios,Western RPG,PC
Yoshi's Woolly World,2015,78,E,8.5,Good-Feel,2D Platformer,"3DS, Wii U"
Stellaris,2016,78,N/A,8.1,Paradox Development Studio,Real-Time Strategy,"PC, PlayStation 4, Xbox One"
The House of the Dead: Overkill,2009,78,M,8.1,Sega,Light Gun,Wii
SIREN: Blood Curse,2008,78,M,7.9,SCE Japan Studio,Survival,PlayStation 3
WWE '13,2012,78,T,8.0,Yuke's,Wrestling,"Xbox 360, PlayStation 3, Wii"
Pro Evolution Soccer 2010,2010,78,E,7.0,Konami,Soccer Sim,"Xbox 360, PlayStation 3, PC, PlayStation 2, Wii"
Hotel Dusk: Room 215,2007,78,T,8.5,Nintendo,Adventure,
Adios,2021,78,N/A,6.3,Mischief,First-Person Adventure,"PC, Xbox One, Nintendo Switch"
The Thing,2002,78,M,7.4,N/A,Survival,"PlayStation 2, PC, Xbox"
Hatsune Miku: Project Diva X,2016,78,T,7.4,Sega,Rhythm,"PlayStation, PlayStation 4"
Granblue Fantasy: Versus,2020,78,T,6.4,Arc System Works,2D Fighting,"PlayStation 4, PC"
DeadCore,2013,78,T,6.7,N/A,FPS,"PC, Xbox One, PlayStation 4"
Jurassic World Evolution 2,2021,78,T,7.3,Frontier Developments,Tycoon,"Xbox Series X, PlayStation 5, Xbox One, PC, PlayStation 4"
Neverwinter Nights: Shadows of Undrentide,2003,78,T,7.7,BioWare,Western RPG,PC
Duke Nukem: Manhattan Project,2002,78,M,7.7,N/A,2D Platformer,"PC, Xbox 360, iOS (iPhone/iPad)"
Overcooked!,2016,78,E,7.8,Ghost Town Games Ltd.,Action Puzzle,"PC, Xbox One, PlayStation 4, Nintendo Switch"
Grand Kingdom,2016,78,T,7.4,Spike Chunsoft,Turn-Based Tactics,"PlayStation 4, PlayStation"
Dauntless,2019,78,T,5.3,Phoenix Labs,Action RPG,"PC, PlayStation 4, Xbox One, Nintendo Switch, PlayStation 5, Xbox Series X"
For Honor,2017,78,M,6.1,Ubisoft Montreal,Action Adventure,"PlayStation 4, Xbox One, PC, Xbox Series X"
Insurgency: Sandstorm,2018,78,M,7.9,Focus Home Interactive,Tactical FPS,"PC, PlayStation 4, Xbox One, PlayStation 5"
Klonoa Phantasy Reverie Series,2022,78,E10+,8.0,Bandai Namco Games,Compilation,"Nintendo Switch, PlayStation 5, PlayStation 4, Xbox Series X, Xbox One, PC"
TumbleSeed,2017,78,E,7.3,N/A,Action,"PC, Nintendo Switch, PlayStation 4"
Metal Slug Tactics,2024,78,N/A,6.6,Leikir Studio,Turn-Based Tactics,"PC, Nintendo Switch, PlayStation 5, PlayStation 4, Xbox Series X, Xbox One, iOS (iPhone/iPad)"
Dragon Quest VI: Realms of Revelation,2011,78,T,8.0,ArtePiazza,JRPG,iOS (iPhone/iPad)
Theatrhythm Final Fantasy,2012,78,E10+,7.8,indieszero,Rhythm,"3DS, iOS (iPhone/iPad)"
Teleglitch: Die More Edition,2013,78,N/A,7.0,Paradox Interactive,Top-Down Shoot-'Em-Up,PC
GTFO,2019,78,M,7.5,10 Chambers Collective,Tactical FPS,PC
Donkey Kong Country,2003,78,E,8.7,Rare Ltd.,2D Platformer,Game Boy Advance
League of Legends,2009,78,T,4.7,Riot Games,MOBA,PC
Drova - Forsaken Kin,2024,78,T,8.5,DECK13 Spotlight,Action RPG,"PC, Nintendo Switch, PlayStation 5, PlayStation 4, Xbox Series X, Xbox One, iOS (iPhone/iPad)"
Rabbids Go Home,2009,78,E10+,8.3,Ubisoft,Action Adventure,Wii
Arknights: Endfield,2026,78,N/A,5.6,Hypergryph,Action RPG,"PC, iOS (iPhone/iPad), PlayStation 5"
Dune: Awakening,2025,78,M,6.1,Funcom,Open-World Action,"PC, PlayStation 5, Xbox Series X"
Observer,2017,78,M,7.5,Bloober Team,First-Person Adventure,"PC, Xbox One, PlayStation 4, Nintendo Switch"
Assassin's Creed Nexus VR,2023,78,T,7.9,Red Storm Entertainment,Action Adventure,
Apollo Justice: Ace Attorney,2008,78,T,8.0,Capcom,Visual Novel,"iOS (iPhone/iPad), 3DS"
The Tomb Raider Trilogy,2011,78,T,8.3,Square Enix,Compilation,PlayStation 3
Metroid Prime 4: Beyond,2025,78,T,7.8,Retro Studios,FPS,Nintendo Switch
Ken Follett's The Pillars of the Earth,2017,78,M,7.8,Daedalic Entertainment,Visual Novel,"PC, Xbox One, PlayStation 4, Nintendo Switch, iOS (iPhone/iPad)"
Like a Dragon Gaiden: The Man Who Erased His Name,2023,78,M,8.3,Ryu ga Gotoku Studios,Action Adventure,"PlayStation 5, Xbox Series X, PC, PlayStation 4, Xbox One"
Hatsune Miku: Project DIVA F 2nd,2014,78,T,8.8,Sega,Rhythm,"PlayStation 3, PlayStation"
LEGO Star Wars: The Force Awakens,2016,78,E10+,7.0,TT Games,Action Adventure,"PlayStation 4, PlayStation 3, Xbox One, Xbox 360, Wii U, 3DS, PC, PlayStation, iOS (iPhone/iPad)"
Unravel,2016,78,E,8.0,Electronic Arts,2D Platformer,"PlayStation 4, Xbox One, PC"
Super Street Fighter IV: Arcade Edition,2011,78,T,7.3,Capcom,2D Fighting,"PlayStation 3, Xbox 360, PC"
Hitman: Contracts,2004,78,M,7.7,Io Interactive,Third Person Shooter,"PlayStation 2, PC, Xbox"
Resident Evil: Revelations Collection,2017,78,M,8.0,Capcom,Compilation,Nintendo Switch
Sonic Origins,2022,78,E,7.6,Sega,Compilation,"Nintendo Switch, Xbox Series X, PlayStation 5, PlayStation 4, Xbox One, PC"
Praetorians,2003,78,T,8.0,Eidos Interactive,Real-Time Strategy,PC
Mario and Donkey Kong: Minis on the Move,2013,78,E,7.1,Nintendo,Action Puzzle,3DS
Naruto: Rise of a Ninja,2007,78,T,7.7,Ubisoft Montreal,Open-World Action,Xbox 360
Sonic Rush Adventure,2007,78,E,8.0,Dimps Corporation,2D Platformer,
Splatoon 3: Expansion Pass Wave 2 - Side Order,2024,78,E10+,7.7,Nintendo,Third Person Shooter,Nintendo Switch
Trine 5: A Clockwork Conspiracy,2023,78,E10+,7.7,"Frozenbyte, Inc.",2D Platformer,"PlayStation 5, Xbox Series X, PC, PlayStation 4, Xbox One, Nintendo Switch"
The Persistence VR,2018,78,M,8.4,Firesprite,First-Person Adventure,PlayStation 4
Shin Megami Tensei: Persona,2009,78,T,7.8,Atlus,JRPG,
Call of Duty: Black Ops - First Strike,2011,78,M,6.5,Treyarch,Tactical FPS,"Xbox 360, PlayStation 3, PC"
Silent Hill: Origins,2007,78,M,7.4,Climax Studios,Survival,PlayStation 2
Mutant Year Zero: Road to Eden,2018,78,M,7.7,The Bearded Ladies Consulting,Turn-Based Tactics,"PlayStation 4, PC, Xbox One"
Another Crab's Treasure,2024,78,N/A,7.5,N/A,Action Adventure,"Nintendo Switch, PC, Xbox Series X, PlayStation 5, Xbox One"
Chaos on Deponia,2012,78,T,8.2,Daedalic Entertainment,Point-and-Click,"PC, PlayStation 4, Xbox One, Nintendo Switch"
Ashen,2018,78,T,7.1,A44,Open-World Action,"Xbox One, PC, Nintendo Switch, PlayStation 4"
Green Hell,2019,78,N/A,7.5,Creepy Jar,Survival,"PC, Nintendo Switch, PlayStation 4, Xbox One, PlayStation 5, Xbox Series X"
Shin Megami Tensei: Digital Devil Saga,2005,78,M,8.6,Atlus,JRPG,PlayStation 2
The Mageseeker: A League of Legends Story,2023,78,T,6.7,Digital Sun,Action RPG,"PlayStation 5, Xbox Series X, PC, Nintendo Switch, Xbox One, PlayStation 4"
The Wonderful 101,2013,78,T,8.6,PlatinumGames,2D Platformer,Wii U
Fatal Frame III: The Tormented,2005,78,M,8.7,Tecmo,Survival,PlayStation 2
NHL 16,2015,78,E10+,5.6,EA Sports,Hockey Sim,"PlayStation 4, Xbox One"
Rock Band 4,2015,78,T,6.5,Harmonix Music Systems,Rhythm,"PlayStation 4, Xbox One"
MLB The Show 21,2021,78,E,4.4,Sony Interactive Entertainment,Baseball Sim,"PlayStation 5, Xbox Series X, PlayStation 4, Xbox One"
My Friend Pedro,2019,78,M,7.6,Devolver Digital,2D Platformer,"PC, Nintendo Switch, Xbox One, PlayStation 4"
WarioWare Gold,2018,78,E10+,8.3,Nintendo,Party,3DS
Remnant: From the Ashes,2019,78,M,6.8,Gunfire Games,Third Person Shooter,"PC, Xbox One, PlayStation 4, Xbox Series X, Nintendo Switch"
Tropico 4: Modern Times,2012,78,T,7.9,Haemimont Games,Management,"Xbox 360, PC"
Don't Starve,2014,78,T,7.2,N/A,Survival,"PC, PlayStation 4, Xbox One, Nintendo Switch, iOS (iPhone/iPad)"
Eriksholm: The Stolen Dream,2025,78,N/A,7.8,Nordcurrent,Linear Action Adventure,"PlayStation 5, Xbox Series X, PC"
Call of Duty 2: Big Red One,2005,78,T,7.2,Treyarch,FPS,"Xbox, PlayStation 2"
Mega Man ZX Advent,2007,78,E10+,7.9,Inti Creates,2D Platformer,
Taiko no Tatsujin: Drum 'n' Fun!,2018,78,E,8.1,Bandai Namco Games,Rhythm,Nintendo Switch
Return to Grace,2023,78,N/A,7.1,Creative Bytes,First-Person Adventure,"PC, PlayStation 5, PlayStation 4, Xbox Series X, Xbox One"
Skullgirls,2012,78,T,6.0,Autumn Games,2D Fighting,"PlayStation 3, Xbox 360, PC"
Pit People,2018,78,N/A,8.3,The Behemoth,Turn-Based Tactics,"PC, Xbox One"
Fortnite,2017,78,T,5.2,Epic Games,Tactical Third Person Shooter,"PC, PlayStation 4, Xbox One, iOS (iPhone/iPad), Nintendo Switch, PlayStation 5, Xbox Series X"
Yakuza 4 Remastered,2019,78,M,7.4,Ryu ga Gotoku Studios,Open-World Action,"PlayStation 4, Xbox One, PC"
Penumbra: Black Plague,2008,78,M,8.5,Frictional Games,Survival,PC
Dying Light: Platinum Edition,2021,78,M,8.5,Techland,Survival,"PC, Nintendo Switch, Xbox One"
Marvel's Guardians of the Galaxy: The Telltale Series,2017,78,T,7.4,Telltale Games,Third-Person Adventure,"PlayStation 4, PC, Xbox One, iOS (iPhone/iPad)"
Elemental: Fallen Enchantress,2012,78,N/A,7.3,Stardock,Turn-Based Strategy,PC
Wings of Prey,2009,78,T,7.2,Gaijin Entertainment,Aircraft Combat Sim,PC
The Lord of the Rings: The Battle for Middle-Earth II - The Rise of the Witch-King,2006,78,T,8.7,EA Games,Real-Time Strategy,PC
Baldur's Gate II: Enhanced Edition,2013,78,T,7.5,Overhaul Games,Western RPG,"PC, PlayStation 4, Xbox One, Nintendo Switch, iOS (iPhone/iPad)"
State of Decay,2013,78,M,7.8,Undead Labs,Survival,"Xbox 360, PC"
Sonic Colors,2010,78,E,7.9,Sonic Team,3D Platformer,Wii
Far Cry Instincts Predator,2006,78,M,6.5,Ubisoft Montreal,FPS,Xbox 360
Earth 2150,2000,78,T,8.3,SSI,Command RTS,PC
Fire Emblem: Radiant Dawn,2007,78,E10+,8.7,Intelligent Systems,Turn-Based Tactics,Wii
Crimson Desert,2026,78,N/A,8.3,Pearl Abyss,Open-World Action,"PC, PlayStation 5, Xbox Series X"
Mega Man Zero Collection,2010,78,E,8.2,Inti Creates,Compilation,
Dissidia 012: Duodecim Final Fantasy,2011,78,T,7.3,Square Enix,3D Fighting,
Lunar: Silver Star Story,1999,78,T,8.9,N/A,JRPG,"iOS (iPhone/iPad), PC, PlayStation"
EA SPORTS UFC 5,2023,78,M,3.7,Electronic Arts,Combat Sport,"PlayStation 5, Xbox Series X"
Crisis Core: Final Fantasy VII Reunion,2022,78,T,7.6,TOSE,Action RPG,"PlayStation 5, Xbox Series X, PC, PlayStation 4, Xbox One, Nintendo Switch"
Microsoft Flight Simulator 2024,2024,78,E,5.0,Asobo Studio,Aircraft Sim,"Xbox Series X, PC, PlayStation 5"
Hearthstone: Heroes of Warcraft - Curse of Naxxramas,2014,78,N/A,5.9,Blizzard Entertainment,Card Battle,"PC, iOS (iPhone/iPad)"
Amnesia Collection,2016,78,M,7.5,Frictional Games,Compilation,"PlayStation 4, Xbox One, Nintendo Switch, PC"
WWE 2K26,2026,78,T,3.2,Visual Concepts,Wrestling,"PlayStation 5, Xbox Series X, PC, Nintendo Switch"
Skylanders Trap Team,2014,78,E10+,7.7,Toys for Bob,3D Platformer,"Xbox 360, PlayStation 3, Wii, Xbox One, PlayStation 4, Wii U, 3DS, iOS (iPhone/iPad)"
Charlie Murder,2013,78,M,7.9,Microsoft Game Studios,2D Beat-'Em-Up,"Xbox 360, PC"
Call of Duty: Ghosts,2013,78,M,4.6,Infinity Ward,FPS,"Xbox 360, PlayStation 3, PC, PlayStation 4, Xbox One, Wii U"
Rune Factory 4,2013,78,E10+,8.3,XSEED Games,Action RPG,3DS
Little Nightmares,2017,78,T,8.0,Tarsier Studios,Linear Action Adventure,"PlayStation 4, Xbox One, PC, iOS (iPhone/iPad)"
GRID 2,2013,78,E,6.0,Codemasters,Auto Racing Sim,"PC, Xbox 360, PlayStation 3"
The Operator,2024,78,N/A,8.0,N/A,Adventure,"PC, Nintendo Switch"
Inazuma Eleven,2014,78,E10+,8.1,Level 5,Soccer,3DS
Shin Megami Tensei: Devil Survivor Overclocked,2011,78,T,8.0,Atlus,Turn-Based Tactics,3DS
NBA 2K20,2019,78,E,1.7,Visual Concepts,Basketball Sim,"PlayStation 4, Xbox One, PC, Nintendo Switch, iOS (iPhone/iPad)"
Forager,2019,78,N/A,7.5,HopFrog,Action Adventure,"PC, Nintendo Switch, PlayStation 4, Xbox One, iOS (iPhone/iPad)"
Etherlords II,2003,78,T,8.3,Nival Interactive,Turn-Based Strategy,PC
Ace Combat: Assault Horizon,2011,78,T,6.1,Project Aces,Aircraft Combat Sim,"Xbox 360, PlayStation 3"
Good Job!,2020,78,E,8.1,Nintendo,Action Puzzle,Nintendo Switch
Life is Strange 2,2018,78,M,6.8,DONTNOD Entertainment,Third-Person Adventure,"Xbox One, PlayStation 4, PC, Nintendo Switch"
El Shaddai: Ascension of the Metatron,2011,78,T,7.5,N/A,Action Adventure,"Xbox 360, PlayStation 3, PC"
Ghostbusters: The Video Game,2009,78,T,7.9,Atari SA,Linear Action Adventure,"PC, PlayStation 2, PlayStation 3, Xbox 360, Wii"
Banishers: Ghosts of New Eden,2024,78,T,7.6,DONTNOD Entertainment,Linear Action Adventure,"PC, PlayStation 5, Xbox Series X"
LEGO Star Wars,2005,78,E,8.1,Eidos Interactive,Action Adventure,"PlayStation 2, Xbox, PC, Game Boy Advance"
Wario Land: Shake It!,2008,78,E,8.5,Good-Feel,2D Platformer,Wii
Star Wars: Republic Commando,2005,78,T,8.2,LucasArts,FPS,"Xbox, PC, PlayStation 4, Nintendo Switch"
Pro Evolution Soccer 2014,2014,78,E,4.0,Konami,Soccer Sim,"PlayStation 3, Xbox 360, PC, 3DS, PlayStation 2"
Dead Space 3,2013,78,M,6.4,Electronic Arts,Linear Action Adventure,"PlayStation 3, Xbox 360, PC"
Desperados: Wanted Dead or Alive,2001,78,T,8.6,Spellbound,Strategy,PC
Tinykin,2022,78,N/A,8.1,tinyBuild,3D Platformer,"PC, Nintendo Switch, PlayStation 5, PlayStation 4, Xbox One, Xbox Series X"
Eastshade,2019,78,N/A,7.9,Eastshade Studios,First-Person Adventure,"PC, PlayStation 4, Xbox One"
Hyrule Warriors: Definitive Edition,2018,78,T,7.8,Koei Tecmo Games,3D Beat-'Em-Up,Nintendo Switch
Ridge Racer 7,2006,78,E,8.0,Namco Bandai Games,Auto Racing,PlayStation 3
EA SPORTS UFC 4,2020,78,T,2.4,Electronic Arts,Combat Sport,"PlayStation 4, Xbox One, Xbox Series X"
ABZU,2016,78,E,7.5,Giant Squid,Third-Person Adventure,"PlayStation 4, PC, Xbox One, Nintendo Switch"
Tropico 4,2011,78,T,7.7,Haemimont Games,Management,"PC, Xbox 360"
Life is Strange: Before the Storm - Episode 1: Awake,2017,78,M,7.4,Deck Nine Games,Third-Person Adventure,"Xbox One, PC, PlayStation 4"
Call of Duty: Black Ops III - Zombies Chronicles,2017,78,M,6.9,Treyarch,FPS,"PlayStation 4, PC, Xbox One"
Crashlands,2016,78,N/A,7.4,Butterscotch Shenanigans,Action RPG,"PC, iOS (iPhone/iPad), Nintendo Switch, Xbox One"
Pokemon Legends: Z-A,2025,78,E10+,4.8,Game Freak,Trainer RPG,Nintendo Switch
Iratus: Lord of the Dead,2020,78,N/A,7.5,Daedalic Entertainment,Roguelike,PC
DOOM Eternal: The Ancient Gods Part Two,2021,78,M,6.9,id Software,FPS,"Xbox One, PC, PlayStation 4, PlayStation 5, Xbox Series X, Nintendo Switch"
Everybody's Gone to the Rapture,2015,78,M,6.5,The Chinese Room,First-Person Adventure,"PlayStation 4, PC"
Offworld Trading Company,2016,78,N/A,7.5,Mohawk Games,Tycoon,PC
FIFA 22,2021,78,E,4.0,Electronic Arts,Soccer Sim,"PC, PlayStation 5, PlayStation 4, Xbox Series X, Xbox One, Nintendo Switch"
Death's Gambit: Afterlife,2021,78,T,7.4,Serenity Forge,Metroidvania,"Nintendo Switch, PC, PlayStation 4, Xbox Series X, Xbox One"
Inmost,2020,78,T,7.8,Hidden Layer Games,2D Platformer,"PC, Nintendo Switch, iOS (iPhone/iPad)"
Battlefield 3: End Game,2013,78,M,7.4,EA DICE,Tactical FPS,"PlayStation 3, Xbox 360, PC"
Everybody's Golf,2017,78,E,7.5,Clap Hanz,Golf,PlayStation 4
Call of Duty: Black Ops - Annihilation,2011,78,M,5.2,Treyarch,Tactical FPS,"PC, PlayStation 3, Xbox 360"
Ace Attorney Investigations: Miles Edgeworth,2010,78,T,7.8,Capcom,Visual Novel,iOS (iPhone/iPad)
Tom Clancy's Ghost Recon: Shadow Wars,2011,77,T,7.9,Ubisoft,Turn-Based Strategy,3DS
World of Van Helsing: Deathtrap,2015,77,T,8.0,NeocoreGames,Strategy,"PC, Xbox One, PlayStation 4"
Graceful Explosion Machine,2017,77,E,7.8,N/A,Horizontal Shoot-'Em-Up,"Nintendo Switch, PC, PlayStation 4"
Elden Ring Nightreign,2025,77,M,6.7,From Software,Action RPG,"PlayStation 5, Xbox Series X, PC, PlayStation 4, Xbox One"
Story of Seasons: Friends of Mineral Town,2020,77,E10+,7.9,Marvelous Inc.,Tycoon,"Nintendo Switch, PC, Xbox One, PlayStation 4, Xbox Series X"
MLB The Show 22,2022,77,E,5.1,Sony Interactive Entertainment,Baseball Sim,"PlayStation 5, Nintendo Switch, PlayStation 4, Xbox Series X, Xbox One"
The Midnight Walk,2025,77,T,8.3,Fast Travel Games,Action Adventure,"PlayStation 5, PC, Nintendo Switch"
Reigns,2016,77,N/A,7.0,Nerial,Simulation,"PC, iOS (iPhone/iPad)"
Etrian Mystery Dungeon,2015,77,E10+,7.9,Spike Chunsoft,Roguelike,3DS
Rayman 3: Hoodlum Havoc,2003,77,E,8.2,Ubisoft Shanghai,3D Platformer,"Xbox 360, PlayStation 3, PlayStation 2, PC, Xbox"
Tower of Time,2018,77,N/A,7.9,Event Horizon Software,Action RPG,"PC, Nintendo Switch, PlayStation 4, Xbox One"
Battlefleet Gothic: Armada 2,2019,77,N/A,7.5,Tindalos Interactive,Real-Time Strategy,PC
Bridge Constructor Portal,2017,77,N/A,6.4,ClockStone Studio,Action Puzzle,"PC, iOS (iPhone/iPad), Nintendo Switch, PlayStation 4, Xbox One"
Need for Speed Unbound,2022,77,T,5.9,Electronic Arts,Auto Racing,"PC, Xbox Series X, PlayStation 5"
Rune Factory 3: A Fantasy Harvest Moon,2010,77,E,8.4,Natsume,Action RPG,
Shank 2,2012,77,M,6.6,Electronic Arts,2D Beat-'Em-Up,"PlayStation 3, Xbox 360, PC"
Amnesia: The Bunker,2023,77,N/A,7.6,Frictional Games,Survival,"PlayStation 4, Xbox One, Xbox Series X, PC, Nintendo Switch"
Nintendo Labo: Toycon 01 Variety Kit,2018,77,E,6.9,Nintendo,Party,Nintendo Switch
Arma II,2009,77,M,7.4,Bohemia Interactive,Tactical FPS,"PC, Xbox 360"
Rebel Galaxy Outlaw,2019,77,N/A,5.4,N/A,Open-World Action,"Nintendo Switch, PlayStation 4, PC, Xbox One"
Dead or Alive 5 Ultimate,2013,77,M,7.8,Team Ninja,3D Fighting,"PlayStation 3, Xbox 360"
Pac-Man Championship Edition 2,2016,77,E,7.5,Bandai Namco Games,Arcade,"PlayStation 4, Xbox One, PC"
SoulCalibur V,2012,77,T,6.4,Project Soul,3D Fighting,"PlayStation 3, Xbox 360"
Final Fantasy IV: The Complete Collection,2011,77,E10+,7.8,Square Enix,Compilation,
Call of Juarez: Bound in Blood,2009,77,M,7.4,Techland,FPS,"PlayStation 3, PC, Xbox 360"
Operation Flashpoint: Resistance,2002,77,M,8.7,Bohemia Interactive,Tactical FPS,PC
Etherlords,2001,77,T,7.7,Nival Interactive,Turn-Based Strategy,"PC, iOS (iPhone/iPad)"
Tenchu 2: Birth of the Stealth Assassins,2000,77,M,8.6,Acquire,Action Adventure,PlayStation
Pokemon Snap,1999,77,E,7.7,HAL Labs,Rail Shooter,Nintendo 64
Alien Swarm (2010),2010,77,N/A,7.8,Valve Software,Tactical Third Person Shooter,PC
Luigi's Mansion 2 HD,2024,77,E,7.5,Nintendo,Action Adventure,Nintendo Switch
Whispers of a Machine,2019,77,N/A,7.5,Clifftop Games,Point-and-Click,"PC, iOS (iPhone/iPad)"
Dragon Quest Heroes: The World Tree's Woe and the Blight Below,2015,77,T,7.4,Omega Force,3D Beat-'Em-Up,"PlayStation 4, PC, PlayStation 3"
Humankind,2021,77,E10+,6.7,Amplitude Studios,4X Strategy,"PC, PlayStation 5, Xbox Series X, Xbox One, PlayStation 4"
Baldur's Gate: Siege of Dragonspear,2016,77,N/A,3.9,Overhaul Games,Western RPG,PC
Gears of War 3: RAAM's Shadow,2011,77,M,8.1,Epic Games,Third Person Shooter,Xbox 360
Mega Man Zero 3,2004,77,E,8.0,Inti Creates,2D Platformer,Game Boy Advance
Men of War: Assault Squad,2011,77,T,8.1,THQ,Real-Time Tactics,PC
EA Sports FC 26,2025,77,E,2.9,Electronic Arts,Soccer Sim,"PlayStation 5, Xbox One, PC, PlayStation 4, Xbox Series X, Nintendo Switch"
Blasphemous,2019,77,M,8.0,The Game Kitchen,Metroidvania,"PC, Xbox One, PlayStation 4, Nintendo Switch, iOS (iPhone/iPad)"
Tales of Symphonia Chronicles,2014,77,T,8.5,Bandai Namco Games,Compilation,PlayStation 3
Killzone: Liberation,2006,77,T,7.3,Guerrilla,Top-Down Shoot-'Em-Up,"PlayStation 5, PlayStation 4"
Synapse,2023,77,T,8.6,nDreams,Light Gun,PlayStation 5
Ancestors Legacy,2018,77,M,7.2,Destructive Creations,Command RTS,"PC, Xbox One, PlayStation 4, Nintendo Switch"
Bo: Path of the Teal Lotus,2024,77,N/A,7.5,Humble Games,Metroidvania,"PC, Nintendo Switch, Xbox Series X, PlayStation 5"
Mortal Kombat: Shaolin Monks,2005,77,M,8.7,Midway,3D Beat-'Em-Up,"PlayStation 2, Xbox"
Sonic Generations,2011,77,E,8.4,Sonic Team,3D Platformer,"Xbox 360, PlayStation 3, 3DS, PC"
Duke Nukem 3D: 20th Anniversary World Tour,2016,77,M,7.5,Gearbox Software,FPS,"Xbox One, PlayStation 4, PC, Nintendo Switch"
Ape Escape 3,2006,77,E10+,8.8,SCE Japan Studio,3D Platformer,"PlayStation 2, PlayStation 4"
Solasta: Crown of the Magister,2021,77,N/A,7.0,N/A,Turn-Based Tactics,"PC, Xbox Series X, Xbox One, PlayStation 5"
Tails of Iron 2: Whiskers of Winter,2025,77,N/A,7.3,United Label,Action RPG,"PC, Nintendo Switch, Xbox Series X, PlayStation 5, Xbox One, PlayStation 4"
Quantum Break,2016,77,M,7.4,Remedy Entertainment,Action,"Xbox One, PC"
World of Final Fantasy,2016,77,E10+,7.4,Square Enix,JRPG,"PlayStation 4, PlayStation, PC"
Forza Horizon 5: Rally Adventure,2023,77,E,6.8,Playground Games,Auto Racing Sim,"Xbox Series X, PC"
The Incredible Adventures of Van Helsing II,2014,77,T,7.6,NeocoreGames,Action RPG,"PC, Xbox One, PlayStation 4"
Kid Icarus,2012,77,E,7.1,Arika,2D Platformer,"3DS, Game Boy Advance"
Teslagrad,2013,77,E,7.8,N/A,2D Platformer,"PC, PlayStation 3, Wii U, PlayStation, PlayStation 4, Xbox One, Nintendo Switch, iOS (iPhone/iPad)"
Madden NFL 26,2025,77,E,4.0,EA Tiburon,Football Sim,"PlayStation 5, PC, Xbox Series X, Nintendo Switch"
Hearts of Iron III,2009,77,E10+,7.3,Paradox Development Studio,Real-Time Strategy,PC
Nexus: The Jupiter Incident,2005,77,T,8.6,N/A,Real-Time Strategy,PC
Naruto Shippuden: Ultimate Ninja Storm 3,2013,77,T,7.9,CyberConnect2,3D Fighting,"PlayStation 4, PlayStation 3, Xbox 360, Nintendo Switch"
Orwell: Keeping an Eye On You,2016,77,M,7.2,Fellow Traveller,Point-and-Click,"iOS (iPhone/iPad), PC, Nintendo Switch"
Back 4 Blood,2021,77,M,5.3,Turtle Rock Studios,FPS,"PC, PlayStation 4, Xbox One, Xbox Series X, PlayStation 5"
Expeditions: A MudRunner Game,2024,77,E,5.4,Saber Interactive,Vehicle Sim,"PlayStation 5, Xbox Series X, PC, PlayStation 4, Xbox One, Nintendo Switch"
Yakuza 3 Remastered,2020,77,M,7.0,Ryu ga Gotoku Studios,Open-World Action,"PlayStation 4, Xbox One, PC"
NEO Scavenger,2012,77,N/A,7.5,Blue Bottle Games,Turn-Based Strategy,PC
ARMS,2017,77,E10+,7.2,Nintendo,3D Fighting,Nintendo Switch
Tomb Raider: Anniversary,2007,77,T,7.9,Eidos Interactive,Linear Action Adventure,"PlayStation 2, PC, Wii, Xbox 360, PlayStation 5, PlayStation 4"
Before Your Eyes,2021,77,N/A,8.4,GoodbyeWorld Games,First-Person Adventure,"PC, PlayStation 5, iOS (iPhone/iPad)"
Sid Meier's Railroads!,2006,77,E,6.8,Firaxis Games,Tycoon,"PC, iOS (iPhone/iPad)"
Magic Duels: Origins,2015,77,N/A,6.2,Stainless Games,Card Battle,"Xbox One, iOS (iPhone/iPad), PC"
11-11: Memories Retold,2018,77,T,7.3,Bandai Namco Games,Third-Person Adventure,"PlayStation 4, Xbox One, PC"
Genesis Noir,2021,77,N/A,6.4,Fellow Traveller,Point-and-Click,"PC, Xbox One, Nintendo Switch"
Eldritch,2013,77,N/A,6.7,N/A,Action,PC
Unravel Two,2018,77,E,7.6,Electronic Arts,2D Platformer,"PlayStation 4, Xbox One, PC, Nintendo Switch"
Kirby's Return to Dream Land,2011,77,E10+,8.8,HAL Labs,2D Platformer,Wii
The Pathless,2020,77,E10+,8.1,Giant Squid,Open-World Action,"PC, PlayStation 4, iOS (iPhone/iPad), PlayStation 5, Nintendo Switch, Xbox Series X, Xbox One"
Final Fantasy III (3D Remake),2006,77,E10+,7.4,Matrix Software,JRPG,"iOS (iPhone/iPad), PC"
Kirby's Adventure,2011,77,E,7.8,Arika,2D Platformer,3DS
Lego Indiana Jones: The Original Adventures,2008,77,E10+,7.8,LucasArts,Action Adventure,"PC, PlayStation 3, Xbox 360, PlayStation 2, Wii"
Heroes of Might and Magic V,2006,77,T,8.1,Nival Interactive,Turn-Based Strategy,PC
Sanctum 2,2013,77,T,7.6,N/A,FPS,"PC, Xbox 360, PlayStation 3"
Virtua Fighter 5 Ultimate Showdown,2021,77,T,6.6,Ryu ga Gotoku Studios,3D Fighting,PlayStation 4
Ultimate Spider-Man,2005,77,T,8.4,Treyarch,Open-World Action,"Xbox, PlayStation 2, PC"
Black,2006,77,M,8.2,EA Games,FPS,"PlayStation 2, Xbox"
Tchia,2023,77,T,6.6,N/A,Open-World Action,"PC, PlayStation 5, PlayStation 4, Nintendo Switch, Xbox Series X"
Stranglehold,2007,77,M,7.2,Midway,Third Person Shooter,"PlayStation 3, Xbox 360, PC"
Riders Republic,2021,77,T,6.8,Ubisoft,Individual Sports,"PlayStation 5, Xbox Series X, PlayStation 4, Xbox One, PC"
Ace Combat Assault Horizon: Enhanced Edition,2013,77,T,5.9,QLOC,Aircraft Combat Sim,PC
The Elder Scrolls V: Skyrim VR,2017,77,M,8.1,Bethesda Softworks,Western RPG,"PlayStation 4, PC"
Knights of Honor,2005,77,E10+,8.7,Paradox Interactive,Real-Time Strategy,PC
Fantasia: Music Evolved,2014,77,E10+,7.5,Harmonix Music Systems,Rhythm,"Xbox One, Xbox 360"
Anachronox,2001,77,T,8.0,Eidos Interactive,JRPG,"PC, Dreamcast"
DOOM II,2010,77,M,7.9,id Software,FPS,"PC, Game Boy Advance, PlayStation 3, Xbox 360, PlayStation 4, Xbox One, iOS (iPhone/iPad), Nintendo Switch"
Mega Man Zero 4,2005,77,E,7.7,Inti Creates,2D Platformer,Game Boy Advance
Call of Duty: Infinite Warfare,2016,77,M,4.5,Infinity Ward,Tactical FPS,"PlayStation 4, Xbox One, PC"
Need for Speed: Carbon,2006,77,E10+,7.7,EA Games,Auto Racing,"Xbox, Xbox 360, PlayStation 2, Wii, PlayStation 3, Game Boy Advance, PC"
XCOM: Chimera Squad,2020,77,T,4.9,Firaxis Games,Turn-Based Tactics,PC
Endless Space,2012,77,T,7.4,Amplitude Studios,4X Strategy,PC
Costume Quest,2010,77,E10+,7.8,Double Fine Productions,Action RPG,"PlayStation 3, Xbox 360, PC, iOS (iPhone/iPad)"
Kathy Rain,2016,77,N/A,7.7,Clifftop Games,Point-and-Click,"PC, iOS (iPhone/iPad)"
Pro Evolution Soccer 2009,2009,77,E,7.0,Konami,Soccer Sim,"Xbox 360, PlayStation 3, PC, PlayStation 2, Wii"
Metro 2033,2010,77,M,7.8,4A Games,FPS,"PC, Xbox 360"
The Suffering,2004,77,M,7.8,Midway,Survival,"PlayStation 2, Xbox, PC"
SimCity 3000 Unlimited,2000,77,E,8.4,Maxis,Management,PC
NHL 20,2019,77,E10+,4.0,Electronic Arts,Hockey Sim,"PlayStation 4, Xbox One"
Virtua Tennis 4: World Tour Edition,2012,77,E,8.0,Sega,Tennis,PlayStation
Strider,2014,77,E10+,7.1,Capcom,Action Adventure,"Xbox One, PlayStation 4, Xbox 360, PlayStation 3, PC"
Cronos: The New Dawn,2025,77,M,8.1,Bloober Team,Survival,"PC, PlayStation 5, Xbox Series X, Nintendo Switch"
Grandia III,2006,77,T,7.9,Square Enix,JRPG,PlayStation 2
Day of Infamy,2017,77,N/A,7.8,N/A,Tactical FPS,PC
Crusader Kings II: Sons of Abraham,2013,77,N/A,7.7,Paradox Development Studio,Real-Time Strategy,PC
South of Midnight,2025,77,M,6.8,Compulsion Games,Action Adventure,"Xbox Series X, PC, Nintendo Switch, PlayStation 5"
Hot Wheels Unleashed 2: Turbocharged,2023,77,E,6.8,Milestone S.r.l,Auto Racing,"PlayStation 5, Xbox Series X, PC, Nintendo Switch, PlayStation 4, Xbox One"
KARMA: The Dark World,2025,77,N/A,7.8,Wired Productions,First-Person Adventure,"PC, Xbox Series X, PlayStation 5"
Grey Goo,2015,77,T,7.5,Petroglyph,Command RTS,PC
Hitman - Intro Pack,2016,77,N/A,5.3,Io Interactive,Action Adventure,"PC, PlayStation 4, Xbox One"
Toukiden 2,2017,77,T,7.4,Koei Tecmo Games,Action RPG,"PlayStation 4, PlayStation, PlayStation 3, PC"
Contraband Police,2023,77,N/A,7.7,Crazy Rocks,Virtual Career,"PC, Xbox Series X, PlayStation 5"
Zenless Zone Zero,2024,77,T,6.9,miHoYo,Action RPG,"PC, iOS (iPhone/iPad), PlayStation 5, Xbox Series X"
King Arthur: Knight's Tale,2022,77,N/A,7.6,NeocoreGames,Turn-Based Tactics,"PC, PlayStation 5, Xbox Series X"
Remothered: Tormented Fathers,2017,77,M,8.0,Stormind Games,Survival,"PC, PlayStation 4, Xbox One, Nintendo Switch"
The Sims Medieval,2011,77,T,6.1,Electronic Arts,Virtual Life,"PC, iOS (iPhone/iPad)"
TERA,2012,77,M,6.8,En Masse Entertainment,MMORPG,"PC, PlayStation 4, Xbox One"
Solar Ash,2021,77,T,7.3,Heart Machine,Action Adventure,"PC, PlayStation 5, PlayStation 4, Nintendo Switch, Xbox Series X, Xbox One"
Risk of Rain,2013,77,E10+,8.0,Hopoo Games,2D Platformer,"PC, PlayStation 4, PlayStation, Nintendo Switch, Xbox One"
Tales of Graces,2012,77,T,8.5,Namco Bandai Games,Action RPG,"Wii, PlayStation 3"
Klonoa: Door to Phantomile,2009,77,E10+,7.9,Namco Bandai Games,2D Platformer,"Wii, PlayStation"
The World Ends with You: Final Remix,2018,77,T,7.9,h.a.n.d. Inc.,Action RPG,Nintendo Switch
As Dusk Falls,2022,77,M,7.7,Xbox Game Studios,Adventure,"Xbox Series X, PC, Xbox One, PlayStation 5, PlayStation 4"
Peggle 2,2013,77,E,7.1,PopCap,Action Puzzle,"Xbox One, Xbox 360, PlayStation 4"
Attack of the Friday Monsters! A Tokyo Tale,2013,77,E,7.7,Level 5,Adventure,3DS
Sniper Elite 5,2022,77,M,6.5,Rebellion,Tactical Third Person Shooter,"PlayStation 5, Xbox Series X, PC, PlayStation 4, Xbox One"
Dragon Ball Z: Budokai 3,2004,77,T,8.6,Dimps Corporation,3D Fighting,PlayStation 2
Warriors Orochi 3 Ultimate,2014,77,T,7.1,Omega Force,3D Beat-'Em-Up,"PlayStation 3, PlayStation, PlayStation 4, Xbox One, Nintendo Switch, PC"
Darksiders: Warmastered Edition,2019,77,M,7.7,Nordic Games Publishing,Open-World Action,"PlayStation 4, Xbox One, Wii U, PC, Nintendo Switch"
New Super Luigi U,2013,77,E,8.0,Nintendo,2D Platformer,Wii U
Life is Strange: Before the Storm,2017,77,M,7.9,Deck Nine Games,Third-Person Adventure,"PC, Xbox One, PlayStation 4"
3D Dot Game Heroes,2010,77,E10+,8.1,Atlus,Action RPG,PlayStation 3
The Darkside Detective,2017,77,N/A,7.5,Spooky Doorway,Point-and-Click,"PC, Nintendo Switch, PlayStation 4, Xbox One, PlayStation 5, iOS (iPhone/iPad)"
American Arcadia,2023,77,N/A,8.5,Raw Fury,Action Adventure,"PC, PlayStation 5, Xbox Series X, Nintendo Switch, Xbox One, PlayStation 4"
Control: The Foundation,2020,77,M,6.7,Remedy Entertainment,Action Adventure,"PlayStation 4, Xbox One, PC"
Final Fantasy II Pixel Remaster,2021,77,E10+,5.9,TOSE,JRPG,"PC, iOS (iPhone/iPad), Nintendo Switch, PlayStation 4, Xbox Series X"
New Super Lucky's Tale,2019,76,E,7.9,Playful Corp.,3D Platformer,"Nintendo Switch, PlayStation 4, Xbox One, PC, PlayStation 5"
D4: Dark Dreams Don't Die,2014,76,M,7.8,Access Games,Point-and-Click,"Xbox One, PC"
War Thunder,2014,76,T,4.1,Gaijin Entertainment,Vehicle Combat Sim,"PC, PlayStation 4, Xbox One, PlayStation 5, Xbox Series X"
Destiny,2014,76,T,6.2,Bungie,FPS,"Xbox 360, PlayStation 3, PlayStation 4, Xbox One"
WWE 2K19,2018,76,T,6.6,Yuke's,Wrestling,"PlayStation 4, Xbox One, PC"
Disgaea 1 Complete,2018,76,T,7.8,Nippon Ichi Software,Turn-Based Tactics,"PlayStation 4, Nintendo Switch, iOS (iPhone/iPad)"
Transformers: War for Cybertron,2010,76,T,8.0,Activision,Third Person Shooter,"Wii, Xbox 360, PlayStation 3, PC"
We Were Here Forever,2022,76,N/A,7.9,Total Mayhem Games,First-Person Adventure,"Xbox Series X, PC, PlayStation 5, PlayStation 4, Xbox One"
BlazBlue: Cross Tag Battle,2018,76,T,6.6,Arc System Works,2D Fighting,"PlayStation 4, PC, Nintendo Switch"
Dragon Quest Heroes II,2017,76,T,7.4,Omega Force,3D Beat-'Em-Up,"PlayStation 3, PlayStation 4, PlayStation, PC"
Tacoma,2017,76,N/A,6.3,N/A,First-Person Adventure,"PC, Xbox One, PlayStation 4"
Rayman Raving Rabbids,2006,76,E,6.9,Ubisoft,Party,"Xbox 360, PlayStation 2, PC, Wii"
Trials of Mana,2020,76,T,7.6,Xeen,Action RPG,"Nintendo Switch, PlayStation 4, PC, iOS (iPhone/iPad), Xbox Series X"
Persona 4: Dancing All Night,2015,76,T,8.1,Atlus,Rhythm,"PlayStation, PlayStation 4"
NCAA Football 13,2012,76,E,5.9,EA Tiburon,Football Sim,"PlayStation 3, Xbox 360"
Spec Ops: The Line,2012,76,M,8.3,Yager,Tactical Third Person Shooter,"Xbox 360, PlayStation 3, PC"
Super Monkey Ball: Banana Mania,2021,76,E10+,7.5,Sega,Compilation,"Nintendo Switch, PlayStation 5, Xbox Series X, PC, Xbox One, PlayStation 4"
EA Sports FC 25,2024,76,E,2.8,Electronic Arts,Soccer Sim,"PlayStation 5, Xbox Series X, PC, Nintendo Switch, PlayStation 4, Xbox One"
GRID Legends,2022,76,E10+,6.3,Codemasters,Auto Racing Sim,"PC, Xbox Series X, PlayStation 5, Xbox One, PlayStation 4"
Heroes of Newerth,2010,76,N/A,6.7,N/A,MOBA,PC
Roki,2020,76,E10+,7.8,Polygon Treehouse,Adventure,"Nintendo Switch, PC, PlayStation 5, Xbox Series X, PlayStation 4"
PGA Tour 2K21,2020,76,E,6.3,HB Studios Multimedia,Golf Sim,"Xbox One, PlayStation 4, Nintendo Switch, PC"
Toki Tori 2,2013,76,E,7.4,Two Tribes,Action Puzzle,"iOS (iPhone/iPad), Wii U, PC, PlayStation 4, Nintendo Switch"
Sable,2021,76,N/A,6.2,Raw Fury,Open-World Action,"Xbox Series X, PC, Xbox One, PlayStation 5, PlayStation 4"
EA Sports PGA Tour,2023,76,E,6.3,EA Tiburon,Golf Sim,"PlayStation 5, Xbox Series X, PC"
Secret World Legends,2017,76,N/A,5.4,Funcom,MMORPG,PC
Tomb Raider III: Adventures of Lara Croft,1998,76,T,8.0,Core Design Ltd.,Linear Action Adventure,"PC, PlayStation"
WRC 10 The Official Game,2021,76,E,6.9,KT Racing,Auto Racing Sim,"PC, PlayStation 5, Nintendo Switch, Xbox Series X, PlayStation 4, Xbox One"
2064: Read Only Memories,2017,76,M,3.5,MidBoss,Point-and-Click,"PC, PlayStation, PlayStation 4, Xbox One"
Shadows of the Damned,2011,76,M,8.2,Grasshopper Manufacture,Action Adventure,"PlayStation 3, Xbox 360"
Disney Epic Mickey: Rebrushed,2024,76,E10+,7.5,Purple Lamp Studios,3D Platformer,"Nintendo Switch, Xbox Series X, Xbox One, PC, PlayStation 5, PlayStation 4"
Tales of Kenzera: ZAU,2024,76,E10+,4.9,Electronic Arts,Metroidvania,"PlayStation 5, Xbox Series X, PC, Nintendo Switch"
Old Man's Journey,2017,76,E,6.9,Broken Rules,Adventure,"PC, iOS (iPhone/iPad), Nintendo Switch, PlayStation 4, Xbox One"
Eldest Souls,2021,76,N/A,6.6,United Label,Action RPG,"PC, Nintendo Switch, PlayStation 5, Xbox Series X, Xbox One, PlayStation 4"
Crysis 3,2013,76,M,6.8,Crytek,FPS,"Xbox 360, PlayStation 3, PC, Wii U"
Imperator: Rome,2019,76,N/A,5.2,Paradox Development Studio,Real-Time Strategy,PC
Suikoden Tierkreis,2009,76,E10+,7.6,Konami,JRPG,
Devil May Cry 4: Special Edition,2015,76,M,8.0,Capcom,Linear Action Adventure,"PlayStation 4, Xbox One, PC"
Solatorobo: Red the Hunter,2011,76,E10+,8.6,CyberConnect2,Action RPG,
Dome Keeper,2022,76,N/A,7.6,Raw Fury,Defense,"PC, Xbox Series X"
Dead or Alive 5,2012,76,M,8.0,Team Ninja,3D Fighting,"PlayStation 3, Xbox 360, PlayStation"
Mortal Shell,2020,76,M,6.2,Playstack,Action RPG,"PC, PlayStation 4, Xbox One, PlayStation 5, Xbox Series X"
Aion,2009,76,T,6.7,NCSOFT,MMORPG,PC
Planet Coaster 2,2024,76,E,5.9,Frontier Developments,Tycoon,"PC, Xbox Series X, PlayStation 5"
LEGO Batman: The Videogame,2008,76,E10+,8.0,Warner Bros. Interactive Entertainment,Action Adventure,"PC, PlayStation 3, Xbox 360, Wii, PlayStation 2"
Atelier Ayesha: The Alchemist of Dusk,2015,76,T,8.3,Gust,JRPG,"PlayStation, PlayStation 3"
Trover Saves the Universe,2019,76,M,8.1,Squanch Games,3D Platformer,"PlayStation 4, PC, Nintendo Switch, Xbox One"
FIFA 23,2022,76,E,4.1,EA Sports,Soccer Sim,"PlayStation 5, Xbox Series X, PC, PlayStation 4, Xbox One, Nintendo Switch"
Axiom Verge 2,2021,76,T,7.0,N/A,Metroidvania,"Nintendo Switch, PC, PlayStation 5, PlayStation 4, Xbox One"
Call of Duty: Black Ops II - Uprising,2013,76,M,5.0,Treyarch,FPS,"Xbox 360, PlayStation 3, PC, Wii U"
Miasmata,2012,76,N/A,7.6,N/A,First-Person Adventure,PC
Madden NFL 20,2019,76,E,1.5,Electronic Arts,Football Sim,"Xbox One, PlayStation 4, PC"
Weird West,2022,76,N/A,7.1,Devolver Digital,Action RPG,"PC, PlayStation 4, Xbox One"
Pokken Tournament,2016,76,E10+,7.3,Bandai Namco Games,3D Fighting,Wii U
Noita,2020,76,N/A,8.1,N/A,Open-World Action,PC
Brigandine: The Legend of Runersia,2020,76,T,8.3,Matrix Software,Turn-Based Tactics,"Nintendo Switch, PlayStation 4, PC"
Brothers in Arms: Hell's Highway,2008,76,M,7.5,Gearbox Software,Tactical FPS,"PlayStation 3, Xbox 360, PC"
The Legend of Heroes: Trails through Daybreak II,2025,76,T,6.1,Falcom,JRPG,"PlayStation 5, PlayStation 4, PC, Nintendo Switch"
Assassin's Creed Syndicate,2015,76,M,6.8,Ubisoft Quebec,Open-World Action,"PlayStation 4, Xbox One, PC"
NBA 2K22,2021,76,E,4.0,Visual Concepts,Basketball Sim,"PlayStation 5, Xbox Series X, Xbox One, PlayStation 4, Nintendo Switch, PC"
Yo-kai Watch,2015,76,E10+,8.3,Level 5,Trainer RPG,"3DS, iOS (iPhone/iPad), Nintendo Switch"
Super Mario Party,2018,76,E,7.0,Nd Cube,Party,Nintendo Switch
Divinity: Dragon Commander,2013,76,N/A,7.0,Larian Studios Games,Action RPG,PC
Sushi Striker: The Way of Sushido,2018,76,E,7.6,indieszero,Matching Puzzle,"3DS, Nintendo Switch"
Nioh: Dragon of the North,2017,76,M,7.9,Team Ninja,Action RPG,PlayStation 4
Shadow Hearts: From the New World,2006,76,T,8.1,XSEED Games,JRPG,PlayStation 2
Phoenix Wright: Ace Attorney - Justice for All,2007,76,T,8.5,Capcom,Visual Novel,"Game Boy Advance, PC, Wii"
MAG,2010,76,T,7.9,N/A,Tactical FPS,PlayStation 3
Metal Slug 3,2004,76,T,7.2,SNK Playmore,2D Platformer,"Nintendo Switch, Xbox One, PlayStation 4, PlayStation 2, Xbox, Xbox 360, iOS (iPhone/iPad), Game Boy Advance, PC, PlayStation 3, PlayStation"
Deponia Doomsday,2016,76,M,7.4,Daedalic Entertainment,Point-and-Click,"PC, PlayStation 4, Xbox One, Nintendo Switch"
Far Cry 6 - Vaas: Insanity,2021,76,N/A,4.9,Ubisoft Toronto,FPS,"PlayStation 5, Xbox Series X, PC, PlayStation 4, Xbox One"
Ever Oasis,2017,76,E10+,8.1,GREZZO,Action RPG,3DS
EA Sports UFC 2,2016,76,T,5.6,EA Sports,Combat Sport,"PlayStation 4, Xbox One, iOS (iPhone/iPad)"
Pillars of Eternity: The White March - Part 1,2015,76,M,8.3,Obsidian Entertainment,Western RPG,PC
Fallout 3: The Pitt,2009,76,M,7.4,Bethesda Game Studios,Western RPG,"PC, Xbox 360, PlayStation 3"
Hot Shots Golf: World Invitational,2012,76,E,8.2,Clap Hanz,Golf,"PlayStation 3, PlayStation"
Cat Quest II: The Lupus Empire,2019,76,N/A,7.7,The Gentlebros,Action RPG,"PlayStation 4, Nintendo Switch, Xbox One, PC, iOS (iPhone/iPad)"
TopSpin 2K25,2024,76,E,4.9,Hangar 13,Tennis,"PlayStation 5, Xbox Series X, Xbox One, PlayStation 4, PC"
Kingdom Hearts: Chain of Memories,2004,76,E,7.2,Jupiter Corporation,Action RPG,Game Boy Advance
Mighty Gunvolt Burst,2017,76,E,7.6,Inti Creates,2D Platformer,"3DS, Nintendo Switch, PC, PlayStation 4"
7th Dragon III Code: VFD,2016,76,T,7.9,Sega,JRPG,3DS
The Ship (2006),2006,76,T,7.2,N/A,FPS,PC
Kingdom Come: Deliverance,2018,76,M,8.0,Warhorse Studios,Action RPG,"PC, PlayStation 4, Xbox One"
Shadowrun Returns,2013,76,N/A,7.4,Harebrained Schemes LLC,Turn-Based Tactics,"PC, iOS (iPhone/iPad), Nintendo Switch, Xbox One, Xbox Series X, PlayStation 4, PlayStation 5"
Far Cry Primal,2016,76,M,6.8,Ubisoft Montreal,FPS,"PlayStation 4, Xbox One, PC"
The Evil Within 2,2017,76,M,7.9,Tango Gameworks,Survival,"Xbox One, PlayStation 4, PC"
Alan Wake's American Nightmare,2012,76,T,7.4,Remedy Entertainment,Linear Action Adventure,"Xbox 360, PC"
Twelve Minutes,2021,76,N/A,6.6,Luis Antonio,Point-and-Click,"PC, Xbox One, Xbox Series X, Nintendo Switch, PlayStation 5, PlayStation 4, iOS (iPhone/iPad)"
Mega Man Legends 2,2000,76,E,8.0,Capcom,Action RPG,"PlayStation, PC"
Spider-Man: Shattered Dimensions,2010,76,T,7.9,Beenox,Linear Action Adventure,"Xbox 360, PlayStation 3, Wii, PC"
Rise of the Ronin,2024,76,M,7.9,Team Ninja,Action RPG,"PlayStation 5, PC"
Borderlands: Game of the Year Edition,2019,76,M,7.0,Take-Two Interactive,FPS,"Xbox 360, PlayStation 3, PC, PlayStation 4, Xbox One, Nintendo Switch"
WarioWare: Get It Together!,2021,76,E10+,7.5,Nintendo,Party,Nintendo Switch
Pathologic Classic HD,2015,76,N/A,8.3,Gambitious,First-Person Adventure,PC
Serious Sam HD: The Second Encounter,2010,76,M,8.2,Croteam,FPS,"PC, Xbox 360"
Gigantic,2017,76,T,8.3,N/A,MOBA,"PC, Xbox One"
Dragon Age II: Mark of the Assassin,2011,76,M,6.1,BioWare,Action RPG,"PC, PlayStation 3, Xbox 360"
Marvel's Spider-Man: The Heist,2018,76,T,7.0,Insomniac Games,Open-World Action,PlayStation 4
Red Orchestra 2: Heroes of Stalingrad,2011,76,M,7.3,Tripwire Interactive,FPS,PC
Until Then,2024,76,N/A,8.8,N/A,Adventure,"PC, PlayStation 5, Nintendo Switch"
Final Fantasy XVI: Echoes of the Fallen,2023,76,M,6.9,Square Enix,Action RPG,"PlayStation 5, PC, Xbox Series X"
Super Mario Party Jamboree: Nintendo Switch 2 Edition + Jamboree TV,2025,76,E,6.1,Nintendo,Party,Nintendo Switch
Call of Duty: Black Ops Cold War,2020,76,M,5.8,Treyarch,Tactical FPS,"PlayStation 5, Xbox Series X, Xbox One, PlayStation 4, PC"
Evolve,2015,76,M,4.3,Turtle Rock Studios,Tactical FPS,"PlayStation 4, Xbox One, PC"
Manhunt,2003,76,M,8.2,Rockstar Games,Action Adventure,"PlayStation 2, Xbox, PC, PlayStation 4"
Overlord,2007,76,T,7.8,Triumph Studios,Action Adventure,"PC, Xbox 360"
Mega Man ZX,2006,76,E,8.3,Inti Creates,2D Platformer,
Super Mario Strikers,2005,76,E,8.4,Next Level Games,Soccer,
Hyrule Warriors,2014,76,T,8.2,Omega Force,3D Beat-'Em-Up,"Wii U, 3DS"
The Crew Motorfest,2023,76,T,7.1,Ubisoft,Auto Racing,"PlayStation 5, Xbox Series X, PC, PlayStation 4, Xbox One"
ShootMania Storm,2013,76,N/A,7.3,Ubisoft,FPS,PC
DISTRAINT,2015,76,N/A,7.4,Jesse Makkonen,Adventure,"PC, Nintendo Switch, PlayStation 4, PlayStation, Xbox One, iOS (iPhone/iPad)"
Watch Dogs: Legion,2020,76,M,5.8,Ubisoft,Open-World Action,"PlayStation 4, Xbox One, PC, PlayStation 5, Xbox Series X"
Digimon Story Cyber Sleuth: Complete Edition,2019,76,T,8.0,Media.Vision,Compilation,"PC, Nintendo Switch"
Paper Mario: Color Splash,2016,76,E,7.3,Intelligent Systems,JRPG,Wii U
Forgotton Anne,2018,76,N/A,7.7,Square Enix,Adventure,"Xbox One, PC, PlayStation 4, Nintendo Switch, iOS (iPhone/iPad)"
Artifact,2018,76,N/A,2.2,Valve Software,Card Battle,PC
Diablo III: Rise of the Necromancer,2017,76,M,4.5,Blizzard Entertainment,Action RPG,"PC, Xbox One, PlayStation 4"
Demigod,2009,76,T,7.5,Gas Powered Games,MOBA,PC
Pokemon Emerald Version,2005,76,E,8.8,Game Freak,Trainer RPG,Game Boy Advance
Tales of Hearts R,2014,76,T,8.3,Bandai Namco Games,Action RPG,"PlayStation, iOS (iPhone/iPad)"
Stray Gods: The Roleplaying Musical,2023,76,N/A,7.8,Humble Games,RPG,"PC, Xbox Series X, PlayStation 5, Nintendo Switch, Xbox One, PlayStation 4"
American Truck Simulator,2016,76,E,7.5,SCS Software,Vehicle Sim,"PC, Xbox Series X, PlayStation 5"
Jak X: Combat Racing,2005,76,T,7.9,Naughty Dog,Vehicle Combat Sim,"PlayStation 2, PlayStation 4"
Watch Dogs: Bad Blood,2014,76,M,7.4,Ubisoft Montreal,Open-World Action,"Xbox One, PlayStation 4, PC, PlayStation 3, Xbox 360"
Super Monday Night Combat,2012,76,N/A,3.7,N/A,MOBA,PC
Tomb Raider I-III Remastered Starring Lara Croft,2024,75,T,7.7,Aspyr,Compilation,"Nintendo Switch, PC, Xbox Series X, Xbox One, PlayStation 5, PlayStation 4, iOS (iPhone/iPad)"
Victoria II,2010,75,T,8.3,Paradox Development Studio,Real-Time Strategy,PC
Dear Esther,2012,75,N/A,6.5,The Chinese Room,First-Person Adventure,"PC, iOS (iPhone/iPad)"
Alan Wake: The Signal,2010,75,T,6.9,Remedy Entertainment,Survival,Xbox 360
The Dream Machine,2010,75,N/A,8.4,N/A,Point-and-Click,PC
Rematch,2025,75,E,6.3,N/A,Soccer,"PC, PlayStation 5, Xbox Series X"
Armello,2015,75,E10+,7.1,League of Geeks,Board,"PC, PlayStation 4, Xbox One, iOS (iPhone/iPad), Nintendo Switch"
PowerWash Simulator,2022,75,E,7.2,FuturLab,Virtual Career,"PC, Xbox Series X, Xbox One, Nintendo Switch, PlayStation 5, PlayStation 4, iOS (iPhone/iPad)"
A Total War Saga: Thrones of Britannia,2018,75,N/A,5.6,Creative Assembly,Real-Time Strategy,PC
EA Sports FC 24,2023,75,E,2.8,Electronic Arts,Soccer Sim,"PlayStation 5, Xbox Series X, PC, Nintendo Switch, PlayStation 4, Xbox One"
Call of Duty: Modern Warfare II,2022,75,M,5.3,Infinity Ward,Tactical FPS,"PC, Xbox Series X, PlayStation 5, PlayStation 4, Xbox One"
Farming Simulator 25,2024,75,N/A,5.1,Giants Software,Virtual Career,"PC, PlayStation 5, Xbox Series X"
Prey: Mooncrash,2018,75,N/A,6.4,Arkane Studios,Action RPG,"PlayStation 4, PC, Xbox One"
Resident Evil: The Umbrella Chronicles,2007,75,M,6.9,Capcom,Light Gun,"Wii, PlayStation 3"
Star Control: Origins,2018,75,N/A,5.9,Stardock,Strategy,PC
Yakuza,2006,75,M,8.3,Sega,Open-World Action,PlayStation 2
Pure Pool,2014,75,E,6.8,VooFoo Studios,Billiards,"PlayStation 4, Xbox One, PC, Nintendo Switch"
Shadow of the Tomb Raider,2018,75,M,7.3,Eidos Montreal,Action Adventure,"PlayStation 4, PC, Xbox One"
Outlast 2,2017,75,N/A,6.8,Red Barrels,Survival,"PC, PlayStation 4, Xbox One, Nintendo Switch"
Avadon: The Black Fortress,2011,75,N/A,7.7,Spiderweb Software,Western RPG,"PC, iOS (iPhone/iPad)"
The Awesome Adventures of Captain Spirit,2018,75,M,7.0,DONTNOD Entertainment,Action Adventure,"Xbox One, PlayStation 4, PC"
SUPERHOT VR,2017,75,T,7.8,SUPERHOT,Tactical FPS,"PC, PlayStation 4"
The Surge 2,2019,75,M,7.0,Deck 13,Action RPG,"PC, Xbox One, PlayStation 4"
MultiVersus,2024,75,T,5.4,Warner Bros. Games,2D Fighting,"PlayStation 5, PC, Xbox Series X, PlayStation 4, Xbox One"
Mario Kart Live: Home Circuit,2020,75,E,6.8,Nintendo,Auto Racing,Nintendo Switch
Kenshi,2011,75,N/A,8.4,N/A,RPG,PC
Star Wars: Empire at War: Forces of Corruption,2006,75,T,8.3,Petroglyph,Real-Time Strategy,PC
Overlord II,2009,75,T,7.3,Triumph Studios,Action Adventure,"Xbox 360, PC, PlayStation 3"
Reus,2013,75,E10+,7.3,N/A,Strategy,"PC, Xbox One, PlayStation 4"
NHL 18,2017,75,E10+,4.0,EA Sports,Hockey Sim,"PlayStation 4, Xbox One"
Resident Evil 7: biohazard - End of Zoe,2017,75,M,7.3,Capcom,Survival,"PlayStation 4, Xbox One, PC"
Mario Tennis Aces,2018,75,E,7.0,Camelot Software Planning,Tennis,Nintendo Switch
Dragon's Dogma,2012,75,M,7.9,Capcom,Action RPG,"Xbox 360, PlayStation 3"
Paper Mario: Sticker Star,2012,75,E,5.4,Intelligent Systems,JRPG,3DS
Rebel Galaxy,2015,75,T,7.4,N/A,Open-World Action,"PC, PlayStation 4, Xbox One"
Dragon Ball Z: The Legacy of Goku II,2003,75,E,8.7,Webfoot Technologies,Action RPG,Game Boy Advance
EA Sports UFC 3,2018,75,T,4.5,EA Sports,Combat Sport,"PlayStation 4, Xbox One"
Satellite Reign,2015,75,N/A,7.9,5 Lives Studios,Real-Time Tactics,PC
Infested Planet,2014,75,N/A,7.9,N/A,Real-Time Strategy,PC
Seasons After Fall,2016,75,N/A,6.9,Focus Home Interactive,Metroidvania,"PC, PlayStation 4, Xbox One"
Sega Genesis Classics,2018,75,T,7.5,Sega,Compilation,"PC, PlayStation 4, Xbox One, Nintendo Switch"
Descenders,2020,75,E,6.4,Sold Out,Biking,"PC, Xbox One, PlayStation 4, Nintendo Switch, Xbox Series X, iOS (iPhone/iPad), PlayStation 5"
The Mummy Demastered,2017,75,E10+,7.1,WayForward,2D Platformer,"PC, Nintendo Switch, PlayStation 4, Xbox One"
Killing Floor 2,2016,75,M,7.0,Tripwire Interactive,FPS,"PC, PlayStation 4, Xbox One"
Naruto: Ultimate Ninja,2006,75,T,7.0,CyberConnect2,3D Fighting,PlayStation 2
Resident Evil: The Darkside Chronicles,2009,75,M,7.2,Capcom,Light Gun,"Wii, PlayStation 3"
Call of the Sea,2020,75,T,7.0,Raw Fury,First-Person Adventure,"Xbox One, Xbox Series X, PC, PlayStation 5, PlayStation 4, Nintendo Switch"
Homeworld 3,2024,75,E10+,3.0,Blackbird Interactive,Real-Time Strategy,PC
Absolver,2017,75,N/A,6.1,Devolver Digital,Action RPG,"PC, PlayStation 4, Xbox One"
Sherlock Holmes: The Awakened,2023,75,T,7.0,Frogwares,Third-Person Adventure,"PlayStation 5, Xbox Series X, PC, PlayStation 4, Xbox One, Nintendo Switch"
Hitman - Episode 3: Marrakesh,2016,75,N/A,7.2,Io Interactive,Action Adventure,"Xbox One, PlayStation 4, PC"
Persona 2: Innocent Sin,2011,75,T,7.7,Atlus,JRPG,PlayStation
Blacklight: Retribution,2012,75,N/A,7.6,Perfect World Entertainment,FPS,"PC, PlayStation 4"
One Piece: Pirate Warriors 4,2020,75,T,7.8,Omega Force,3D Beat-'Em-Up,"PC, PlayStation 4, Nintendo Switch, Xbox One, PlayStation 5, Xbox Series X"
Silence: The Whispered World 2,2016,75,N/A,7.5,Daedalic Entertainment,Adventure,"PlayStation 4, Nintendo Switch, PC, Xbox One"
Life is Strange 2: Episode 3 - Wastelands,2019,75,M,5.6,DONTNOD Entertainment,Third-Person Adventure,"PlayStation 4, PC, Xbox One"
Donut County,2018,75,E,7.0,Ben Esposito,Action Adventure,"PC, PlayStation 4, iOS (iPhone/iPad), Xbox One, Nintendo Switch"
Battle Chasers: Nightwar,2017,75,T,7.0,Airship Syndicate Entertainment,JRPG,"PC, PlayStation 4, Xbox One, Nintendo Switch, iOS (iPhone/iPad)"
Digimon Story Cyber Sleuth,2016,75,T,8.2,Media.Vision,Trainer RPG,"PlayStation, PlayStation 4"
Star Wars Outlaws,2024,75,T,5.6,Massive Entertainment,Open-World Action,"Xbox Series X, PlayStation 5, PC"
LUNA The Shadow Dust,2020,75,N/A,6.7,Coconut Island Games,Point-and-Click,"PC, Nintendo Switch, iOS (iPhone/iPad)"
Jazzpunk,2014,75,N/A,7.8,Adult Swim,First-Person Adventure,"PC, PlayStation 4"
Gran Turismo Sport,2017,75,E,6.2,Sony Interactive Entertainment,Auto Racing Sim,PlayStation 4
MIND: Path to Thalamus,2014,75,N/A,6.8,Carlos Coronado,FPS,"PC, Nintendo Switch"
Atom Zombie Smasher,2011,75,T,7.2,Blendo Games,Real-Time Strategy,PC
Figment,2018,75,E10+,7.0,Bedtime Digital Games,Action Adventure,"PC, Nintendo Switch, PlayStation 4, iOS (iPhone/iPad), Xbox One, Xbox Series X"
Batman: The Telltale Series - Episode 5: City of Light,2016,75,N/A,7.0,Telltale Games,Point-and-Click,"PlayStation 4, PlayStation 3, Xbox One, Xbox 360, PC, iOS (iPhone/iPad)"
Bugsnax,2020,75,E10+,7.6,"Young Horses, Inc",Open-World Action,"PlayStation 5, PlayStation 4, PC, Nintendo Switch, Xbox Series X, Xbox One, iOS (iPhone/iPad)"
Unreal II: The Awakening,2003,75,M,6.9,Legend Entertainment,FPS,"PC, Xbox"
WWE All Stars,2011,75,T,7.4,THQ,Wrestling,"PlayStation 3, Xbox 360, PlayStation 2, Wii, 3DS"
Nobody Wants to Die,2024,75,N/A,7.1,PLAION,First-Person Adventure,"PlayStation 5, Xbox Series X, PC"
Grow Home,2015,75,N/A,7.5,Ubisoft Reflections,Open-World Action,"PC, PlayStation 4"
Star Wars Rogue Squadron III: Rebel Strike,2003,75,T,7.5,LucasArts,Space Combat Sim,
Legacy of Kain: Defiance,2003,75,M,8.6,Eidos Interactive,Action Adventure,"PlayStation 2, Xbox, PC, PlayStation 5, PlayStation 4"
Evil Genius 2: World Domination,2021,75,T,5.6,Rebellion,Real-Time Strategy,"PC, Xbox Series X, Xbox One, PlayStation 5, PlayStation 4"
Hot Wheels Unleashed,2021,75,E,6.9,Milestone S.r.l,Auto Racing,"PlayStation 5, Xbox Series X, PlayStation 4, Xbox One, Nintendo Switch, PC"
Aliens: Dark Descent,2023,75,M,7.6,Tindalos Interactive,Real-Time Tactics,"PC, PlayStation 5, Xbox Series X, PlayStation 4, Xbox One"
Last Day of June,2017,75,E,7.1,505 Games,Third-Person Adventure,"PC, PlayStation 4, Nintendo Switch"
Ridge Racer 3D,2011,75,E,7.3,Xeen,Auto Racing,3DS
Painkiller: Battle out of Hell,2004,75,M,7.8,People Can Fly,FPS,PC
MADiSON,2022,75,N/A,8.0,N/A,First-Person Adventure,"PC, PlayStation 5, Xbox Series X, Nintendo Switch, Xbox One, PlayStation 4"
Project Wingman: Frontline 59,2020,75,N/A,7.8,Sector D2,Aircraft Combat Sim,"PC, Xbox One, PlayStation 5"
Star Conflict,2013,75,N/A,6.9,Gaijin Entertainment,MMORPG,PC
WarioWare: Move It!,2023,75,E10+,8.1,Intelligent Systems,Party,Nintendo Switch
Anodyne,2013,75,N/A,6.8,Analgesic Productions,Open-World Action,"PC, PlayStation 4, Xbox One, Nintendo Switch, iOS (iPhone/iPad)"
A Little To The Left,2022,75,E,7.1,N/A,Puzzle,"PC, Nintendo Switch, Xbox Series X, Xbox One, PlayStation 5, PlayStation 4, iOS (iPhone/iPad)"
Lords of the Fallen,2023,75,M,6.7,CI Games,Action RPG,"PlayStation 5, Xbox Series X, PC"
GhostWire: Tokyo,2022,75,T,7.1,Tango Gameworks,Action Adventure,"PlayStation 5, PC, Xbox Series X"
SiN Episodes: Emergence,2006,75,M,7.6,N/A,FPS,PC
Utawarerumono: Mask of Truth,2017,75,M,8.7,Aqua Plus,Turn-Based Tactics,"PlayStation 3, Nintendo Switch, PlayStation 4, PlayStation, PC"
Crying Suns,2019,75,N/A,7.4,Alt Shift,Strategy,"PC, iOS (iPhone/iPad), Nintendo Switch"
Patapon 2 Remastered,2020,75,E,7.2,SCE Japan Studio,Action,PlayStation 4
The Evil Within,2014,75,M,7.6,Tango Gameworks,Survival,"Xbox 360, PlayStation 3, PC, PlayStation 4, Xbox One"
Folklore,2007,75,T,8.2,JapanStudio,Action Adventure,PlayStation 3
Total War: Rome Remastered,2021,75,T,5.9,Feral Interactive,Real-Time Strategy,PC
Victor Vran,2015,75,N/A,7.5,Haemimont Games,Action RPG,"PC, Xbox 360, Xbox One"
Endling - Extinction is Forever,2022,75,T,7.7,Herobeat Studios,Action Adventure,"iOS (iPhone/iPad), PC, Nintendo Switch, PlayStation 4, Xbox One, PlayStation 5, Xbox Series X"
The Night of the Rabbit,2013,75,N/A,7.5,Daedalic Entertainment,Point-and-Click,"PC, Nintendo Switch, PlayStation 5, Xbox Series X, Xbox One, PlayStation 4"
Ruiner,2017,75,N/A,7.5,Devolver Digital,Third Person Shooter,"PC, PlayStation 4, Xbox One, Nintendo Switch"
Call of Duty: Black Ops II - Revolution,2013,75,M,5.3,Treyarch,FPS,"PC, PlayStation 3, Xbox 360"
Pokemon Picross,2015,75,E,7.5,Jupiter Corporation,Logic Puzzle,3DS
Naruto: Ultimate Ninja Storm,2008,75,T,7.4,CyberConnect2,3D Fighting,"iOS (iPhone/iPad), PlayStation 3, PlayStation 4, Xbox One, PC, Nintendo Switch"
Sniper Elite: Resistance,2025,75,M,5.6,Rebellion,Third Person Shooter,"PC, PlayStation 4, PlayStation 5, Xbox Series X, Xbox One"
Concrete Genie,2019,75,E10+,7.9,Pixel Opus,Third-Person Adventure,PlayStation 4
Afterparty,2019,75,N/A,6.8,N/A,Adventure,"PC, Nintendo Switch, Xbox One, PlayStation 4"
Valentino Rossi The Game,2016,75,E,7.2,Milestone S.r.l,Auto Racing Sim,"PC, PlayStation 4, Xbox One"
Bomb Rush Cyberfunk,2023,75,N/A,8.3,Team Reptile,3D Platformer,"PC, Nintendo Switch, Xbox Series X, Xbox One, PlayStation 5, PlayStation 4"
Star Trek: Bridge Crew,2017,75,E10+,7.1,Red Storm Entertainment,Action Adventure,"PC, PlayStation 4"
Ghost of a Tale,2018,75,N/A,7.9,N/A,Action Adventure,"PC, Xbox One, PlayStation 4, Nintendo Switch"
Tokyo Xanadu eX+,2017,75,T,7.7,Falcom,Action RPG,"PlayStation 4, PC, Nintendo Switch"
DiRT Showdown,2012,75,E10+,6.7,Codemasters,Auto Racing Sim,"PlayStation 3, Xbox 360, PC"
Chernobylite,2021,75,N/A,7.7,All in! Games,Survival,"PC, PlayStation 4, Xbox One, PlayStation 5, Xbox Series X"
DreamWorks Kung Fu Panda,2008,75,E10+,7.2,Activision,3D Platformer,"PlayStation 2, Xbox 360, PC, Wii, PlayStation 3"
Sly Cooper: Thieves in Time,2013,75,E10+,8.2,N/A,Action Adventure,"PlayStation 3, PlayStation"
Need for Speed: Hot Pursuit Remastered,2020,75,E10+,6.3,Stellar Entertainment Software,Auto Racing,"PlayStation 4, Xbox One, PC, Nintendo Switch, Xbox Series X"
The Wolf Among Us: Episode 4 - In Sheep's Clothing,2014,75,M,8.3,Telltale Games,Point-and-Click,"PC, PlayStation 3, Xbox 360, iOS (iPhone/iPad)"
Chibi-Robo,2006,75,E10+,8.7,Nintendo,Action Adventure,Wii
The Next Big Thing,2011,75,E10+,7.5,Focus Home Interactive,Point-and-Click,"iOS (iPhone/iPad), PC"
The Dark Eye: Chains of Satinav,2012,75,N/A,7.5,Daedalic Entertainment,Point-and-Click,"PC, Nintendo Switch, Xbox One, Xbox Series X, PlayStation 4"
Game of Thrones: Episode One - Iron From Ice,2014,75,M,7.3,Telltale Games,Point-and-Click,"PlayStation 4, Xbox One, PC, PlayStation 3, Xbox 360, iOS (iPhone/iPad)"
Age of Empires III: Definitive Edition,2020,75,T,6.7,Xbox Game Studios,Command RTS,PC
Dragon Ball: Advanced Adventure,2006,75,E10+,8.6,Dimps Corporation,2D Beat-'Em-Up,Game Boy Advance
Dungeons 3,2017,75,T,7.5,Realmforge Studios,Strategy,"PC, PlayStation 4, Xbox One, Nintendo Switch"
Layers of Fear,2023,75,M,6.9,Bloober Team,Survival,"PC, PlayStation 5, Xbox Series X"
No More Heroes III,2021,75,M,7.9,Grasshopper Manufacture,Open-World Action,"Nintendo Switch, PlayStation 5, PlayStation 4, PC, Xbox Series X, Xbox One"
RAIDOU Remastered: The Mystery of the Soulless Army,2025,75,M,8.3,Atlus,Action RPG,"Nintendo Switch, PlayStation 5, Xbox Series X, PC, PlayStation 4"
Chroma Squad,2015,75,N/A,7.8,Behold Studios,Turn-Based Tactics,"PlayStation, PlayStation 4, PlayStation 3, PC, Xbox One, iOS (iPhone/iPad), Nintendo Switch"
Marvel's Spider-Man: Silver Lining,2018,75,T,7.1,Insomniac Games,Open-World Action,PlayStation 4
Observation,2019,75,M,6.6,No Code,Adventure,"PC, PlayStation 4, Xbox One"
Doraemon: Story of Seasons,2019,75,E,7.5,Bandai Namco Games,Tycoon,"Nintendo Switch, PC, PlayStation 4"
Iron Harvest,2020,75,N/A,6.7,KING Art,Command RTS,"PlayStation 4, Xbox One, PC"
The Outlast Trials,2024,75,M,7.7,Red Barrels,Survival,"PC, PlayStation 5, Xbox Series X, Xbox One, PlayStation 4"
Black Book,2021,75,N/A,7.8,Morteshka,Card Battle,"PC, Nintendo Switch, PlayStation 4, Xbox One"
Attack on Titan 2: Final Battle,2019,75,M,7.2,Omega Force,Action Adventure,"PlayStation 4, Xbox One, PC, Nintendo Switch"
Hydro Thunder Hurricane,2010,75,E,8.3,Vector Unit,Arcade Racing,"Xbox 360, PC"
Drakensang: The Dark Eye,2009,75,T,8.0,THQ,Western RPG,PC
LEGO Star Wars III: The Clone Wars,2011,75,E10+,7.9,LucasArts,Action Adventure,"PlayStation 3, Xbox 360, Wii, PC, 3DS"
X-MEN ORIGINS: WOLVERINE,2009,75,M,7.8,Activision,3D Beat-'Em-Up,"PlayStation 3, Xbox 360, Wii, PC, PlayStation 2"
Carrion,2020,75,N/A,7.5,Phobia Game Studio,Metroidvania,"PC, Xbox One, Nintendo Switch, PlayStation 4, PlayStation 5, iOS (iPhone/iPad)"
Resident Evil: Revelations 2,2015,75,M,7.7,Capcom,Survival,"PlayStation 4, Xbox One, PC, PlayStation 3, Xbox 360, PlayStation, Nintendo Switch, Xbox Series X"
Dead or Alive 5 Last Round,2015,74,M,7.4,Team Ninja,3D Fighting,"PlayStation 4, Xbox One, PlayStation 3, Xbox 360, PC"
Sonic the Hedgehog 4: Episode 1,2010,74,E,5.4,Dimps Corporation,2D Platformer,"iOS (iPhone/iPad), PlayStation 3, Xbox 360, Wii, PC"
Evoland 2: A Slight Case of Spacetime Continuum Disorder,2015,74,N/A,7.3,Shiro Games,Adventure,PC
FragPunk,2025,74,N/A,5.7,N/A,Tactical FPS,"PC, Xbox Series X, PlayStation 5"
Sundered,2017,74,T,7.2,Thunder Lotus Games,Metroidvania,"PlayStation 4, PC, Nintendo Switch, Xbox One"
Ghosts 'n Goblins Resurrection,2021,74,E10+,6.9,Capcom,2D Platformer,"Nintendo Switch, PlayStation 4, Xbox One, PC"
Lara Croft and the Temple of Osiris,2014,74,T,6.6,Nixxes Software,Linear Action Adventure,"Xbox One, PlayStation 4, PC, Nintendo Switch"
Ara: History Untold,2024,74,E10+,6.4,Xbox Game Studios,4X Strategy,PC
Batman: Arkham VR,2016,74,M,7.0,Warner Bros. Interactive Entertainment,First-Person Adventure,"PlayStation 4, PC"
Chrono Cross: The Radical Dreamers Edition,2022,74,T,5.7,Square Enix,JRPG,"Nintendo Switch, PlayStation 4, Xbox One, PC"
LEGO DC Super-Villains,2018,74,E10+,7.4,TT Games,Action Adventure,"Xbox One, PlayStation 4, PC, Nintendo Switch"
Prototype 2,2012,74,M,7.2,Activision,Open-World Action,"PlayStation 3, Xbox 360, PC, Xbox One, PlayStation 4"
Destroy All Humans! 2,2006,74,T,8.2,THQ,Action Adventure,"Xbox, PlayStation 2, PlayStation 4"
The Sims 3: Late Night Expansion Pack,2010,74,T,5.6,Electronic Arts,Virtual Life,PC
Everybody's Golf VR,2019,74,E,8.2,Clap Hanz,Golf,PlayStation 4
Inazuma Eleven 2: Firestorm,2009,74,N/A,8.7,Level 5,Soccer,
Patapon 3,2011,74,E,7.5,SCE Japan Studio,Rhythm,"PlayStation 5, PlayStation 4"
Gabriel Knight: Sins of the Fathers 20th Anniversary Edition,2014,74,N/A,8.1,Phoenix Online Publishing,Point-and-Click,"PC, iOS (iPhone/iPad)"
Shadows: Heretic Kingdoms,2014,74,N/A,7.2,Games Farm,Action RPG,PC
Titan Souls,2015,74,N/A,6.2,Devolver Digital,Action Adventure,"PlayStation, PlayStation 4, PC"
Far Cry 4: Valley of the Yetis,2015,74,M,7.1,Ubisoft Montreal,FPS,"PlayStation 4, Xbox One, PlayStation 3, Xbox 360, PC"
Alien: Rogue Incursion,2024,74,M,7.7,Survios,Survival,"PC, PlayStation 5"
SpellForce: The Order of Dawn,2004,74,T,8.3,Encore Software,Real-Time Strategy,PC
XIII,2003,74,M,7.4,Ubisoft,FPS,"PlayStation 2, Xbox, PC"
The Legend of Dragoon,2000,74,T,8.7,SCE Japan Studio,JRPG,"PlayStation, PlayStation 4, PlayStation 5"
The Thaumaturge,2024,74,N/A,7.1,Fool's Theory,RPG,"PC, PlayStation 5, Xbox Series X"
Starlink: Battle for Atlas,2018,74,E10+,7.7,Ubisoft Toronto,Space Combat Sim,"Nintendo Switch, PlayStation 4, Xbox One, PC"
Story of Seasons: Trio of Towns,2017,74,E10+,7.8,Marvelous Inc.,Tycoon,3DS
Dance Central Spotlight,2014,74,T,6.7,Harmonix Music Systems,Dancing,Xbox One
Frobisher Says!,2012,74,E10+,7.3,N/A,Miscellaneous,PlayStation
Total War: PHARAOH,2023,74,T,5.9,Creative Assembly,Turn-Based Strategy,PC
Potion Craft: Alchemist Simulator,2022,74,N/A,7.1,tinyBuild,Virtual Career,"PC, Xbox Series X, Xbox One, Nintendo Switch, PlayStation 4, PlayStation 5"
Superliminal,2019,74,N/A,7.7,N/A,First-Person Adventure,"PC, PlayStation 4, Nintendo Switch, Xbox One, PlayStation 5, iOS (iPhone/iPad)"
Song of Horror,2019,74,N/A,7.1,Protocol Games,Survival,"PC, PlayStation 4, Xbox One"
Blackguards 2,2015,74,N/A,7.3,Daedalic Entertainment,Turn-Based Tactics,"PC, Xbox One, PlayStation 4, Nintendo Switch"
Disgaea D2: A Brighter Darkness,2013,74,T,8.2,Nippon Ichi Software,Turn-Based Tactics,PlayStation 3
Resonance of Fate,2010,74,T,8.0,Sega,JRPG,"PlayStation 3, Xbox 360"
Space Pirates and Zombies,2011,74,N/A,7.6,N/A,Adventure,PC
Runaway: A Road Adventure,2003,74,T,7.7,N/A,Point-and-Click,"PC, iOS (iPhone/iPad)"
I Am Setsuna,2016,74,E10+,7.2,Tokyo RPG Factory,JRPG,"PlayStation 4, PlayStation, PC, Nintendo Switch"
9 Years of Shadows,2023,74,N/A,7.7,Freedom Games,Metroidvania,"PC, Nintendo Switch, iOS (iPhone/iPad), Xbox Series X, PlayStation 5, PlayStation 4, Xbox One"
Hotline Miami 2: Wrong Number,2015,74,M,7.9,Devolver Digital,Linear Action Adventure,"PC, PlayStation 4, PlayStation, PlayStation 3, PlayStation 5, Xbox Series X"
Killer7,2005,74,M,8.6,Grasshopper Manufacture,Action Adventure,"PlayStation 2, PC"
Binary Domain,2012,74,M,8.1,Ryu ga Gotoku Studios,Third Person Shooter,"Xbox 360, PlayStation 3, PC"
Deponia,2012,74,N/A,8.1,Daedalic Entertainment,Point-and-Click,"PC, iOS (iPhone/iPad), PlayStation 4, Nintendo Switch, Xbox One"
The Escapists,2015,74,T,6.9,Mouldy Toof Studios,Action,"PC, Xbox One, PlayStation 4, Xbox 360, iOS (iPhone/iPad)"
The Raven: Legacy of a Master Thief,2013,74,T,6.7,KING Art,Point-and-Click,"Xbox 360, PC, PlayStation 3, Xbox One"
Trackmania,2020,74,E,5.0,Ubisoft Nadeo,Auto Racing,"PC, PlayStation 5, Xbox Series X, PlayStation 4, Xbox One"
Batman: Arkham Origins,2013,74,T,7.7,WB Games Montreal,Open-World Action,"Xbox 360, PlayStation 3, PC, Wii U"
The Turing Test,2016,74,E10+,6.7,Square Enix,FPS,"Xbox One, PC, PlayStation 4, Nintendo Switch"
Dino Crisis,2000,74,M,8.5,Capcom,Survival,"PlayStation, PC, Dreamcast, PlayStation 5, PlayStation 4"
Icewind Dale: Heart of Winter,2001,74,T,8.0,Black Isle Studios,Western RPG,PC
Atelier Totori: The Adventurer of Arland,2011,74,T,8.1,Gust,JRPG,"PlayStation, PlayStation 3"
Phoenix Point,2019,74,N/A,5.8,Snapshot Games Inc.,Turn-Based Tactics,"PC, Xbox One, PlayStation 4, PlayStation 5"
Kingdom Hearts: Melody of Memory,2020,74,E10+,7.1,indieszero,Rhythm,"PlayStation 4, Xbox One, Nintendo Switch, PC"
Crisol: Theater of Idols,2026,74,N/A,8.1,N/A,Survival,"PC, PlayStation 5, Xbox Series X"
King's Bounty: Warriors of the North,2012,74,N/A,6.9,1C Entertainment,Turn-Based Strategy,PC
Persona 5 Tactica,2023,74,T,7.1,Sega,Turn-Based Tactics,"Xbox Series X, PC, Xbox One, PlayStation 5, PlayStation 4, Nintendo Switch"
Saints Row: The Third Remastered,2020,74,M,6.9,Sperasoft,Open-World Action,"PC, Xbox One, PlayStation 4, Xbox Series X, PlayStation 5"
The Guided Fate Paradox,2013,74,T,7.7,Nippon Ichi Software,Roguelike,PlayStation 3
Dawn of Man,2019,74,T,7.3,Madruga Works,Real-Time Strategy,"PC, Xbox One, PlayStation 4, PlayStation 5"
Evil Islands: Curse of the Lost Soul,2001,74,T,8.4,Nival Interactive,RPG,PC
Kinectimals,2010,74,E,5.0,Frontier Developments,Virtual Life,"Xbox 360, iOS (iPhone/iPad)"
Gibbous -  A Cthulhu Adventure,2019,74,N/A,6.6,N/A,Point-and-Click,"PC, Nintendo Switch"
Call of Duty: Black Ops III - Awakening,2016,74,N/A,5.2,Treyarch,FPS,"PlayStation 4, Xbox One, PC, PlayStation 3, Xbox 360"
RollerCoaster Tycoon 2,2002,74,E,8.7,Infogrames,Tycoon,"PC, Xbox"
Cossacks: European Wars,2001,74,T,8.3,Strategy First,Command RTS,PC
Mass Effect 3: Leviathan,2012,74,M,7.0,BioWare,Action RPG,"PlayStation 3, Xbox 360, PC"
Star Fox Guard,2016,74,E10+,7.3,PlatinumGames,Defense,Wii U
Journey to the Savage Planet,2020,74,T,7.0,Typhoon Studios,Open-World Action,"PC, PlayStation 4, Xbox One, Nintendo Switch"
Mordheim: City of the Damned,2015,74,N/A,6.7,Rogue Factor,Turn-Based Tactics,"PC, Xbox One, PlayStation 4"
Disney Speedstorm,2023,74,E,5.2,Gameloft,Auto Racing,"Nintendo Switch, PC, PlayStation 4, Xbox One, PlayStation 5, Xbox Series X, iOS (iPhone/iPad)"
Naruto Shippuden: Ultimate Ninja Storm Generations,2012,74,T,6.8,CyberConnect2,3D Fighting,"PlayStation 3, Xbox 360"
Phantom Doctrine,2018,74,M,7.5,CreativeForge Games,Turn-Based Strategy,"PC, PlayStation 4, Xbox One, Nintendo Switch"
Amplitude,2016,74,E,7.2,Harmonix Music Systems,Rhythm,"PlayStation 4, PlayStation 3"
The Secret World,2012,74,M,8.3,Funcom,MMORPG,PC
Sonic Chronicles: The Dark Brotherhood,2008,74,E,6.2,BioWare,JRPG,
Soul Hackers 2,2022,74,M,6.9,Atlus,JRPG,"PlayStation 5, Xbox Series X, PC, PlayStation 4, Xbox One"
Gran Turismo: The Real Driving Simulator,2009,74,E,7.5,N/A,Auto Racing Sim,
WUCHANG: Fallen Feathers,2025,74,M,6.9,505 Games,Action RPG,"PC, Xbox Series X, PlayStation 5"
Luigi's Mansion,2018,74,E,8.2,GREZZO,Action Adventure,3DS
Princess Peach: Showtime!,2024,74,E10+,6.8,Good-Feel,Linear Action Adventure,Nintendo Switch
Spider-Man 2: Enter: Electro,2001,74,E,8.2,Vicarious Visions,Action Adventure,PlayStation
IL-2 Sturmovik: Battle of Stalingrad,2014,74,T,6.1,N/A,Aircraft Combat Sim,PC
Shin Megami Tensei: Devil Summoner - Soul Hackers,2013,74,M,7.9,Atlus,JRPG,3DS
Attack on Titan,2016,74,M,7.1,Omega Force,Action Adventure,"PlayStation 4, PlayStation 3, PlayStation, PC, Xbox One"
Fatal Frame,2002,74,T,8.2,Tecmo,Survival,PlayStation 2
Mafia II,2010,74,M,8.2,2K Games,Open-World Action,"PC, PlayStation 3, Xbox 360"
Forgive me Father,2021,74,N/A,7.3,1C Entertainment,FPS,"PC, Nintendo Switch, PlayStation 4, Xbox One, Xbox Series X"
Atelier Firis: The Alchemist and the Mysterious Journey,2017,74,T,7.0,Koei Tecmo Games,JRPG,"PlayStation 4, PlayStation, PC"
Fire Emblem Warriors,2017,74,T,7.6,Omega Force,3D Beat-'Em-Up,"Nintendo Switch, 3DS"
Red Dead Revolver,2004,74,M,7.1,Rockstar Games,Third Person Shooter,"PlayStation 2, Xbox, PlayStation 4"
Cat Quest,2017,74,E10+,7.3,The Gentlebros,Action RPG,"Nintendo Switch, PC, PlayStation 4, iOS (iPhone/iPad)"
John Wick Hex,2019,74,M,4.8,Mike Bithell,Turn-Based Tactics,"PC, Nintendo Switch, PlayStation 4, Xbox One, Xbox Series X"
Sonic Colors: Ultimate,2021,74,E,6.3,Sega,3D Platformer,"Xbox One, Nintendo Switch, PlayStation 4, PC, Xbox Series X"
Tokyo Jungle,2012,74,T,8.0,N/A,Survival,PlayStation 3
Cities: Skylines II,2023,74,E,4.3,Colossal Order,Management,"PC, PlayStation 5, Xbox Series X"
Virginia,2016,74,N/A,5.0,Variable State,First-Person Adventure,"PC, Xbox One, PlayStation 4"
Just Dance 2020,2020,74,E10+,6.4,Ubisoft Paris,Dancing,"PC, PlayStation 4, Nintendo Switch, Xbox One, Wii"
Paladins: Champions of the Realm,2018,74,T,6.4,Hi-Rez Studios,Tactical FPS,"PC, PlayStation 4, Xbox One, Nintendo Switch"
Caesar IV,2006,74,E10+,8.2,N/A,Management,PC
Vampire: The Masquerade - Redemption,2000,74,M,8.2,Activision,Western RPG,PC
The Beast Inside,2019,74,N/A,7.2,Illusion Ray Studio,Survival,"PC, PlayStation 5, Xbox Series X, Xbox One, PlayStation 4, Nintendo Switch"
Game of Thrones: Episode Five - A Nest of Vipers,2015,74,M,6.7,Telltale Games,Point-and-Click,"PC, PlayStation 4, PlayStation 3, Xbox One, Xbox 360, iOS (iPhone/iPad)"
BPM: Bullets Per Minute,2020,74,N/A,7.1,N/A,FPS,"PC, Xbox One, PlayStation 4, Nintendo Switch"
The Outer Worlds: Peril on Gorgon,2020,74,N/A,6.6,Obsidian Entertainment,Western RPG,"Xbox One, PC, PlayStation 4, Nintendo Switch"
PlayStation All-Stars Battle Royale,2012,74,T,7.4,N/A,2D Fighting,"PlayStation 3, PlayStation"
Narita Boy,2021,74,T,6.8,Team17,Action Adventure,"PC, Nintendo Switch, Xbox One, PlayStation 4"
The Elder Scrolls Online: Tamriel Unlimited,2015,74,M,7.5,ZeniMax Media,MMORPG,"PlayStation 4, Xbox One, PC"
Atomfall,2025,74,M,6.6,Rebellion,Open-World Action,"PC, Xbox Series X, PlayStation 5, PlayStation 4, Xbox One"
Prince of Persia: The Forgotten Sands,2010,74,T,7.4,Ubisoft Montreal,Linear Action Adventure,"Xbox 360, PlayStation 3, Wii, PC"
The Red Solstice,2014,74,N/A,7.3,Ironward,Real-Time Tactics,PC
Partisans 1941,2020,74,N/A,7.1,Daedalic Entertainment,Real-Time Tactics,PC
Marvel Rivals,2024,74,N/A,6.8,NetEase Games,Tactical Third Person Shooter,"PC, PlayStation 5, Xbox Series X, PlayStation 4, Nintendo Switch"
Turnip Boy Commits Tax Evasion,2021,74,E10+,7.3,Graffiti Games,Action Adventure,"PC, Nintendo Switch, Xbox One, PlayStation 4, iOS (iPhone/iPad)"
Fatal Frame II: Crimson Butterfly REMAKE,2026,74,M,7.7,Team Ninja,Survival,"PC, Nintendo Switch, PlayStation 5, Xbox Series X"
Medal of Honor: Allied Assault - Spearhead,2002,74,T,7.5,EA Games,FPS,PC
Master of Orion: Conquer the Stars,2016,74,N/A,7.1,NGD Studios,4X Strategy,PC
Dragon Age: Inquisition - Jaws Of Hakkon,2015,74,N/A,6.1,BioWare,Western RPG,"Xbox One, PC, PlayStation 4, PlayStation 3"
Delta Force: Land Warrior,2000,74,T,7.2,NovaLogic,Tactical FPS,PC
Cossacks: The Art of War,2002,74,T,8.0,cdv Software,Command RTS,PC
Mario Party 3,2001,74,E,8.2,Nintendo,Party,Nintendo 64
Game of Thrones: Episode Two - The Lost Lords,2015,73,M,7.9,Telltale Games,Point-and-Click,"PC, PlayStation 4, PlayStation 3, Xbox One, Xbox 360, iOS (iPhone/iPad)"
Naruto: Ultimate Ninja 2,2007,73,T,7.4,CyberConnect2,3D Fighting,PlayStation 2
FlatOut 2,2006,73,T,8.3,N/A,Auto Racing,"Xbox, PlayStation 2, PC"
Mafia: The Old Country,2025,73,M,7.7,Hangar 13,Linear Action Adventure,"PlayStation 5, Xbox Series X, PC"
Shadow Warrior,2013,73,N/A,8.0,Devolver Digital,FPS,"PlayStation 4, Xbox One, PC, PlayStation"
NBA Live 19,2018,73,E,6.5,EA Tiburon,Basketball Sim,"PlayStation 4, Xbox One"
Army of Two: The 40th Day,2010,73,M,6.9,Electronic Arts,Third Person Shooter,"PlayStation 3, Xbox 360"
Killzone: Shadow Fall,2013,73,M,6.8,Guerrilla,FPS,PlayStation 4
Tom Clancy's Rainbow Six Extraction,2022,73,M,5.2,Ubisoft Montreal,Tactical FPS,"PlayStation 4, Xbox One, PC, PlayStation 5, Xbox Series X"
Battlefield Hardline,2015,73,M,5.4,Electronic Arts,Tactical FPS,"PC, PlayStation 4, PlayStation 3, Xbox 360, Xbox One"
Chorus,2021,73,T,6.9,Deep Silver,Space Combat Sim,"Xbox Series X, PlayStation 4, Xbox One, PC, PlayStation 5"
Arcadegeddon,2021,73,T,7.1,IllFonic,Third Person Shooter,"PlayStation 5, PC, Xbox Series X, PlayStation 4, Xbox One, Nintendo Switch"
LEGO 2K Drive,2023,73,E10+,5.9,Visual Concepts,Auto Racing,"PlayStation 5, Xbox Series X, PC, PlayStation 4, Xbox One, Nintendo Switch"
The Elder Scrolls V: Skyrim Anniversary Edition,2021,73,M,6.4,Bethesda Game Studios,Western RPG,"PlayStation 5, Xbox Series X, PlayStation 4, Xbox One, PC, Nintendo Switch"
Dune: Spice Wars,2023,73,N/A,6.3,Shiro Games,4X Strategy,"PC, Xbox Series X"
Just Cause,2006,73,M,6.5,Avalanche Studios,Open-World Action,"PC, Xbox, PlayStation 2, Xbox 360"
Sonic Mega Collection Plus,2004,73,E,8.4,Sonic Team,Compilation,"Xbox, PlayStation 2, PC"
Black Desert Online,2016,73,T,4.7,Pearl Abyss,MMORPG,PC
LittleBigPlanet Karting,2012,73,E,7.2,Media Molecule,Auto Racing,PlayStation 3
Medal of Honor: Airborne,2007,73,T,7.0,Electronic Arts,FPS,"PlayStation 3, PlayStation 2, Xbox 360, Xbox, PC, Wii"
The Elder Scrolls V: Skyrim - Dawnguard,2012,73,M,7.3,Bethesda Game Studios,Western RPG,"Xbox 360, PlayStation 3, PC"
Arizona Sunshine 2,2023,73,M,7.1,Vertigo Games,Light Gun,"PlayStation 5, PC"
Mario Party 9,2012,73,E,6.8,Nd Cube,Party,Wii
MechWarrior 5: Mercenaries,2019,73,N/A,5.4,N/A,Vehicle Combat Sim,"PC, Xbox Series X, Xbox One, PlayStation 5, PlayStation 4"
Project Spark,2014,73,E10+,7.0,Microsoft Game Studios,Sandbox,"Xbox One, Xbox 360, PC"
Assassin's Creed III - The Infamy,2013,73,M,4.9,Ubisoft Quebec,Open-World Action,"PlayStation 3, PC, Xbox 360"
Assassin's Creed Valhalla: Wrath of the Druids,2021,73,N/A,6.3,Ubisoft,Open-World Action,"PlayStation 5, PC, Xbox Series X, Xbox One, PlayStation 4"
Escape from Tarkov,2025,73,N/A,5.4,N/A,Tactical FPS,PC
ArmA II: Operation Arrowhead,2010,73,M,8.3,Bohemia Interactive,FPS,PC
Assassin's Creed Origins: The Hidden Ones,2018,73,M,6.6,Ubisoft Montreal,Open-World Action,"PC, PlayStation 4, Xbox One"
Pokemon Colosseum,2004,73,E,8.1,Nintendo,Trainer RPG,
LEGO Pirates of the Caribbean: The Video Game,2011,73,E10+,7.5,Disney Interactive Studios,Action Adventure,"PlayStation 3, Xbox 360, Wii, PC, 3DS"
Call of Duty: Vanguard,2021,73,M,3.7,Sledgehammer Games,Tactical FPS,"PC, Xbox Series X, Xbox One, PlayStation 5, PlayStation 4"
Titanfall: Expedition,2014,73,M,4.8,Respawn Entertainment,FPS,"Xbox One, PC"
Life is Strange 2: Episode 2 - Rules,2019,73,M,5.4,DONTNOD Entertainment,Third-Person Adventure,"PlayStation 4, Xbox One, PC"
Pandora's Tower,2013,73,T,8.1,Ganbarion,Action RPG,Wii
Farming Simulator 19,2018,73,E,6.4,Giants Software,Virtual Career,"PC, PlayStation 4, Xbox One"
Outlast: Whistleblower,2014,73,M,8.1,Red Barrels,Survival,"PlayStation 4, PC, Xbox One"
Cossacks II: Napoleonic Wars,2005,73,T,7.5,cdv Software,Command RTS,PC
NES Remix 2,2014,73,E,7.9,indieszero,Party,Wii U
Urban Chaos: Riot Response,2006,73,M,8.5,Eidos Interactive,FPS,"PlayStation 2, Xbox"
Resident Evil Village: Winters' Expansion,2022,73,N/A,6.5,Capcom,Survival,"Nintendo Switch, PlayStation 5, Xbox Series X, PC, Xbox One, PlayStation 4"
Naruto Shippuden: Ultimate Ninja Storm 3 Full Burst,2013,73,T,7.7,CyberConnect2,3D Fighting,"Xbox 360, PlayStation 3, PC, PlayStation 4, Xbox One"
KUNAI,2020,73,E10+,8.0,TurtleBlaze,Metroidvania,"PC, Nintendo Switch"
Naruto Shippuden: Ultimate Ninja Storm Revolution,2014,73,T,7.4,CyberConnect2,3D Fighting,"Xbox 360, PlayStation 3, PC"
NHL 26,2025,73,E10+,3.1,Electronic Arts,Hockey Sim,"PlayStation 5, Xbox Series X"
Life is Strange: Double Exposure,2024,73,M,4.5,Deck Nine Games,Third-Person Adventure,"PC, Xbox Series X, PlayStation 5, Nintendo Switch"
Medieval Dynasty,2020,73,T,6.6,Render Cube,Survival,"PC, Xbox Series X, PlayStation 5, PlayStation 4, Xbox One"
Kirby and the Rainbow Curse,2015,73,E,8.0,HAL Labs,2D Platformer,Wii U
Chariot,2014,73,E,7.5,N/A,2D Platformer,"Xbox One, PlayStation 4, Wii U, PC, PlayStation 3"
Metal Eden,2025,73,M,7.3,Deep Silver,FPS,"PC, Xbox Series X, PlayStation 5"
Teenage Mutant Ninja Turtles: Splintered Fate,2024,73,E10+,7.6,Super Evil Megacorp,3D Beat-'Em-Up,"iOS (iPhone/iPad), Nintendo Switch, PC, PlayStation 5, Xbox One, Xbox Series X, PlayStation 4"
Cogs,2009,73,E,6.9,N/A,Puzzle,"PC, iOS (iPhone/iPad)"
Batman: Return to Arkham,2016,73,T,8.3,Virtuos,Compilation,"Xbox One, PlayStation 4"
Fantasy Life,2014,73,E10+,8.4,Level 5,RPG,3DS
The Elder Scrolls Online: Greymoor,2020,73,M,5.1,ZeniMax Media,MMORPG,"PC, PlayStation 4, Xbox One"
Disney Illusion Island,2023,73,E,6.5,Disney Interactive Studios,Metroidvania,"Nintendo Switch, PlayStation 5, Xbox Series X, PC"
Marvel: Ultimate Alliance 2,2009,73,T,7.3,Vicarious Visions,Action RPG,"Wii, Xbox 360, PlayStation 3, PlayStation 2, PlayStation 4, Xbox One, PC"
Project X Zone 2,2016,73,T,7.4,Monolith Soft,Turn-Based Tactics,3DS
Tribes of Midgard,2021,73,T,7.0,Norsfell,Action RPG,"PC, PlayStation 4, Xbox One, PlayStation 5, Nintendo Switch, Xbox Series X"
Stories: The Path of Destinies,2016,73,T,7.3,Spearhead Games,Action RPG,"PlayStation 4, PC, Xbox One"
Xenosaga Episode II: Jenseits von Gut und Bose,2005,73,T,7.9,Monolith Soft,JRPG,PlayStation 2
Pokemon Brilliant Diamond,2021,73,E,5.0,"ILCA, Inc.",Trainer RPG,Nintendo Switch
Animal Crossing: City Folk,2008,73,E,7.8,Nintendo,Virtual Life,Wii
The Blackwell Deception,2011,73,N/A,7.3,Wadjet Eye Games,Adventure,"iOS (iPhone/iPad), PC"
Arcade Paradise,2022,73,T,6.6,Wired Productions,Virtual Career,"PC, PlayStation 5, Xbox Series X, Nintendo Switch, Xbox One, PlayStation 4"
Sniper Elite V2 Remastered,2019,73,M,6.9,Rebellion,Tactical Third Person Shooter,"PlayStation 4, Xbox One, Nintendo Switch, PC"
Nintendo World Championships: NES Edition,2024,73,E,6.3,indieszero,Party,Nintendo Switch
Strange Brigade,2018,73,T,6.2,Rebellion,Third Person Shooter,"PlayStation 4, Xbox One, PC, Nintendo Switch"
Destiny 2: Shadowkeep,2019,73,T,5.4,Bungie,FPS,"PC, Xbox One, PlayStation 4"
Penumbra: Overture,2007,73,M,7.7,Frictional Games,Survival,PC
LEGO Batman 3: Beyond Gotham,2014,73,E10+,7.1,TT Games,Action Adventure,"Xbox One, PlayStation 4, PC, Xbox 360, PlayStation 3, Wii U, PlayStation, 3DS, iOS (iPhone/iPad)"
StarCraft II: Nova Covert Ops - Mission Pack 1,2016,73,N/A,7.0,Blizzard Entertainment,Command RTS,PC
Warlock 2: The Exiled,2014,73,N/A,7.0,Ino-Co Plus,4X Strategy,PC
NBA 2K Playgrounds 2,2018,73,E,5.6,Saber Interactive,Basketball,"PlayStation 4, Nintendo Switch, PC, Xbox One"
2014 FIFA World Cup Brazil,2014,73,E,5.5,EA Sports,Soccer Sim,"PlayStation 3, Xbox 360"
Disgaea 6: Defiance of Destiny,2021,73,T,5.6,Nippon Ichi Software,Turn-Based Tactics,"Nintendo Switch, PlayStation 4"
Rocket Arena,2020,73,T,5.1,Final Strike Games,FPS,"PlayStation 4, PC, Xbox One"
Syphon Filter 3,2001,73,M,8.3,N/A,Third Person Shooter,"PlayStation, PlayStation 5, PlayStation 4"
Sonic Adventure 2,2002,73,E,8.4,Sonic Team,3D Platformer,"Dreamcast, Xbox 360, PlayStation 3, PC"
Dead Island 2,2023,73,M,7.2,Deep Silver,FPS,"PlayStation 4, Xbox One, PC, PlayStation 5, Xbox Series X"
Banished,2014,73,N/A,8.1,N/A,Management,PC
Eagle Flight,2016,73,E10+,7.0,Ubisoft,Aircraft Combat Sim,"PlayStation 4, PC"
A Story About My Uncle,2012,73,N/A,7.0,N/A,3D Platformer,PC
WWE 2K16,2015,73,T,7.2,Yuke's,Wrestling,"Xbox One, Xbox 360, PlayStation 4, PlayStation 3, PC"
The Sims 4: Get to Work,2015,73,T,5.8,Maxis,Virtual Life,"PC, PlayStation 4, Xbox One"
Always Sometimes Monsters,2014,73,N/A,7.2,Devolver Digital,Adventure,"PC, iOS (iPhone/iPad), PlayStation 4, Nintendo Switch"
Hard Reset,2011,73,M,7.3,N/A,FPS,PC
The Surge,2017,73,M,6.6,Deck 13,Action RPG,"PC, Xbox One, PlayStation 4"
Oni (2001),2001,73,T,8.5,Bungie,3D Beat-'Em-Up,"PC, PlayStation 2"
Steel Division 2,2019,73,N/A,7.2,Eugen Systems,Real-Time Tactics,PC
eFootball PES 2021,2021,73,E,5.7,Konami,Soccer Sim,"Xbox One, PlayStation 4, PC"
Shadow Hearts,2001,73,M,8.4,Midway,JRPG,PlayStation 2
Star Wars Battlefront: Renegade Squadron,2007,73,T,8.1,Rebellion,Third Person Shooter,
Far Cry 6,2021,73,M,5.4,Ubisoft Toronto,FPS,"PlayStation 4, Xbox One, PC, PlayStation 5, Xbox Series X"
SpellForce 3,2017,73,M,7.6,Grimlore Games,Real-Time Tactics,PC
Another Code: Recollection,2024,73,T,8.5,Arc System Works,Compilation,Nintendo Switch
Killer Instinct,2013,73,T,6.6,Microsoft Game Studios,2D Fighting,"Xbox One, PC"
Disney Epic Mickey,2010,73,E,7.5,Disney Interactive Studios,3D Platformer,Wii
Star Wars: The Force Unleashed,2008,73,T,7.2,LucasArts,Linear Action Adventure,"PlayStation 2, PlayStation 3, Xbox 360, Wii, iOS (iPhone/iPad), Nintendo Switch"
The Sims 3 Seasons,2012,73,T,7.5,Electronic Arts,Virtual Life,PC
Mario Kart 8 Deluxe: Booster Course Pass - Wave 1,2022,73,E,6.5,Nintendo,Auto Racing,Nintendo Switch
Mulaka,2018,73,T,7.2,Lienzo,Action Adventure,"PlayStation 4, PC, Xbox One, Nintendo Switch"
Marvel's Iron Man VR,2020,73,T,6.3,Camouflaj,Aircraft Combat Sim,PlayStation 4
RAGE 2,2019,73,M,5.7,Avalanche Studios,FPS,"PC, PlayStation 4, Xbox One"
Hard West,2015,73,N/A,7.2,CreativeForge Games,Turn-Based Tactics,"PC, Nintendo Switch"
Massive Chalice,2015,73,T,6.0,Double Fine Productions,Turn-Based Tactics,"PC, Xbox One, Xbox Series X"
Pokemon Shining Pearl,2021,73,E,4.9,"ILCA, Inc.",Trainer RPG,Nintendo Switch
Draugen,2019,73,N/A,6.8,N/A,First-Person Adventure,"PC, PlayStation 4, Xbox One"
Poly Bridge,2016,73,N/A,6.7,Dry Cactus,Puzzle,"PC, iOS (iPhone/iPad), Nintendo Switch"
Banjo-Tooie,2009,73,E,8.1,Microsoft Game Studios,3D Platformer,"Nintendo 64, Xbox 360"
The Flame in the Flood,2016,73,T,6.1,N/A,Survival,"PC, Xbox One, Nintendo Switch, PlayStation 4"
Evil West,2022,73,M,6.9,Focus Entertainment,Third Person Shooter,"PC, PlayStation 5, Xbox Series X, Xbox One, PlayStation 4"
God Hand,2006,73,M,8.8,Capcom,3D Beat-'Em-Up,PlayStation 2
Blues and Bullets - Episode 1: The End of Peace,2015,73,N/A,6.2,N/A,Action Adventure,"Xbox One, PC, PlayStation 4"
Muse Dash,2019,73,T,6.9,PeroPeroGames,Rhythm,"PC, Nintendo Switch, iOS (iPhone/iPad)"
Kinect: Disneyland Adventures,2011,73,E10+,4.1,Frontier Developments,Action Adventure,"Xbox One, PC, Xbox 360"
inFamous: First Light,2014,73,T,7.3,Sucker Punch,Open-World Action,PlayStation 4
Hitman: Codename 47,2000,73,M,7.4,Io Interactive,Linear Action Adventure,PC
Dante's Inferno,2010,73,M,7.7,Electronic Arts,Linear Action Adventure,"Xbox 360, PlayStation 3"
FIFA 07 Soccer,2006,73,E,7.4,EA Sports,Soccer Sim,"Game Boy Advance, PlayStation 2, Xbox 360, PC, Xbox"
Mario Strikers: Battle League,2022,73,E10+,4.6,Next Level Games,Soccer,Nintendo Switch
LEGO Harry Potter Collection,2016,73,E10+,7.4,Warner Bros. Interactive Entertainment,Compilation,"PlayStation 4, Xbox One, Nintendo Switch, PC, Xbox Series X, PlayStation 5"
Neverwinter Nights 2: Storm of Zehir,2008,73,T,6.9,Obsidian Entertainment,Western RPG,PC
Beyond Divinity,2004,73,M,7.0,Larian Studios Games,Action RPG,PC
Broken Age: Act 2,2015,73,N/A,6.2,Double Fine Productions,Point-and-Click,"PC, iOS (iPhone/iPad)"
Star Wars Battlefront,2015,73,T,5.2,EA DICE,Tactical FPS,"PC, Xbox One, PlayStation 4"
Dragon Ball Z: Attack of the Saiyans,2009,73,E10+,8.2,Monolith Soft,JRPG,
Sludge Life,2020,73,M,7.1,Terri Vellimann,First-Person Adventure,"PC, Nintendo Switch"
Zone of the Enders HD Collection,2012,73,M,7.8,High Voltage Software,Compilation,"PlayStation 3, Xbox 360, PlayStation"
Sniper Ghost Warrior Contracts 2,2021,73,M,7.0,CI Games,Tactical FPS,"PlayStation 4, PC, Xbox One, Xbox Series X, PlayStation 5"
War of the Roses,2012,73,N/A,5.8,Fatshark,Action,PC
Disciples: Liberation,2021,73,M,4.8,Kalypso,Turn-Based Strategy,"PC, Xbox Series X, Xbox One, PlayStation 5, PlayStation 4"
Anarchy Reigns,2013,73,M,8.0,PlatinumGames,3D Beat-'Em-Up,"Xbox 360, PlayStation 3"
Sakura Wars,2020,73,T,7.7,Sega,3D Beat-'Em-Up,PlayStation 4
Dandara,2018,73,E,7.3,Coatsink Software,Metroidvania,"Nintendo Switch, PC, PlayStation 4, Xbox One, iOS (iPhone/iPad)"
X3: Terran Conflict,2008,73,T,8.0,Atari SA,Space Combat Sim,PC
Digimon Story Cyber Sleuth: Hacker's Memory,2018,73,T,7.6,Media.Vision,JRPG,"PlayStation 4, PlayStation"
Tom Clancy's Rainbow Six Siege,2015,73,M,7.0,Ubisoft Montreal,Tactical FPS,"Xbox One, PlayStation 4, PC, PlayStation 5, Xbox Series X"
Behind the Frame: The Finest Scenery,2021,73,N/A,7.3,Akupara Games,Adventure,"PC, iOS (iPhone/iPad), Nintendo Switch, PlayStation 4"
Meet Your Maker,2023,73,M,5.6,Behaviour Interactive,Sandbox,"PlayStation 5, Xbox Series X, PC, PlayStation 4, Xbox One"
Pac-Man World 2,2002,73,E,7.6,Namco,3D Platformer,"PlayStation 2, Xbox, PC"
Dreamfall Chapters Book One: Reborn,2014,72,N/A,7.9,N/A,Third-Person Adventure,PC
Gratuitous Space Battles,2009,72,N/A,6.8,N/A,Strategy,"PC, iOS (iPhone/iPad)"
Majesty 2: The Fantasy Kingdom Sim,2009,72,T,7.2,1C Entertainment,Strategy,"PC, Xbox 360"
Assassin's Creed Valhalla: The Siege of Paris,2021,72,M,6.1,Ubisoft,Open-World Action,"PlayStation 5, Xbox Series X, PC, PlayStation 4, Xbox One"
Serious Sam II,2005,72,M,6.7,Croteam,FPS,"Xbox, PC"
Evil Dead: The Game,2022,72,M,6.9,Saber Interactive,Survival,"PlayStation 5, PlayStation 4, Xbox Series X, PC, Xbox One, Nintendo Switch"
Solar 2,2011,72,N/A,6.9,N/A,Sandbox,"PC, Xbox 360, iOS (iPhone/iPad)"
No More Heroes: Heroes Paradise,2011,72,M,7.5,Konami,3D Beat-'Em-Up,"PlayStation 3, Xbox 360"
Destiny: House of Wolves,2015,72,T,4.3,Bungie,FPS,"PlayStation 4, PlayStation 3, Xbox One, Xbox 360"
Dragon Quest Treasures,2022,72,E10+,7.3,TOSE,JRPG,"Nintendo Switch, PC"
Castlevania: Lords of Shadow - Mirror of Fate,2013,72,M,7.2,Mercury Steam,Action Adventure,"3DS, PlayStation 3, Xbox 360, PC"
Dead Rising 4,2016,72,M,5.2,Microsoft Game Studios,Open-World Action,"Xbox One, PC"
NHL 21,2020,72,E10+,2.5,Electronic Arts,Hockey Sim,"Xbox One, PlayStation 4, Xbox Series X"
Looney Tunes: Sheep Raider,2001,72,E,8.5,Infogrames,Action,"PlayStation, PC"
Medal of Honor: Allied Assault - Breakthrough,2003,72,T,6.8,TKO Software,FPS,PC
Monster Hunter Freedom 2,2007,72,T,7.4,Capcom,Action RPG,
Tricky Towers,2016,72,E,6.9,N/A,Stacking Puzzle,"PlayStation 4, PC, Xbox One, Nintendo Switch"
Serious Sam 3: BFE,2011,72,N/A,7.9,Croteam,FPS,"PC, PlayStation 3, Xbox 360"
Zombie Army 4: Dead War,2020,72,M,6.3,Rebellion,Third Person Shooter,"PC, PlayStation 4, Xbox One, Nintendo Switch"
The Getaway,2003,72,M,7.5,N/A,Action Adventure,PlayStation 2
Blocks That Matter,2011,72,N/A,7.2,N/A,2D Platformer,"Xbox 360, PC"
Kingdom Come: Deliverance II - Brushes with Death,2025,72,N/A,6.5,Warhorse Studios,Action RPG,"PC, PlayStation 5"
Commandos 3: Destination Berlin,2003,72,T,7.7,Eidos Interactive,Real-Time Tactics,PC
The Journey Down: Chapter One,2012,72,N/A,7.3,N/A,Point-and-Click,"iOS (iPhone/iPad), PC, Nintendo Switch, PlayStation 4, Xbox One"
RoboCop: Rogue City,2023,72,M,7.7,Teyon,FPS,"PlayStation 5, Xbox Series X, PC"
Dragon Ball Z: Budokai Tenkaichi 2,2006,72,T,8.6,Atari SA,3D Fighting,"Wii, PlayStation 2"
Tails Noir,2021,72,M,6.7,EggNut,Adventure,"PC, PlayStation 4, Xbox One, Nintendo Switch, PlayStation 5, Xbox Series X"
Renowned Explorers: International Society,2015,72,N/A,6.4,N/A,Turn-Based Tactics,PC
Borderlands: Claptrap's New Robot Revolution,2010,72,M,6.9,Gearbox Software,FPS,"PlayStation 3, Xbox 360, PC"
Gamedec,2021,72,M,6.6,Anshar Studios,Western RPG,"PC, Nintendo Switch, PlayStation 5"
The Invincible,2023,72,N/A,7.8,11 bit studios,First-Person Adventure,"PlayStation 5, PC, Xbox Series X"
Assassin's Creed Rogue,2014,72,M,7.2,Ubisoft Sofia,Open-World Action,"PlayStation 3, Xbox 360, PC"
Mercenaries 2: World in Flames,2008,72,T,6.8,EA Games,Open-World Action,"Xbox 360, PlayStation 3, PlayStation 2, PC"
Book of Demons,2018,72,T,5.6,Thing Trunk,Action RPG,"PC, iOS (iPhone/iPad), Xbox One, PlayStation 4, Nintendo Switch"
Killzone: Shadow Fall - Intercept,2014,72,M,6.8,Guerrilla,FPS,PlayStation 4
A New Beginning,2012,72,N/A,6.8,Daedalic Entertainment,Point-and-Click,"Wii, iOS (iPhone/iPad), PC"
Throne and Liberty,2024,72,T,5.2,NCSOFT,MMORPG,"PlayStation 5, Xbox Series X, PC"
Assassin's Creed III Remastered,2019,72,M,5.7,Ubisoft,Open-World Action,"PlayStation 4, Xbox One, PC, Nintendo Switch"
Matterfall,2017,72,E10+,7.4,Housemarque,2D Platformer,PlayStation 4
John Carpenter's Toxic Commando,2026,72,M,7.8,Saber Interactive,FPS,"PlayStation 5, Xbox Series X, PC"
Broken Sword 5: The Serpents' Curse - Part II,2014,72,N/A,7.6,Revolution Software,Point-and-Click,"PlayStation, PC"
The Outer Worlds: Spacer's Choice Edition,2023,72,M,6.7,Obsidian Entertainment,Western RPG,"Xbox Series X, PC, PlayStation 5"
Yo-kai Watch 2: Bony Spirits,2016,72,E10+,8.3,Level 5,Trainer RPG,3DS
The Last Faith,2023,72,N/A,7.0,Kumi Souls Games,Metroidvania,"PC, Nintendo Switch, Xbox One, PlayStation 4, Xbox Series X, PlayStation 5"
Mario Party DS,2007,72,E,7.8,Nintendo,Party,
Salt and Sacrifice,2022,72,N/A,4.7,N/A,Metroidvania,"PlayStation 5, PlayStation 4, PC, Nintendo Switch"
Star Ocean: The Last Hope,2009,72,T,6.6,Square Enix,Action RPG,"Xbox 360, PlayStation 3"
Need for Speed: ProStreet,2007,72,E10+,7.2,EA Games,Auto Racing Sim,"Xbox 360, PlayStation 3, Wii, PlayStation 2, PC"
Mafia II: Definitive Edition,2020,72,M,6.7,Hangar 13,Open-World Action,"PlayStation 4, PC, Xbox One"
Grandia HD Collection,2019,72,T,7.5,GungHo,Compilation,"Nintendo Switch, PC, PlayStation 4, Xbox One"
Sonic Heroes,2004,72,E,7.7,Sonic Team,3D Platformer,"PlayStation 2, Xbox, PC"
Dragon Ball Z: Burst Limit,2008,72,T,7.5,Dimps Corporation,3D Fighting,"Xbox 360, PlayStation 3"
Let It Die,2016,72,M,7.1,Grasshopper Manufacture,Action RPG,"PlayStation 4, PC"
Kingdoms of Amalur: Re-Reckoning,2020,72,M,7.1,Kaiko,Action RPG,"PlayStation 4, PC, Xbox One, Nintendo Switch"
Guild of Dungeoneering,2015,72,N/A,5.0,Gambrinous,Roguelike,"PC, iOS (iPhone/iPad), Nintendo Switch"
Max: The Curse of Brotherhood,2013,72,E10+,7.4,Microsoft Game Studios,Action Adventure,"Xbox 360, Xbox One, PC, PlayStation 4, Nintendo Switch, iOS (iPhone/iPad)"
Late Shift,2017,72,M,6.9,Wales Interactive,Adventure,"PC, PlayStation 4, Xbox One, Nintendo Switch, PlayStation 5"
Dragon Ball: Xenoverse 2,2016,72,T,7.5,Dimps Corporation,3D Fighting,"PlayStation 4, Xbox One, PC, Nintendo Switch, Xbox Series X, PlayStation 5"
The Incredible Adventures of Van Helsing,2013,72,T,8.1,NeocoreGames,Action RPG,"PC, Xbox 360, Xbox One"
Dragon Ball Z: Budokai Tenkaichi 3,2007,72,T,8.8,Namco Bandai Games,3D Fighting,"PlayStation 2, Wii"
Dungeon Siege III,2011,72,T,6.0,Obsidian Entertainment,Action RPG,"PlayStation 3, PC, Xbox 360"
Gato Roboto,2019,72,E,7.5,Doinksoft,Metroidvania,"Nintendo Switch, PC, Xbox One"
LEGO The Hobbit,2014,72,E10+,6.9,TT Games,Action Adventure,"3DS, PC, PlayStation 3, PlayStation 4, PlayStation, Wii U, Xbox 360, Xbox One"
Wolfenstein,2009,72,M,7.3,id Software,FPS,"Xbox 360, PC, PlayStation 3"
Stranger of Paradise: Final Fantasy Origin,2022,72,M,6.6,Team Ninja,Action RPG,"PlayStation 5, Xbox Series X, PlayStation 4, Xbox One, PC"
Champions Online,2009,72,T,5.5,Cryptic Studios,MMORPG,"PC, Xbox 360"
Romeo is a Dead Man,2026,72,M,7.8,Grasshopper Manufacture,Action Adventure,"PlayStation 5, PC, Xbox Series X"
The Inner World,2013,72,T,8.1,Headup Games,Point-and-Click,"PC, iOS (iPhone/iPad), Xbox One, PlayStation 4, Nintendo Switch"
Amnesia: A Machine for Pigs,2013,72,N/A,5.9,Frictional Games,Survival,PC
Assassin's Creed Unity,2014,72,M,6.0,Ubisoft Montreal,Open-World Action,"PlayStation 4, Xbox One, PC"
Tormentum - Dark Sorrow,2015,72,N/A,8.2,N/A,Point-and-Click,"PC, iOS (iPhone/iPad)"
Dragon Quest Monsters: The Dark Prince,2023,72,E10+,8.0,Square Enix,Trainer RPG,"Nintendo Switch, PC, iOS (iPhone/iPad)"
Gray Matter,2011,72,T,7.7,Viva Media,Point-and-Click,"PC, Xbox 360"
Unepic,2014,72,T,7.6,EnjoyUp Games,Action RPG,"PC, Wii U, Xbox One, PlayStation 4, PlayStation, Nintendo Switch"
Zoo Tycoon 2,2004,72,E,8.1,Microsoft Game Studios,Tycoon,PC
FORCED,2013,72,N/A,7.9,N/A,Action RPG,"PC, Xbox One, Wii U, PlayStation 4"
Dream Daddy: A Dad Dating Simulator,2017,72,N/A,7.5,Game Grumps,Visual Novel,"PC, Nintendo Switch"
The Sims 4: Get Together,2015,72,T,7.1,Maxis,Virtual Life,"PC, PlayStation 4, Xbox One"
Destiny: Rise of Iron,2016,72,T,5.0,Bungie,FPS,"PlayStation 4, Xbox One"
DOFUS,2005,72,N/A,7.0,N/A,MMORPG,PC
They Are Billions,2019,72,T,6.6,Numantian Games,Defense,"PC, PlayStation 4, Xbox One, Nintendo Switch"
Cities in Motion 2,2013,72,N/A,7.1,Colossal Order,Simulation,PC
Fist of the North Star: Lost Paradise,2018,72,M,7.8,Ryu ga Gotoku Studios,Action RPG,PlayStation 4
Steelrising,2022,72,M,7.9,Spiders,Action RPG,"PC, PlayStation 5, Xbox Series X"
The Texas Chain Saw Massacre,2023,72,N/A,6.3,Gun Interactive,Survival,"PC, Xbox Series X, PlayStation 5, PlayStation 4, Xbox One"
Aeterna Noctis,2021,72,N/A,7.7,N/A,Metroidvania,"PC, PlayStation 5, PlayStation 4, Nintendo Switch, Xbox Series X, Xbox One"
Tormented Souls,2021,72,M,8.0,PQube,Survival,"PlayStation 4, Nintendo Switch, Xbox One, PC, PlayStation 5, Xbox Series X"
Earth Defense Force 5,2018,72,T,7.5,Sandlot,Third Person Shooter,"PlayStation 4, PC"
Secret Agent Clank,2008,72,E10+,7.0,N/A,3D Platformer,"PlayStation 2, PlayStation 5, PlayStation 4"
GoldenEye 007: Reloaded,2011,72,T,6.0,Activision,FPS,"Xbox 360, PlayStation 3"
Danganronpa Another Episode: Ultra Despair Girls,2015,72,M,7.5,Spike Chunsoft,Action Adventure,"PlayStation, PlayStation 4, PC"
Divinity II: Ego Draconis,2010,72,M,7.7,Larian Studios Games,Action RPG,"PC, Xbox 360"
Just Dance 2017,2017,72,E10+,5.5,Ubisoft Paris,Dancing,"Xbox One, Wii U, PlayStation 4, Nintendo Switch, PC, PlayStation 3, Wii, Xbox 360"
Darksiders II: Deathinitive Edition,2015,72,M,7.4,Gunfire Games,Open-World Action,"PlayStation 4, Xbox One, PC, Nintendo Switch, PlayStation 5, Xbox Series X"
Assassin's Creed Syndicate: Jack the Ripper,2015,72,M,7.0,Ubisoft Quebec,Open-World Action,"PlayStation 4, Xbox One, PC"
Far Cry 5: Hours of Darkness,2018,72,M,4.6,Ubisoft Montreal,FPS,"PlayStation 4, PC, Xbox One"
Bad North,2018,72,T,7.0,Plausible Concept,Real-Time Strategy,"Nintendo Switch, PC, Xbox One, PlayStation 4"
F1 24,2024,72,E,4.9,Codemasters,Auto Racing Sim,"PlayStation 5, Xbox Series X, PC, PlayStation 4, Xbox One"
GreedFall,2019,72,M,7.3,Spiders,Action RPG,"PlayStation 4, PC, Xbox One, Xbox Series X, PlayStation 5"
Army of Two,2008,72,M,6.9,EA Games,Third Person Shooter,"Xbox 360, PlayStation 3"
RoboCop: Rogue City - Unfinished Business,2025,72,M,7.1,Teyon,FPS,"PlayStation 5, PC, Xbox Series X"
Leisure Suit Larry: Wet Dreams Don't Dry,2018,72,N/A,7.0,CrazyBunch,Point-and-Click,"PC, PlayStation 4, Nintendo Switch, iOS (iPhone/iPad), Xbox One"
Heavy Rain: Move Edition,2010,72,M,8.1,Quantic Dream,Third-Person Adventure,PlayStation 3
Pokemon Scarlet,2022,72,E,3.5,Game Freak,Trainer RPG,Nintendo Switch
Death's Gambit,2018,72,T,7.1,Adult Swim,Metroidvania,"PC, PlayStation 4"
Killing Floor,2009,72,M,8.2,Tripwire Interactive,FPS,PC
Batman: Arkham City - Harley Quinn's Revenge,2012,72,T,6.8,Warner Bros. Interactive Entertainment,Open-World Action,"Xbox 360, PlayStation 3, PC"
Battletoads,2020,72,E10+,6.5,Xbox Game Studios,Action,"Xbox One, PC"
Borderlands 2: Sir Hammerlock's Big Game Hunt,2013,72,M,6.2,Gearbox Software,FPS,"Xbox 360, PlayStation 3, PC"
Dark Sector,2008,72,M,6.7,Digital Extremes,Third Person Shooter,"Xbox 360, PC, PlayStation 3"
Metal Gear Solid V: Metal Gear Online,2015,72,N/A,6.5,Konami,Open-World Action,"PlayStation 4, Xbox One, PC, PlayStation 3, Xbox 360"
Where Winds Meet,2025,72,N/A,7.1,NetEase Games,Action RPG,"PC, PlayStation 5, iOS (iPhone/iPad)"
Divinity II: The Dragon Knight Saga,2011,72,M,7.9,Larian Studios Games,Compilation,"Xbox 360, PC"
Layton's Mystery Journey: Katrielle and The Millionaires' Conspiracy,2017,72,E10+,6.2,h.a.n.d. Inc.,Puzzle,"iOS (iPhone/iPad), 3DS"
Persona 5: The Phantom X,2025,72,N/A,6.3,Atlus,JRPG,"iOS (iPhone/iPad), PC"
Albion Online,2018,72,N/A,5.3,N/A,MMORPG,"PC, iOS (iPhone/iPad), Xbox Series X"
Pumpkin Jack,2020,71,N/A,6.9,Headup Games,3D Platformer,"PC, Nintendo Switch, PlayStation 4, Xbox One, Xbox Series X, PlayStation 5"
Ar tonelico II: Melody of Metafalica,2009,71,T,8.1,Gust,JRPG,PlayStation 2
Forspoken: In Tanta We Trust,2023,71,N/A,6.4,Luminous Productions,Action RPG,"PC, PlayStation 5"
Jak and Daxter: The Lost Frontier,2009,71,E10+,6.6,N/A,3D Platformer,"PlayStation 2, PlayStation 4, PlayStation 5"
Minecraft Legends,2023,71,E10+,5.6,Mojang AB,Real-Time Strategy,"Xbox Series X, PC, Xbox One, Nintendo Switch, PlayStation 5, PlayStation 4"
Somerville,2022,71,N/A,5.8,N/A,Action Adventure,"Xbox Series X, PC, Xbox One, PlayStation 5, PlayStation 4"
Conarium,2017,71,T,6.3,Iceberg Interactive,First-Person Adventure,"PC, PlayStation 4, Xbox One, Nintendo Switch"
Fallen Earth: Welcome to the Apocalypse,2009,71,M,6.5,N/A,MMORPG,PC
Kirby: Squeak Squad,2006,71,E,7.9,Nintendo,2D Platformer,
Bound (2016),2016,71,E10+,6.9,Sony Interactive Entertainment,3D Platformer,PlayStation 4
Steep,2016,71,T,6.5,Ubisoft Annecy,Skiing,"PlayStation 4, Xbox One, PC, Nintendo Switch"
Job Simulator,2016,71,E10+,7.5,Owlchemy Labs,Virtual Career,"PlayStation 4, PC, PlayStation 5"
The Dark Pictures Anthology: Little Hope,2020,71,M,6.6,Supermassive Games,Third-Person Adventure,"PC, Xbox One, PlayStation 4, PlayStation 5, Nintendo Switch"
Saints Row IV: Re-Elected,2020,71,M,6.9,Volition Inc.,Open-World Action,"Xbox One, PlayStation 4, Nintendo Switch, PC"
RIDE 3,2018,71,E,6.2,Milestone S.r.l,Auto Racing Sim,"PlayStation 4, PC, Xbox One"
ANNO: Mutationem,2022,71,N/A,6.6,ThinkingStars,Metroidvania,"PlayStation 4, PC, PlayStation 5, Nintendo Switch, Xbox One, Xbox Series X"
NES Remix,2013,71,E,7.5,indieszero,Party,Wii U
Styx: Master of Shadows,2014,71,M,7.1,Cyanide,Action Adventure,"PC, PlayStation 4, Xbox One"
Sacred 2: Fallen Angel,2009,71,M,7.1,cdv Software,Action RPG,"Xbox 360, PC, PlayStation 3"
The Typing of The Dead: Overkill,2013,71,M,7.5,Sega,Arcade,PC
Bleach Rebirth of Souls,2025,71,T,8.1,Tamsoft,3D Fighting,"PlayStation 5, Xbox Series X, PC, PlayStation 4"
Mario Party 6,2004,71,E,8.1,Nintendo,Party,
Zone of the Enders: The 2nd Runner MARS,2018,71,T,8.0,Cygames,Vehicle Combat Sim,"PlayStation 4, PC"
Tales of Xillia 2,2014,71,T,8.2,Bandai Namco Games,Action RPG,PlayStation 3
WWE '12,2011,71,T,6.6,Yuke's,Wrestling,"PlayStation 3, Xbox 360, Wii"
Megadimension Neptunia VII,2016,71,T,7.3,Compile Heart,JRPG,"PlayStation 4, PC, Nintendo Switch"
One Piece: Pirate Warriors 2,2013,71,T,7.7,Omega Force,3D Beat-'Em-Up,"PlayStation, PlayStation 3"
Commandos: Origins,2025,71,N/A,6.8,Kalypso,Real-Time Tactics,"PlayStation 5, Xbox Series X, PC, PlayStation 4, Xbox One"
The Bard's Tale IV: Barrows Deep,2018,71,N/A,6.6,InXile Entertainment,Western RPG,"PC, Xbox One"
DOOM VFR,2017,71,M,7.0,id Software,Light Gun,"PC, PlayStation 4"
NHL 23,2022,71,E10+,3.2,Electronic Arts,Hockey Sim,"PlayStation 5, Xbox Series X, PlayStation 4, Xbox One"
Story of Seasons: Pioneers of Olive Town,2021,71,E,6.9,XSEED Games,Tycoon,"PC, Nintendo Switch, PlayStation 4"
Shadow Warrior 3,2022,71,N/A,6.3,Devolver Digital,FPS,"PC, Xbox One, PlayStation 4"
Lego Indiana Jones 2: The Adventure Continues,2009,71,E10+,7.0,LucasArts,Action Adventure,"Wii, PlayStation 3, Xbox 360, PC"
Pokemon Violet,2022,71,E,4.2,Game Freak,Trainer RPG,Nintendo Switch
Tomodachi Life,2014,71,E,8.0,Nintendo,Virtual Life,3DS
Gray Dawn,2018,71,N/A,7.0,Interactive Stone,First-Person Adventure,"PC, Xbox Series X, Xbox One, PlayStation 5, PlayStation 4, Nintendo Switch"
Hitman HD Trilogy,2013,71,M,7.6,Io Interactive,Compilation,"PlayStation 3, Xbox 360"
Dead Island,2011,71,M,7.0,Techland,Survival,"PC, Xbox 360, PlayStation 3"
Far Cry New Dawn,2019,71,M,4.8,Ubisoft Montreal,FPS,"PlayStation 4, PC, Xbox One"
Days Gone,2019,71,M,8.5,Sony Interactive Entertainment,Open-World Action,"PlayStation 4, PC"
Dreamfall Chapters Book Two: Rebels,2015,71,N/A,8.1,N/A,Third-Person Adventure,PC
Retro City Rampage,2012,71,T,7.8,N/A,Open-World Action,"Wii, Xbox 360, PC, PlayStation, PlayStation 3"
SAND LAND,2024,71,T,7.5,"ILCA, Inc.",Action RPG,"PlayStation 5, Xbox Series X, PC, PlayStation 4"
High on Life 2,2026,71,M,5.9,Squanch Games,FPS,"PlayStation 5, PC, Xbox Series X, Nintendo Switch"
Toukiden,2014,71,T,8.5,Omega Force,Action,PlayStation
The Elder Scrolls Online,2014,71,M,5.7,ZeniMax Media,MMORPG,PC
Aragami,2016,71,M,6.6,N/A,Action Adventure,"PC, PlayStation 4"
Street Fighter X Mega Man,2012,71,N/A,8.1,Capcom,2D Platformer,PC
Star Trek: Resurgence,2023,71,T,6.8,N/A,Third-Person Adventure,"PC, PlayStation 5, PlayStation 4, Xbox Series X, Xbox One, Nintendo Switch"
Nano Assault Neo,2012,71,E,7.6,Shin'en,Top-Down Shoot-'Em-Up,"PlayStation 4, Wii U"
Farpoint,2017,71,M,8.1,Sony Interactive Entertainment,Light Gun,PlayStation 4
Trek to Yomi,2022,71,N/A,6.3,Devolver Digital,Linear Action Adventure,"PlayStation 5, Xbox Series X, PC, PlayStation 4, Xbox One, Nintendo Switch"
Call of Juarez,2007,71,M,6.7,Techland,FPS,"Xbox 360, PC, Xbox"
Corpse Party,2011,71,M,8.4,XSEED Games,Survival,"iOS (iPhone/iPad), 3DS, PC"
Get Even,2017,71,M,7.0,Bandai Namco Games,FPS,"PlayStation 4, Xbox One, PC"
Pac-Man World: Re-PAC,2022,71,E,7.6,Bandai Namco Games,3D Platformer,"Nintendo Switch, PC, PlayStation 5, PlayStation 4, Xbox Series X, Xbox One"
God Eater 3,2019,71,T,7.2,Marvelous First Studio,Action RPG,"PlayStation 4, PC, Nintendo Switch"
One Piece: Unlimited World Red,2014,71,T,7.1,Ganbarion,Action Adventure,"3DS, PlayStation, Wii U, PlayStation 3"
Eiyuden Chronicle: Rising,2022,71,E10+,6.7,NATSUME ATARI Inc.,Action RPG,"Xbox Series X, PC, Xbox One, PlayStation 5, PlayStation 4, Nintendo Switch"
Sebastien Loeb Rally Evo,2016,71,E,7.4,Milestone S.r.l,Racing,"PC, PlayStation 4, Xbox One"
Dark Souls III: Ashes of Ariandel,2016,71,M,7.4,From Software,Action RPG,"Xbox One, PlayStation 4, PC"
Wuthering Waves,2024,71,N/A,7.2,N/A,Action RPG,"PC, PlayStation 5, iOS (iPhone/iPad)"
Guardians of Middle-Earth,2012,71,T,8.3,Monolith Productions,MOBA,"PC, Xbox 360, PlayStation 3"
Blue Fire,2021,71,E10+,7.1,Robi Studios,3D Platformer,"Nintendo Switch, PC, PlayStation 4, Xbox One"
Assassin's Creed Rogue Remastered,2018,71,M,6.7,Ubisoft,Open-World Action,"Xbox One, PlayStation 4"
Escape Plan (2012),2012,71,T,7.3,N/A,Action Puzzle,"PlayStation, PlayStation 4"
Call of Duty: Modern Warfare 2 Campaign Remastered,2020,71,M,7.6,Infinity Ward,FPS,"PlayStation 4, Xbox One, PC"
Portal Knights,2017,71,E10+,6.4,Keen Games,Action RPG,"PC, PlayStation 4, Xbox One, Nintendo Switch, iOS (iPhone/iPad)"
NHL 22,2021,71,E10+,4.7,Electronic Arts,Hockey Sim,"Xbox Series X, PlayStation 5, PlayStation 4, Xbox One"
Warlock: Master of the Arcane,2012,71,E10+,7.9,Ino-Co Plus,Turn-Based Strategy,PC
The Medium,2021,71,M,7.2,Bloober Team,Survival,"PC, Xbox Series X, PlayStation 5, Nintendo Switch"
SpongeBob SquarePants: Battle for Bikini Bottom,2003,71,E,8.2,Heavy Iron Studios,3D Platformer,"PlayStation 2, Xbox, PC, iOS (iPhone/iPad)"
Bendy and the Ink Machine,2018,71,T,7.4,Joey Drew Studios,First-Person Adventure,"PC, Nintendo Switch, PlayStation 4, Xbox One, iOS (iPhone/iPad), PlayStation 5, Xbox Series X"
Half-Life: Blue Shift,2001,71,M,7.5,Gearbox Software,FPS,PC
Wario World,2003,71,E,8.0,Nintendo,3D Platformer,
Assassin's Creed Shadows: Claws of Awaji,2025,71,N/A,5.0,Ubisoft,Open-World Action,"PC, PlayStation 5, Xbox Series X, Nintendo Switch"
Act of Aggression,2015,71,N/A,7.2,Eugen Systems,Real-Time Strategy,PC
Final Fantasy: The 4 Heroes of Light,2010,71,E10+,6.8,Matrix Software,JRPG,
Legends of Eisenwald,2014,71,N/A,7.8,Fellow Traveller,Turn-Based Tactics,PC
Nintendo Labo: Toycon 04 VR Kit,2019,71,E10+,6.4,Nintendo,Action,Nintendo Switch
Resident Evil Outbreak,2004,71,M,8.0,Capcom,Survival,PlayStation 2
Assassin's Creed Valhalla: Dawn of Ragnarok,2022,71,M,5.8,Ubisoft Sofia,Open-World Action,"PlayStation 5, PC, Xbox Series X, Xbox One, PlayStation 4"
Cultist Simulator,2018,71,N/A,7.0,Weather Factory,Card Battle,"PC, iOS (iPhone/iPad), PlayStation 5, PlayStation 4, Xbox Series X, Xbox One, Nintendo Switch"
The LEGO Movie Videogame,2014,71,E10+,6.9,TT Games,Action Adventure,"iOS (iPhone/iPad), Xbox 360, PlayStation 3, Wii U, PC, 3DS, PlayStation 4, PlayStation, Xbox One"
Digimon World DS,2006,71,E10+,7.4,Namco Bandai Games,Trainer RPG,
Battle Worlds: Kronos,2013,71,N/A,7.1,KING Art,Turn-Based Tactics,"PC, iOS (iPhone/iPad), Xbox One, PlayStation 4, Nintendo Switch"
Black Mirror II: Reigning Evil,2011,71,T,7.7,Viva Media,Third-Person Adventure,PC
Mass Effect: Andromeda,2017,71,M,5.1,BioWare,Action RPG,"PC, Xbox One, PlayStation 4"
Little Nightmares III,2025,71,T,5.7,Supermassive Games,2D Platformer,"PlayStation 5, Xbox Series X, PC, PlayStation 4, Xbox One, Nintendo Switch"
Transport Fever,2016,71,N/A,7.7,Urban Games,Tycoon,PC
Indiana Jones and the Great Circle: The Order of Giants,2025,71,N/A,6.4,MachineGames,Action Adventure,"PlayStation 5, PC, Xbox Series X, Nintendo Switch"
The Simpsons Game,2007,71,T,7.5,EA Games,3D Platformer,"Xbox 360, PlayStation 3, PlayStation 2, Wii"
Pilotwings Resort,2011,71,E,7.1,Monster Games Inc.,Aircraft Sim,3DS
Sniper Ghost Warrior Contracts,2019,71,M,6.6,CI Games,Tactical FPS,"Xbox One, PlayStation 4, PC"
Harry Potter and the Chamber of Secrets,2002,71,E,7.6,Electronic Arts,Action Adventure,"PlayStation 2, Xbox, PC, Game Boy Advance, PlayStation"
Blinx: The Time Sweeper,2002,71,E,7.9,Microsoft Game Studios,3D Platformer,Xbox
Sea Dogs,2000,71,T,8.2,Akella,Marine Combat Sim,PC
The 3rd Birthday,2011,71,M,6.3,HexaDrive,Third Person Shooter,
Resident Evil: Deadly Silence,2006,71,M,7.8,Capcom,Survival,
No Man's Sky,2016,71,T,5.6,Hello Games,Open-World Action,"PlayStation 4, PC, Xbox One, PlayStation 5, Xbox Series X, Nintendo Switch"
Ar tonelico: Melody of Elemia,2007,71,T,8.0,Gust,JRPG,PlayStation 2
Blades of Fire,2025,71,M,7.7,Mercury Steam,Action RPG,"PC, PlayStation 5, Xbox Series X"
3000th Duel,2020,71,E10+,8.1,NEOPOPCORN Corp,2D Platformer,"PC, Nintendo Switch"
Asura's Wrath,2012,71,T,7.2,CyberConnect2,Action Adventure,"PlayStation 3, Xbox 360"
NHL 24,2023,71,E10+,3.8,Electronic Arts,Hockey Sim,"PlayStation 5, Xbox Series X, PC, PlayStation 4, Xbox One"
Knowledge is Power,2017,71,T,7.3,Sony Interactive Entertainment,Party,PlayStation 4
The DioField Chronicle,2022,71,T,7.4,Square Enix,Real-Time Tactics,"PlayStation 5, PlayStation 4, PC, Nintendo Switch, Xbox Series X, Xbox One"
Miitopia,2021,71,E,8.2,GREZZO,RPG,"3DS, Nintendo Switch"
Sherlock Holmes: The Devil's Daughter,2016,71,T,6.9,Frogwares,Third-Person Adventure,"PlayStation 4, PC, Xbox One, Nintendo Switch"
Ridge Racer Unbounded,2012,71,T,7.4,Namco Bandai Games,Auto Racing,"PlayStation 3, Xbox 360, PC"
Shrek 2,2004,71,E,7.0,Activision,3D Platformer,"PlayStation 2, Xbox, PC"
Hellgate: London,2007,70,M,6.9,EA Games,Western RPG,PC
Dead State,2014,70,N/A,6.5,N/A,RPG,PC
ARK: Survival Evolved,2017,70,T,6.5,Studio Wildcard,Sandbox,"PC, Xbox One, PlayStation 4, iOS (iPhone/iPad), Nintendo Switch"
Crackdown 2,2010,70,M,6.0,Microsoft Game Studios,Open-World Action,Xbox 360
Sonic Frontiers,2022,70,E10+,8.1,Sonic Team,3D Platformer,"Nintendo Switch, Xbox Series X, PlayStation 5, Xbox One, PlayStation 4, PC"
Age of Empires Online,2011,70,E10+,5.7,Gas Powered Games,Command RTS,PC
Crossing Souls,2018,70,T,7.1,Devolver Digital,Action Adventure,"PlayStation 4, PlayStation, PC, Nintendo Switch"
Nosferatu: The Wrath of Malachi,2003,70,M,7.2,N/A,FPS,PC
Silent Hill 2: Director's Cut,2002,70,M,9.0,Creature Labs,Survival,"PC, PlayStation 2"
Mario Party 4,2002,70,E,7.7,Nintendo,Party,
LEGO Horizon Adventures,2024,70,E10+,5.8,Guerrilla,Action Adventure,"PlayStation 5, Nintendo Switch, PC"
Lead and Gold: Gangs of the Wild West,2010,70,M,7.7,Fatshark,Third Person Shooter,"PC, PlayStation 3"
Company of Heroes: Tales of Valor,2009,70,M,7.4,Relic Entertainment,Real-Time Strategy,"PC, iOS (iPhone/iPad)"
Romance of the Three Kingdoms XI,2008,70,E10+,8.2,Koei,Real-Time Strategy,"PlayStation 2, PC"
Deadlight: Director's Cut,2016,70,M,6.5,Abstraction Games,2D Platformer,"PC, Xbox One, PlayStation 4"
Under The Waves,2023,70,M,7.1,Quantic Dream,Adventure,"PC, PlayStation 5, Xbox Series X, PlayStation 4, Xbox One"
Payday: The Heist,2011,70,M,6.5,Overkill Software,FPS,"PC, PlayStation 3"
Global Agenda,2010,70,T,6.3,Hi-Rez Studios,MMORPG,PC
Cruis'n Blast,2021,70,E10+,7.8,N/A,Auto Racing,Nintendo Switch
Assassin's Creed III: Liberation,2012,70,M,6.6,Ubisoft Sofia,Open-World Action,PlayStation
Steel Diver: Sub Wars,2014,70,E10+,7.5,Nintendo,Marine Combat Sim,3DS
Demon Gaze,2014,70,T,8.7,Experience Inc.,JRPG,PlayStation
Dead Rising 3: Apocalypse Edition,2014,70,M,5.7,Capcom,Open-World Action,"PC, Xbox One"
God Eater Resurrection,2016,70,T,7.0,Bandai Namco Games,Action RPG,"PlayStation, PlayStation 4, PC"
StarDrive 2,2015,70,N/A,5.4,Iceberg Interactive,4X Strategy,PC
Maneater,2020,70,M,6.6,Tripwire Interactive,Open-World Action,"PC, Nintendo Switch, Xbox One, PlayStation 4, Xbox Series X, PlayStation 5"
The Cave (2013),2013,70,T,7.7,Double Fine Productions,2D Platformer,"Xbox 360, PlayStation 3, Wii U, iOS (iPhone/iPad), PC"
Senran Kagura: Peach Beach Splash,2017,70,M,7.4,Tamsoft,Third Person Shooter,"PlayStation 4, PC"
Code Vein,2019,70,M,7.5,Bandai Namco Games,Action RPG,"PlayStation 4, Xbox One, PC"
Code Vein II,2026,70,T,5.8,Bandai Namco Games,Action RPG,"PC, Xbox Series X, PlayStation 5"
Madden NFL 25,2024,70,E,3.3,EA Tiburon,Football Sim,"PC, PlayStation 5, Xbox Series X, Xbox One, PlayStation 4"
Flintlock: The Siege of Dawn,2024,70,M,4.8,A44,Action RPG,"PC, PlayStation 5, Xbox Series X"
Vampire: The Masquerade - Coteries of New York,2019,70,M,7.1,Draw Distance,Visual Novel,"PC, Nintendo Switch, Xbox One, PlayStation 4, iOS (iPhone/iPad)"
Dead Synchronicity: Tomorrow Comes Today,2015,70,N/A,7.5,Daedalic Entertainment,Point-and-Click,"iOS (iPhone/iPad), PC, PlayStation 4, Xbox One, Nintendo Switch"
ATOM RPG,2022,70,N/A,7.7,AtomTeam,Western RPG,"iOS (iPhone/iPad), Nintendo Switch, PlayStation 4, PC, Xbox One"
Cities in Motion,2011,70,E,7.7,Colossal Order,Management,PC
Disney Dreamlight Valley,2023,70,N/A,6.3,Gameloft,Virtual Life,"PlayStation 5, Xbox Series X, PC, PlayStation 4, Xbox One, Nintendo Switch, iOS (iPhone/iPad)"
Human: Fall Flat,2016,70,N/A,7.2,Curve Digital,3D Platformer,"PC, PlayStation 4, Xbox One, Nintendo Switch, iOS (iPhone/iPad), PlayStation 5, Xbox Series X"
Marvel's Spider-Man: Turf Wars,2018,70,T,6.4,Insomniac Games,Open-World Action,PlayStation 4
The Sims 3: Generations,2011,70,T,4.0,EA Games,Virtual Life,PC
Fe,2018,70,E,6.2,Zoink!,Open-World Action,"PC, Xbox One, PlayStation 4, Nintendo Switch"
Tomb Raider IV-VI Remastered,2025,70,N/A,8.0,Aspyr,Compilation,"PlayStation 5, Xbox Series X, PC, PlayStation 4, Xbox One, Nintendo Switch"
LEGO Jurassic World,2015,70,E10+,7.3,TT Games,Action Adventure,"Xbox One, Xbox 360, PlayStation 4, PlayStation 3, PlayStation, Wii U, 3DS, PC, iOS (iPhone/iPad), Nintendo Switch"
No Straight Roads,2020,70,E10+,6.9,Metronomik,Open-World Action,"PlayStation 4, PC, Xbox One, Nintendo Switch"
Disney DuckTales: Remastered,2013,70,E,7.1,WayForward,2D Platformer,"Xbox 360, PlayStation 3, Wii U, PC, iOS (iPhone/iPad)"
Road Not Taken,2014,70,E,5.6,N/A,Puzzle,"PC, PlayStation 4, PlayStation, iOS (iPhone/iPad)"
Tekken Revolution,2013,70,T,6.2,Namco Bandai Games,3D Fighting,PlayStation 3
BioShock Infinite: Burial at Sea - Episode One,2013,70,M,7.7,2K Games,FPS,"Xbox 360, PlayStation 3, PC"
Naruto Shippuden: Ultimate Ninja Storm Trilogy,2018,70,T,7.8,Bandai Namco Games,Compilation,"PlayStation 4, Nintendo Switch, Xbox One"
Lollipop Chainsaw,2012,70,M,7.1,Grasshopper Manufacture,3D Beat-'Em-Up,"Xbox 360, PlayStation 3"
Saints Row: The Third - The Full Package,2019,70,M,6.1,Fishlabs,Open-World Action,Nintendo Switch
Scorn,2022,70,N/A,6.5,N/A,Action Adventure,"PC, Xbox Series X, PlayStation 5"
Tom Clancy's Ghost Recon: Wildlands,2017,70,M,6.6,Ubisoft Paris,Open-World Action,"PlayStation 4, Xbox One, PC"
Killzone,2004,70,M,7.1,Guerrilla,FPS,PlayStation 2
Magrunner: Dark Pulse,2013,70,M,7.2,Frogwares,Action Puzzle,"PC, Xbox 360, PlayStation 3"
New World,2021,70,T,4.0,Amazon Games Orange County,MMORPG,PC
Road Redemption,2017,70,N/A,6.8,N/A,Vehicle Combat Sim,"Wii U, PC, Nintendo Switch, Xbox One, PlayStation 4"
WRC 7,2017,70,E,7.0,Kylotonn,Auto Racing Sim,"Xbox One, PlayStation 4, PC"
Evochron Mercenary,2010,70,N/A,7.5,N/A,Space Combat Sim,PC
Pokemon UNITE,2021,70,E10+,4.3,TiMi Studio Group,MOBA,"Nintendo Switch, iOS (iPhone/iPad)"
Beat Hazard,2010,70,E,7.4,N/A,Top-Down Shoot-'Em-Up,"PC, Xbox 360"
Democracy 3,2013,70,N/A,7.1,N/A,Management,"PC, iOS (iPhone/iPad)"
Silent Hill HD Collection,2012,70,M,5.1,Konami,Compilation,"PlayStation 3, Xbox 360"
Mercenary Kings,2014,70,T,5.8,Tribute Games,Horizontal Shoot-'Em-Up,"PlayStation 4, PC"
Atomic Heart,2023,70,M,6.8,Mundfish,FPS,"PC, Xbox Series X, PlayStation 5, Xbox One, PlayStation 4"
Alice: Madness Returns,2011,70,M,8.2,Electronic Arts,3D Platformer,"PC, PlayStation 3, Xbox 360"
Project IGI: I'm Going In,2000,70,M,8.0,Eidos Interactive,Tactical FPS,PC
Mario Golf: Super Rush,2021,70,E,5.8,Camelot Software Planning,Golf,Nintendo Switch
Game of Thrones: Episode Six - The Ice Dragon,2015,70,N/A,6.4,Telltale Games,Point-and-Click,"PC, PlayStation 4, PlayStation 3, Xbox One, Xbox 360, iOS (iPhone/iPad)"
The Gunk,2021,70,T,6.8,Image & Form,3D Platformer,"Xbox Series X, Xbox One, PC"
Storyteller,2023,70,N/A,7.1,Annapurna Interactive,Puzzle,"PC, iOS (iPhone/iPad), Nintendo Switch"
Homefront,2011,70,M,6.1,THQ,FPS,"PC, PlayStation 3, Xbox 360"
Relooted,2026,70,N/A,1.6,N/A,Action Adventure,"PC, Xbox Series X"
Before the Echo,2011,70,N/A,7.3,N/A,Rhythm,"PC, Xbox 360"
Until Dawn,2024,70,M,6.8,Sony Interactive Entertainment,Third-Person Adventure,"PlayStation 5, PC"
Romancing SaGa 2,2017,70,T,8.5,ArtePiazza,JRPG,"PlayStation, iOS (iPhone/iPad), PlayStation 4, PC, Nintendo Switch, Xbox One"
Undisputed,2024,70,T,4.6,Deep Silver,Combat Sport,"PC, Xbox Series X, PlayStation 5"
Red Faction: Guerrilla Re-Mars-tered,2018,70,M,5.7,Volition Inc.,Third Person Shooter,"PlayStation 4, Xbox One, PC, Nintendo Switch"
Project X Zone,2013,70,T,7.4,Monolith Soft,Turn-Based Tactics,3DS
The Sims 4,2014,70,T,4.4,Maxis,Virtual Life,"PC, PlayStation 4, Xbox One, Xbox Series X"
Digimon Survive,2022,70,T,8.1,Bandai Namco Games,Turn-Based Tactics,"Nintendo Switch, PlayStation 4, Xbox One, PC, Xbox Series X"
Resident Evil 0: HD Remaster,2016,70,M,7.4,Capcom,Survival,"Nintendo Switch, PlayStation 3, PlayStation 4, PC, Xbox 360, Xbox One"
Serious Sam: Siberian Mayhem,2022,70,N/A,7.7,Croteam,FPS,"PC, Xbox One, PlayStation 5, Xbox Series X"
Grand Theft Auto 2,1999,70,T,7.2,DMA Design,Open-World Action,"PlayStation, PC, Dreamcast"
SpongeBob SquarePants: The Cosmic Shake,2023,70,E10+,7.7,Purple Lamp Studios,3D Platformer,"Nintendo Switch, Xbox One, PlayStation 4, PC, PlayStation 5, Xbox Series X, iOS (iPhone/iPad)"
Dead Star,2016,70,E,6.0,N/A,Top-Down Shoot-'Em-Up,"PlayStation 4, PC"
Sengoku,2011,70,T,6.8,Paradox Development Studio,Real-Time Strategy,PC
EA Sports UFC,2014,70,T,6.1,EA Sports,Combat Sport,"Xbox One, PlayStation 4, iOS (iPhone/iPad)"
TY the Tasmanian Tiger,2002,70,E,8.4,Krome Studios,3D Platformer,"PlayStation 2, Xbox, PC"
Immortals of Aveum,2023,69,M,6.1,Electronic Arts,FPS,"PC, PlayStation 5, Xbox Series X"
EVE Online,2003,69,T,6.7,CCP,MMORPG,PC
The Punisher,2005,69,M,8.1,Volition Inc.,Third Person Shooter,"PlayStation 2, Xbox, PC"
Enotria: The Last Song,2024,69,T,6.1,Jyamma Games,Action RPG,"PC, PlayStation 5, Xbox Series X"
Blair Witch,2019,69,M,6.3,Bloober Team,Survival,"Xbox One, PC, PlayStation 4, Nintendo Switch"
Pokemon Super Mystery Dungeon,2015,69,E,8.1,Spike Chunsoft,Roguelike,3DS
Pokemon Ranger,2006,69,E,6.9,HAL Labs,Action RPG,
Final Fantasy Explorers,2016,69,E,6.8,Square Enix,Action RPG,3DS
The Dark Pictures Anthology: Man of Medan,2019,69,M,5.9,Supermassive Games,Third-Person Adventure,"Nintendo Switch, PlayStation 4, Xbox One, PC, PlayStation 5, Xbox Series X"
Wolfenstein: Youngblood,2019,69,M,2.6,MachineGames,FPS,"Xbox One, PlayStation 4, PC, Nintendo Switch"
West of Dead,2020,69,N/A,6.1,Upstream Arcade,Top-Down Shoot-'Em-Up,"Xbox One, PlayStation 4, Nintendo Switch, PC"
The Walking Dead: Michonne - Episode 1: In Too Deep,2016,69,N/A,5.8,Skybound Games,Third-Person Adventure,"PlayStation 4, Xbox One, PC, PlayStation 3, Xbox 360, iOS (iPhone/iPad)"
Mario Tennis Open,2012,69,E,6.8,Camelot Software Planning,Tennis,3DS
Eternal Strands,2025,69,T,6.5,N/A,Action Adventure,"PC, PlayStation 5, Xbox Series X"
Fallout 76: Wastelanders,2020,69,N/A,5.7,Bethesda Game Studios,Western RPG,"PC, PlayStation 4, Xbox One"
Age of Empires: Definitive Edition,2018,69,T,6.9,Forgotten Empires LLC,Command RTS,PC
Mana Khemia: Alchemists of Al-Revis,2008,69,E10+,8.0,Gust,JRPG,PlayStation 2
Driver: Parallel Lines,2006,69,M,6.9,Atari SA,Open-World Action,"Xbox, PlayStation 2, PC, Wii"
Sword Art Online: Hollow Realization,2016,69,T,7.4,Aquria,Action RPG,"PlayStation 4, PlayStation, PC"
Ride 2,2017,69,E,6.3,Milestone S.r.l,Auto Racing Sim,"Xbox One, PlayStation 4, PC"
We Were Here Too,2018,69,N/A,6.6,Total Mayhem Games,First-Person Adventure,"PC, Xbox One, PlayStation 4, Nintendo Switch, PlayStation 5"
Sherlock Holmes: Chapter One,2021,69,M,6.9,Frogwares,First-Person Adventure,"PC, PlayStation 4, Xbox One, PlayStation 5, Xbox Series X"
Murasaki Baby,2014,69,E,7.2,N/A,2D Platformer,PlayStation
Outcast: A New Beginning,2024,69,T,7.3,Appeal Studios,Open-World Action,"PC, PlayStation 5, Xbox Series X"
Magicka 2,2015,69,T,6.4,Pieces Interactive,Action Adventure,"PlayStation 4, PC"
Destiny 2: Lightfall,2023,69,N/A,3.5,Bungie,FPS,"Xbox One, PC, PlayStation 4, PlayStation 5, Xbox Series X"
Super Dragon Ball Heroes: World Mission,2019,69,T,7.1,Safari Games,Card Battle,"Nintendo Switch, PC"
Twin Breaker: A Sacred Symbols Adventure,2020,69,E,7.9,Lillymo Games,Arcade,"PlayStation 4, PlayStation, Xbox One, PC, Nintendo Switch, PlayStation 5"
AER: Memories of Old,2017,69,E10+,6.5,Daedalic Entertainment,Open-World Action,"PC, PlayStation 4, Xbox One, Nintendo Switch"
Graveyard Keeper,2018,69,N/A,7.2,Lazy Bear Games,Tycoon,"PC, Xbox One, Nintendo Switch, PlayStation 4"
The Callisto Protocol,2022,69,M,6.8,KRAFTON Inc.,Survival,"PC, PlayStation 5, Xbox Series X, PlayStation 4, Xbox One"
Captain Tsubasa: Rise of New Champions,2020,69,E10+,6.9,Tamsoft,Soccer,"PlayStation 4, Nintendo Switch, PC"
Mirror's Edge Catalyst,2016,69,T,5.9,EA DICE,Action Adventure,"Xbox One, PlayStation 4, PC"
Dragon Age: Origins - Return to Ostagar,2010,69,M,7.0,BioWare,Western RPG,"PC, Xbox 360, PlayStation 3"
AO Tennis 2,2020,69,E,6.2,Big Ant Studios,Tennis,"PC, Nintendo Switch, PlayStation 4, Xbox One"
Roller Champions,2022,69,E10+,3.7,Ubisoft Montreal,Future Sport,"PlayStation 4, Xbox One, PC, Nintendo Switch, iOS (iPhone/iPad)"
Ninja Gaiden 3: Razor's Edge,2012,69,M,7.4,Team Ninja,Action Adventure,"Wii U, PlayStation 3, Xbox 360, PC"
Star Fox Zero,2016,69,E10+,7.3,PlatinumGames,Space Combat Sim,Wii U
Duke Nukem 3D: Megaton Edition,2015,69,M,7.9,Abstraction Games,FPS,"PC, PlayStation 3, PlayStation"
Dynasty Warriors 8: Xtreme Legends - Complete Edition,2014,69,T,7.6,Omega Force,3D Beat-'Em-Up,"Nintendo Switch, PlayStation, PlayStation 4, PC, PlayStation 3"
Jurassic World Evolution,2018,69,T,7.3,Frontier Developments,Tycoon,"Xbox One, PlayStation 4, PC"
Risen 2: Dark Waters,2012,69,M,5.8,Deep Silver,Action RPG,"PC, Xbox 360, PlayStation 3"
Warhammer: Chaosbane,2019,69,M,5.2,Games Workshop,Action RPG,"Xbox One, PC, PlayStation 4, PlayStation 5, Xbox Series X"
Battlefield Heroes,2009,69,T,6.1,EA DICE,Tactical Third Person Shooter,PC
Sonic and the Secret Rings,2007,69,E,5.7,Sonic Team,3D Platformer,Wii
Knack 2,2017,69,E10+,7.8,SCE Japan Studio,Linear Action Adventure,PlayStation 4
Sea of Thieves,2018,69,T,5.7,Rare Ltd.,Open-World Action,"Xbox One, PC, Xbox Series X, PlayStation 5"
Rust,2018,69,N/A,6.6,Facepunch Studios,Survival,"PC, Xbox One, PlayStation 4, Xbox Series X, PlayStation 5"
Thymesia,2022,69,N/A,6.4,Team17,Action RPG,"PC, PlayStation 5, Xbox Series X, Nintendo Switch"
Shadows of Doubt,2024,69,T,7.1,ColePowered Games,Open-World Action,"PC, Xbox Series X, PlayStation 5"
Earth Defense Force 2025,2025,69,M,7.5,Sandlot,Third Person Shooter,"Xbox 360, PlayStation 3"
Mad Max,2015,69,M,7.7,Avalanche Studios,Open-World Action,"PlayStation 4, PC, Xbox One, PlayStation 3, Xbox 360"
Hey! Pikmin,2017,69,E10+,6.5,Nintendo,2D Platformer,3DS
Forsaken World,2011,69,N/A,5.3,Perfect World Entertainment,MMORPG,"PC, iOS (iPhone/iPad)"
Mario Party 5,2003,69,E,7.7,Nintendo,Party,
Turok,2008,69,M,6.1,N/A,FPS,"Xbox 360, PlayStation 3, PC"
World of Warplanes,2013,69,T,5.2,Wargaming.net,Aircraft Combat Sim,PC
The Matrix: Path of Neo,2005,69,T,7.4,Atari SA,Action Adventure,"PC, Xbox, PlayStation 2"
Aliens: Fireteam Elite,2021,69,M,5.7,N/A,Tactical Third Person Shooter,"PC, PlayStation 5, Xbox Series X, Xbox One, PlayStation 4, Nintendo Switch"
FIFA Manager 13,2012,69,E,4.9,EA Sports,Soccer Management,PC
Mario Super Sluggers,2008,69,E,8.1,Namco Bandai Games,Baseball,Wii
Moons of Madness,2019,69,M,5.6,Rock Pocket Games,Survival,"PlayStation 4, PC, Xbox One"
Dragon Marked For Death,2019,69,T,6.9,Inti Creates,Action RPG,"Nintendo Switch, 3DS, PC, PlayStation 4"
Octodad: Dadliest Catch,2014,69,E10+,7.5,"Young Horses, Inc",Third-Person Adventure,"PC, PlayStation 4, PlayStation, Wii U, Xbox One, iOS (iPhone/iPad), Nintendo Switch"
Heroes of Ruin,2012,69,T,7.4,Square Enix,Action RPG,3DS
Clock Tower 3,2003,69,M,7.7,Capcom,Survival,PlayStation 2
Touch My Katamari,2012,69,E10+,7.3,Bandai Namco Games,Action Adventure,PlayStation
Crash Nitro Kart,2003,69,E,7.8,Vicarious Visions,Auto Racing,"PlayStation 2, Xbox, Game Boy Advance"
Assassin's Creed Chronicles: China,2015,69,T,5.9,Climax Studios,Linear Action Adventure,"PlayStation 4, Xbox One, PC"
Madden NFL 23,2022,69,E,1.7,EA Tiburon,Football Sim,"PlayStation 5, Xbox Series X, PC, Xbox One, PlayStation 4"
Lichdom: Battlemage,2014,69,N/A,6.8,N/A,Linear Action Adventure,"PC, PlayStation 4, Xbox One"
Snake Pass,2017,69,E,6.5,Sumo Digital,Action Puzzle,"PC, Nintendo Switch, PlayStation 4, Xbox One"
Daemon X Machina: Titanic Scion,2025,69,T,5.8,Marvelous First Studio,Vehicle Combat Sim,"PC, Nintendo Switch, Xbox Series X, PlayStation 5"
State of Mind,2018,69,M,7.2,Daedalic Entertainment,Third-Person Adventure,"PC, PlayStation 4, Nintendo Switch, Xbox One"
Final Fantasy XV Pocket Edition,2018,69,T,6.1,Square Enix,JRPG,"iOS (iPhone/iPad), PC, Nintendo Switch, Xbox One, PlayStation 4"
Fallout 4: Automatron,2016,69,M,6.3,Bethesda Game Studios,Western RPG,"PlayStation 4, PC, Xbox One"
Dakar Desert Rally,2022,69,E,5.6,Saber Interactive,Auto Racing Sim,"PlayStation 5, Xbox Series X, PC, PlayStation 4, Xbox One"
Deliver At All Costs,2025,69,T,6.6,Konami,Open-World Action,"PC, PlayStation 5, Xbox Series X"
Pokemon Mystery Dungeon: Rescue Team DX,2020,69,E,8.1,Spike Chunsoft,Roguelike,Nintendo Switch
Dynasty Warriors 5,2005,69,T,7.7,Omega Force,3D Beat-'Em-Up,"PlayStation 2, Xbox"
Call of Duty: Black Ops II - Vengeance,2013,69,M,4.1,Treyarch,FPS,"Xbox 360, PlayStation 3, PC"
The Amazing Spider-Man,2012,69,T,7.3,Beenox,Action Adventure,"Xbox 360, PlayStation 3, Wii, 3DS, PC, iOS (iPhone/iPad), Wii U, PlayStation"
Shelter,2013,69,E10+,7.1,Might and Delight,Adventure,PC
Daemon X Machina,2019,69,T,8.1,Marvelous First Studio,Vehicle Combat Sim,"Nintendo Switch, PC"
WWE 2K17,2016,69,T,6.0,Yuke's,Wrestling,"PlayStation 4, Xbox One, Xbox 360, PlayStation 3, PC"
New Tales from the Borderlands,2022,69,M,3.9,Gearbox Software,Adventure,"PC, PlayStation 5, PlayStation 4, Xbox Series X, Xbox One, Nintendo Switch"
Sonic Battle,2004,69,E,7.9,Sonic Team,3D Fighting,Game Boy Advance
Bye Sweet Carole,2025,69,N/A,7.6,N/A,Adventure,"Nintendo Switch, PlayStation 5, PC, Xbox Series X"
Pokemon Ranger: Guardian Signs,2010,68,E,7.9,Creatures Inc.,Action RPG,
Lost Sphear,2018,68,E10+,6.6,Tokyo RPG Factory,JRPG,"PlayStation 4, PC, Nintendo Switch"
Link's Crossbow Training,2007,68,T,6.7,Nintendo,Light Gun,Wii
Blackguards,2014,68,N/A,7.0,Daedalic Entertainment,Turn-Based Tactics,PC
Ninjala,2020,68,E10+,6.5,Soleil Ltd.,Action,Nintendo Switch
DmC: Devil May Cry - Vergil's Downfall,2013,68,M,5.5,Ninja Theory,Linear Action Adventure,"PC, Xbox 360, PlayStation 3"
NBA 2K24,2023,68,E,2.6,Visual Concepts,Basketball Sim,"PlayStation 5, Xbox Series X, PC, PlayStation 4, Xbox One, Nintendo Switch"
Fatal Frame: Mask of the Lunar Eclipse,2023,68,T,8.0,Koei Tecmo Games,Survival,"PC, Nintendo Switch, Xbox Series X, PlayStation 5, PlayStation 4, Xbox One, Wii"
Football Manager 26,2025,68,E,2.7,Sports Interactive,Soccer Management,"PC, Xbox Series X, PlayStation 5, Xbox One, iOS (iPhone/iPad), Nintendo Switch"
Hyper Scape,2020,68,T,4.4,Ubisoft Montreal,Tactical FPS,"PC, PlayStation 4, Xbox One"
Ravenlok,2023,68,E10+,7.5,Cococucumber,Action Adventure,"Xbox Series X, PC, Xbox One"
Zoo Tycoon,2013,68,E,4.0,Frontier Developments,Tycoon,"Xbox 360, Xbox One"
Killing Floor 3,2025,68,M,6.5,Tripwire Interactive,FPS,"PlayStation 5, Xbox Series X, PC"
Utawarerumono: Mask of Deception,2017,68,M,7.9,Aqua Plus,Turn-Based Tactics,"PlayStation 3, Nintendo Switch, PlayStation 4, PlayStation, PC"
Dynasty Warriors 8,2013,68,T,8.1,Omega Force,3D Beat-'Em-Up,"PlayStation 3, Xbox 360"
Star Wars Battlefront II,2017,68,T,2.0,EA DICE,Tactical FPS,"PlayStation 4, Xbox One, PC"
Kill la Kill: IF,2019,68,M,6.6,Aplus,3D Fighting,"PlayStation 4, PC, Nintendo Switch"
Battleborn,2016,68,T,6.8,Gearbox Software,Tactical FPS,"Xbox One, PlayStation 4, PC"
Brink,2011,68,T,5.8,Bethesda Softworks,FPS,"Xbox 360, PlayStation 3, PC"
Lollipop Chainsaw RePOP,2024,68,M,7.8,N/A,3D Beat-'Em-Up,"PC, Nintendo Switch, PlayStation 5, Xbox Series X, PlayStation 4, Xbox One"
Naruto x Boruto: Ultimate Ninja Storm Connections,2023,68,T,5.3,CyberConnect2,3D Fighting,"PlayStation 5, PlayStation 4, Nintendo Switch, Xbox Series X, Xbox One, PC"
Frantics,2018,68,E,5.5,Sony Interactive Entertainment,Party,PlayStation 4
Deracine,2018,68,T,7.9,From Software,Adventure,PlayStation 4
Lost Planet 2,2010,68,T,6.3,Capcom,Third Person Shooter,"Xbox 360, PlayStation 3, PC"
Tales of Symphonia: Dawn of the New World,2008,68,T,6.7,Bandai Namco Games,JRPG,"Wii, PlayStation 3"
Yooka-Laylee,2017,68,E10+,6.3,Playtonic Games,3D Platformer,"PC, PlayStation 4, Wii U, Xbox One, Nintendo Switch"
Eternights,2023,68,M,7.6,N/A,Action Adventure,"iOS (iPhone/iPad), PlayStation 5, PlayStation 4, PC, Nintendo Switch"
Harry Potter and the Order of the Phoenix,2007,68,E10+,5.7,EA Games,Action Adventure,"Wii, Xbox 360, PC, PlayStation 2, PlayStation 3, Game Boy Advance"
Deadly Premonition,2010,68,M,8.0,Access Games,Open-World Action,"Xbox 360, Nintendo Switch, PlayStation 3, PC"
Men of War: Assault Squad 2,2014,68,N/A,6.6,1C Entertainment,Real-Time Strategy,PC
Viking: Battle for Asgard,2008,68,M,7.6,Creative Assembly,Action Adventure,"PlayStation 3, Xbox 360, PC"
Wii Sports Club,2013,68,E10+,7.1,Nintendo,Athletics,Wii U
Hatoful Boyfriend,2012,68,N/A,7.0,N/A,Visual Novel,"PC, PlayStation 4, PlayStation, iOS (iPhone/iPad)"
Mario Party: Star Rush,2016,68,E,6.8,Nd Cube,Party,3DS
Wii Party,2010,68,E,8.3,Nd Cube,Party,Wii
Costume Quest 2,2014,68,E10+,7.2,Double Fine Productions,JRPG,"PC, PlayStation 3, Xbox 360, Wii U, PlayStation 4, Xbox One"
Five Nights at Freddy's 3,2015,68,N/A,6.7,Scott Cawthon,Survival,"PC, iOS (iPhone/iPad)"
Neverending Nightmares,2014,68,N/A,6.8,Infinitap Games,Survival,"PC, PlayStation 4, PlayStation, iOS (iPhone/iPad), Nintendo Switch"
Dear Esther: Landmark Edition,2016,68,T,6.1,The Chinese Room,First-Person Adventure,"Xbox One, PlayStation 4, PC"
Harry Potter and the Goblet of Fire,2005,68,E10+,5.3,Electronic Arts,Action Adventure,"Xbox, PlayStation 2, Game Boy Advance, PC"
The Casting of Frank Stone,2024,68,M,5.6,Supermassive Games,Third-Person Adventure,"PC, Xbox Series X, PlayStation 5"
Trine 3: The Artifacts of Power,2015,68,N/A,6.9,"Frozenbyte, Inc.",2D Platformer,"PC, PlayStation 4, Nintendo Switch"
Snack World: The Dungeon Crawl Gold,2020,68,T,7.3,h.a.n.d. Inc.,Action RPG,"Nintendo Switch, 3DS"
Serious Sam 4,2020,68,N/A,7.0,Croteam,FPS,"PC, PlayStation 4, Xbox One, PlayStation 5, Xbox Series X"
Golf With Your Friends,2020,68,E10+,5.8,Blacklight Interactive,Golf,"PC, PlayStation 4, Xbox One, Nintendo Switch"
Fable Anniversary,2014,68,M,7.3,Microsoft Game Studios,Action RPG,"Xbox 360, PC"
Nintendo Labo: Toycon 02 Robot Kit,2018,68,E10+,6.4,Nintendo,Party,Nintendo Switch
Ninja Blade,2009,68,M,6.3,From Software,Linear Action Adventure,"Xbox 360, PC"
Mega Man X8,2004,68,E,7.9,Capcom,2D Platformer,"PlayStation 2, PC"
Soulstice,2022,68,M,6.2,Modus Games,Action RPG,"PC, PlayStation 5, Xbox Series X, PlayStation 4"
Battlefield 2042,2021,68,M,2.4,EA DICE,Tactical FPS,"PlayStation 5, Xbox Series X, PC, Xbox One, PlayStation 4"
Tesla Effect: A Tex Murphy Adventure,2014,68,N/A,8.6,Big Finish Games,Adventure,PC
Game Dev Tycoon,2013,68,N/A,7.9,Greenheart Games,Tycoon,"PC, iOS (iPhone/iPad), Nintendo Switch"
Deadlight,2012,68,M,6.7,Tequila Works,2D Platformer,"Xbox 360, PC"
Earth Defense Force: Insect Armageddon,2011,68,T,7.8,D3Publisher,Third Person Shooter,"PlayStation 3, Xbox 360, PC"
Need for Speed: The Run,2011,68,T,6.7,Electronic Arts,Auto Racing Sim,"PlayStation 3, Xbox 360, PC, Wii, 3DS"
Infinite Undiscovery,2008,68,T,7.2,Square Enix,JRPG,Xbox 360
Devil May Cry 2,2003,68,M,5.1,Capcom,Linear Action Adventure,"PlayStation 2, Nintendo Switch"
MechWarrior Online,2013,68,N/A,5.3,N/A,FPS,PC
Goat Simulator 3,2022,68,T,7.7,Coffee Stain Publishing,Open-World Action,"PC, Xbox Series X, PlayStation 5, iOS (iPhone/iPad), Nintendo Switch, PlayStation 4, Xbox One"
My Hero One's Justice,2018,68,T,6.1,Bandai Namco Games,3D Fighting,"PC, Nintendo Switch, Xbox One, PlayStation 4"
Just Cause 4,2018,68,M,4.8,Avalanche Studios,Open-World Action,"Xbox One, PlayStation 4, PC"
Men of War: Vietnam,2011,68,T,5.4,Best Way,Real-Time Tactics,PC
Conan Exiles,2018,68,M,5.5,Funcom,Survival,"PC, Xbox One, PlayStation 4"
The Solus Project,2016,68,N/A,6.6,N/A,Survival,"Xbox One, PC, PlayStation 4"
Digimon World: Next Order,2017,68,E10+,7.2,B.B.Studio,Trainer RPG,"PlayStation, PlayStation 4, Nintendo Switch, PC"
Medal of Honor: Rising Sun,2003,68,T,7.4,EA Games,FPS,"PlayStation 2, Xbox"
Battlefield: Play4Free,2011,68,N/A,2.0,EA DICE,Tactical FPS,PC
Pandora: First Contact,2013,68,N/A,7.5,Proxy Studios,Turn-Based Strategy,PC
Senran Kagura: Estival Versus,2016,67,M,7.9,Tamsoft,Action,"PlayStation 4, PlayStation, PC"
Exoprimal,2023,67,M,5.4,Capcom,Tactical Third Person Shooter,"PlayStation 5, PlayStation 4, Xbox Series X, Xbox One, PC"
Fallout 3 - Operation: Anchorage,2009,67,M,6.5,Bethesda Game Studios,Western RPG,"Xbox 360, PC, PlayStation 3"
Sword Art Online: Hollow Fragment,2014,67,T,7.7,Aquria,Action RPG,PlayStation
Session: Skate Sim,2022,67,T,6.1,Nacon,Skating,"PC, Xbox One, Xbox Series X, PlayStation 5, PlayStation 4, Nintendo Switch"
Star Fox: Assault,2005,67,T,8.0,Namco,Third Person Shooter,
MediEvil,2019,67,T,8.0,Other Ocean Interactive,Action Adventure,PlayStation 4
Monster Monpiece,2014,67,M,7.6,Compile Heart,Card Battle,"PlayStation, PC"
Fatal Frame: Maiden of Black Water,2015,67,M,7.8,Koei Tecmo Games,Survival,"Wii U, Nintendo Switch, PlayStation 5, PlayStation 4, Xbox Series X, Xbox One, PC"
Open Roads,2024,67,N/A,6.3,Annapurna Interactive,Adventure,"PC, PlayStation 5, Xbox Series X, Nintendo Switch, PlayStation 4, Xbox One"
The Legend of Legacy,2015,67,E10+,6.9,Cattle Call,JRPG,3DS
Oil Rush,2011,67,N/A,6.4,N/A,Real-Time Strategy,"PC, PlayStation 3"
Senran Kagura Shinovi Versus,2014,67,M,8.2,Tamsoft,Action,"PlayStation, PC"
Crystar,2019,67,T,4.3,Gemdrops,Action RPG,"PlayStation 4, PC, Nintendo Switch, PlayStation 5"
White Night,2015,67,M,7.1,OSome Studio,Survival,"Xbox One, PlayStation 4, PC, iOS (iPhone/iPad), Nintendo Switch"
Rise of the Triad,2013,67,M,6.7,N/A,FPS,PC
Penumbra: Requiem,2008,67,M,6.2,Frictional Games,Survival,PC
Deception IV: Blood Ties,2014,67,M,7.4,Koei Tecmo Games,Strategy,"PlayStation, PlayStation 3"
Gotham Knights,2022,67,T,5.3,WB Games Montreal,Open-World Action,"PlayStation 5, Xbox Series X, PC, PlayStation 4, Xbox One"
A Quiet Place: The Road Ahead,2024,67,M,6.8,Stormind Games,Survival,"PlayStation 5, Xbox Series X, PC"
Nights of Azure,2016,67,T,7.2,Gust,Action RPG,"PlayStation 4, PC, PlayStation 3, PlayStation"
Assassin's Creed III - The Betrayal,2013,67,M,4.6,Ubisoft Quebec,Open-World Action,"Xbox 360, PlayStation 3, PC"
SpinTires,2014,67,E,7.8,N/A,Vehicle Sim,PC
Scratches,2006,67,T,8.0,N/A,Point-and-Click,PC
PaRappa the Rapper,2007,67,E,6.8,N/A,Rhythm,"PlayStation, PlayStation 4"
Still Life 2,2009,67,M,5.7,Encore Software,Adventure,PC
Outward,2019,67,M,7.0,Nine Dots Studio,Open-World Action,"Xbox One, PlayStation 4, PC"
Gravel,2018,67,E,6.4,Milestone S.r.l,Auto Racing,"Xbox One, PlayStation 4, PC"
The LEGO NINJAGO Movie Video Game,2017,67,E10+,6.0,TT Games,Linear Action Adventure,"PlayStation 4, Xbox One, Nintendo Switch, PC"
Marvel's Avengers,2020,67,T,4.9,Eidos Montreal,Action,"PC, PlayStation 4, Xbox One, PlayStation 5, Xbox Series X"
Final Fantasy,2007,67,E10+,7.0,TOSE,JRPG,"PlayStation, iOS (iPhone/iPad), 3DS"
House Flipper,2018,67,E,7.2,Empyrean,Virtual Career,"PC, Xbox One, PlayStation 4, Nintendo Switch, Xbox Series X"
Mystical Ninja starring Goemon,1998,67,E,8.3,Konami,Open-World Action,Nintendo 64
The Showdown Effect,2013,67,N/A,6.9,Paradox Interactive,Action,PC
Growlanser: Wayfarer of Time,2012,67,T,8.6,Atlus,Turn-Based Tactics,PlayStation 2
Primal Carnage,2012,67,N/A,7.6,N/A,FPS,PC
Elex,2017,67,M,6.1,THQ Nordic,Western RPG,"PC, PlayStation 4, Xbox One"
Crash Team Rumble,2023,67,E10+,5.8,Toys for Bob,MOBA,"PlayStation 5, Xbox Series X, PlayStation 4, Xbox One"
The Walking Dead: Michonne - A Telltale Miniseries,2016,67,M,6.4,Skybound Games,Third-Person Adventure,"PC, PlayStation 4, Xbox One, iOS (iPhone/iPad), PlayStation 3, Xbox 360"
Bus Simulator 18,2018,67,N/A,6.5,stillalive studios,Vehicle Sim,"PlayStation 4, Xbox One, PC"
PaRappa the Rapper 2,2002,67,E,8.5,N/A,Rhythm,"PlayStation 2, PlayStation 4"
Dreamfall Chapters,2017,67,N/A,6.5,N/A,Third-Person Adventure,"PC, PlayStation 4, Xbox One"
Shenmue III,2019,67,T,7.7,Ys Net,Open-World Action,"PlayStation 4, PC"
Thief,2014,67,M,6.1,Eidos Montreal,Action Adventure,"PC, Xbox One, PlayStation 4, PlayStation 3, Xbox 360"
Haunting Ground,2005,67,M,8.6,Capcom,Survival,PlayStation 2
Travis Strikes Again: No More Heroes,2019,67,M,7.7,Grasshopper Manufacture,3D Beat-'Em-Up,"Nintendo Switch, PC, PlayStation 4"
Dissidia: Final Fantasy NT,2018,67,T,6.2,Team Ninja,3D Fighting,"PlayStation 4, PC"
Corpse Party: Book of Shadows,2013,67,M,8.4,5pb,Visual Novel,"iOS (iPhone/iPad), PC, Nintendo Switch"
Uncharted: Fight for Fortune,2012,67,T,6.6,N/A,Card Battle,PlayStation
DC Universe Online,2011,67,T,7.2,WBIE,MMORPG,"PC, PlayStation 3, PlayStation 4, Xbox One, Nintendo Switch, Xbox Series X, PlayStation 5"
CounterSpy,2014,67,T,6.8,N/A,Action,"PlayStation 3, PlayStation, PlayStation 4, iOS (iPhone/iPad)"
Resident Evil 6,2012,67,M,5.5,Capcom,Survival,"PlayStation 3, Xbox 360, PC, PlayStation 4, Xbox One, Nintendo Switch, Xbox Series X"
XDefiant,2024,67,T,4.7,Ubisoft San Francisco,Tactical FPS,"PlayStation 5, PC, Xbox Series X"
The Park,2015,67,N/A,6.2,Funcom,Survival,"PC, PlayStation 4, Xbox One, Nintendo Switch"
High on Life,2022,67,M,7.6,Squanch Games,FPS,"Nintendo Switch, Xbox Series X, Xbox One, PC, PlayStation 5, PlayStation 4"
World War Z,2019,67,M,6.3,Saber Interactive,Tactical Third Person Shooter,"PC, PlayStation 4, Xbox One, Nintendo Switch"
Spintires: MudRunner,2017,67,E,6.9,Koch Media,Vehicle Sim,"iOS (iPhone/iPad), Nintendo Switch, PlayStation 4, PC, Xbox One"
Oddworld: Soulstorm,2021,67,T,6.3,Oddworld Inhabitants,Action Adventure,"PlayStation 4, PC, PlayStation 5"
The Sims 3: Showtime,2012,67,T,5.4,Electronic Arts,Virtual Life,PC
Dungeonland,2013,67,RP,7.5,Paradox Interactive,MOBA,PC
Monster Energy Supercross - The Official Videogame,2018,67,E,4.4,Milestone S.r.l,Auto Racing,"PlayStation 4, Xbox One, Nintendo Switch, PC"
Two Worlds II,2011,67,M,6.5,SouthPeak Games,Action RPG,"PC, Xbox 360, PlayStation 3"
Fragile Dreams: Farewell Ruins of the Moon,2010,67,T,8.5,XSEED Games,Action RPG,Wii
Samurai Jack: Battle Through Time,2020,67,T,7.5,Soleil Ltd.,Action Adventure,"PlayStation 4, Xbox One, Nintendo Switch, PC, iOS (iPhone/iPad)"
Agatha Christie: The ABC Murders,2016,67,T,6.2,Artefacts Studio,Third-Person Adventure,"PlayStation 4, Xbox One, PC, iOS (iPhone/iPad), Nintendo Switch, PlayStation 5, Xbox Series X"
Runaway: The Dream of the Turtle,2007,67,T,7.9,Focus Home Interactive,Third-Person Adventure,"PC, Wii"
Double Dragon: Neon,2012,66,T,7.5,WayForward,2D Beat-'Em-Up,"PlayStation 3, Xbox 360, PC, Nintendo Switch"
WWE 2K18,2017,66,T,5.7,Yuke's,Wrestling,"PlayStation 4, Xbox One, Nintendo Switch, PC"
Heroes of Might and Magic V: Hammers of Fate,2006,66,T,8.4,Nival Interactive,Turn-Based Strategy,PC
The Sims 4: Outdoor Retreat,2015,66,T,5.5,Maxis,Virtual Life,"PC, Xbox One, PlayStation 4"
NHL 25,2024,66,N/A,2.9,Electronic Arts,Hockey Sim,"PlayStation 5, Xbox Series X"
Nights of Azure 2: Bride of the New Moon,2017,66,T,7.2,Gust,Action RPG,"PlayStation, PlayStation 4, Nintendo Switch, PC"
Nine Parchments,2017,66,E10+,6.9,"Frozenbyte, Inc.",Action RPG,"PlayStation 4, Xbox One, PC, Nintendo Switch"
LEGO Worlds,2017,66,E10+,6.1,TT Games,Sandbox,"PC, PlayStation 4, Xbox One, Nintendo Switch"
Alone in the Dark: The New Nightmare,2001,66,M,7.4,Infogrames,Survival,"Dreamcast, PlayStation, PlayStation 2, PC, PlayStation 4, PlayStation 5"
Fitness Boxing,2019,66,T,6.5,"Imagineer Co.,Ltd.",Exercise,Nintendo Switch
This is the Police 2,2018,66,M,6.6,Weappy Studio,Virtual Career,"iOS (iPhone/iPad), PlayStation 4, PC, Xbox One, Nintendo Switch"
Secret Files: Tunguska,2006,66,T,7.2,Fusionsphere Systems,Point-and-Click,"iOS (iPhone/iPad), PC, Wii, Wii U, Nintendo Switch"
Shredders,2022,66,E10+,6.3,N/A,Skiing,"Xbox Series X, PC, PlayStation 5"
One Piece: Burning Blood,2016,66,T,7.1,Spike Chunsoft,3D Fighting,"PlayStation, PlayStation 4, Xbox One, PC"
The Last Remnant,2008,66,M,6.3,Square Enix,JRPG,"PlayStation 3, Xbox 360, PC"
Kinect Sports: Season Two,2011,66,E,7.1,Rare Ltd.,Sports,Xbox 360
Ghostbusters: The Video Game Remastered,2019,66,T,7.1,Saber Interactive,Linear Action Adventure,"PlayStation 4, Xbox One, PC, Nintendo Switch"
The Bureau: XCOM Declassified,2013,66,M,6.5,2K Games,Tactical Third Person Shooter,"PC, Xbox 360, PlayStation 3"
Final Fantasy Crystal Chronicles: The Crystal Bearers,2009,66,T,6.1,Square Enix,Action RPG,Wii
Rise of Venice,2013,66,N/A,7.1,Kalypso,Strategy,PC
Ultra Street Fighter II: The Final Challengers,2017,66,T,6.7,Capcom,2D Fighting,Nintendo Switch
Ragnarok Odyssey,2012,66,T,7.8,XSEED Games,Action RPG,PlayStation
RIDE,2015,66,E,6.6,Milestone S.r.l,Auto Racing Sim,"PlayStation 3, Xbox 360, PC, PlayStation 4, Xbox One"
Super Meat Boy Forever,2020,66,T,5.3,N/A,2D Platformer,"iOS (iPhone/iPad), Nintendo Switch, PlayStation 4, PC, Xbox One"
Atelier Meruru: The Apprentice of Arland,2012,66,T,8.2,Gust,JRPG,"PlayStation, PlayStation 3"
Crash Bandicoot: The Wrath of Cortex,2001,66,E,7.4,N/A,3D Platformer,"PlayStation 2, Xbox"
The Bouncer,2001,66,T,7.1,N/A,3D Beat-'Em-Up,PlayStation 2
Kingdom Hearts III - Re Mind,2020,66,E10+,6.3,Square Enix,Action RPG,"PlayStation 4, Xbox One"
Close To The Sun,2019,66,M,5.6,Storm in a Teacup,First-Person Adventure,"PC, PlayStation 4, Xbox One, Nintendo Switch"
Lightning Returns: Final Fantasy XIII,2014,66,T,6.3,Square Enix,JRPG,"Xbox 360, PlayStation 3, PC"
Payday 3,2023,66,M,3.3,Starbreeze,FPS,"PlayStation 4, Xbox One, PC, Xbox Series X, PlayStation 5"
State of Decay 2,2018,66,M,5.8,Undead Labs,Survival,"Xbox One, PC"
The Settlers: Rise of an Empire,2007,66,E10+,7.4,Blue Byte,Management,PC
Detective Pikachu Returns,2023,66,E,4.7,Creatures Inc.,Third-Person Adventure,Nintendo Switch
Mafia,2004,66,M,8.3,N/A,Open-World Action,"PC, Xbox, PlayStation 2"
This Is the Police,2016,66,M,7.6,Weappy Studio,Strategy,"PC, Xbox One, PlayStation 4, iOS (iPhone/iPad), Nintendo Switch"
Battlezone,2016,66,T,7.4,Rebellion,Vehicle Combat Sim,"PlayStation 4, PC"
Teenage Mutant Ninja Turtles: Mutants Unleashed,2024,66,E10+,4.6,AHEARTFULOFGAMES,Action Adventure,"PC, Nintendo Switch, Xbox Series X, Xbox One, PlayStation 5, PlayStation 4"
Wolfenstein 3D,2009,66,M,7.3,Nerve Software,FPS,"Game Boy Advance, PC, Xbox 360, PlayStation 3, iOS (iPhone/iPad)"
Mario Party 10,2015,66,E,6.3,Nd Cube,Party,Wii U
CONSORTIUM,2014,66,N/A,7.1,Interdimensional Games Inc,Action Adventure,PC
King Arthur II: The Role-Playing Wargame,2012,66,T,6.5,NeocoreGames,Strategy,PC
Echoes of the End,2025,66,N/A,6.8,Deep Silver,Action Adventure,"PC, Xbox Series X, PlayStation 5"
Need for Speed,2015,66,T,6.1,Ghost Games,Auto Racing Sim,"PC, PlayStation 4, Xbox One"
A Bird Story,2014,66,N/A,7.0,Freebird Games,Adventure,PC
Dragon Ball Z: Budokai 2,2003,66,T,7.7,Dimps Corporation,3D Fighting,PlayStation 2
Bleeding Edge,2020,66,T,6.3,Ninja Theory,Third Person Shooter,"Xbox One, PC"
Vampire: The Masquerade - Swansong,2022,66,M,3.8,Big Bad Wolf,Western RPG,"Xbox One, Xbox Series X, Nintendo Switch, PC, PlayStation 4, PlayStation 5"
Tony Hawk's Pro Skater HD,2012,66,T,5.4,Activision,Skating,"PlayStation 3, Xbox 360, PC"
NaissanceE,2014,66,N/A,7.3,N/A,First-Person Adventure,PC
Stronghold: Crusader II,2014,65,T,6.1,FireFly Studios,Real-Time Strategy,PC
Slender: The Arrival,2013,65,T,6.1,Blue Isle Studios,Survival,"PC, Xbox 360, PlayStation 3, PlayStation 4, Xbox One, Wii U, Nintendo Switch, iOS (iPhone/iPad), PlayStation 5, Xbox Series X"
Atelier Rorona: The Alchemist of Arland,2010,65,T,7.7,Gust,JRPG,PlayStation 3
Ash of Gods: Redemption,2018,65,M,7.7,AurumDust,Turn-Based Tactics,"PC, PlayStation 4, Nintendo Switch, Xbox One, iOS (iPhone/iPad)"
Torchlight III,2020,65,T,3.5,Perfect World Entertainment,Action RPG,"Xbox One, PC, PlayStation 4, Nintendo Switch"
Dungeons,2011,65,M,4.6,Realmforge Studios,Strategy,PC
007: Quantum of Solace,2008,65,T,6.7,Treyarch,FPS,"Xbox 360, PlayStation 3, Wii, PC, PlayStation 2"
Madden NFL 24,2023,65,E,1.8,EA Tiburon,Football Sim,"PlayStation 5, Xbox Series X, PC, Xbox One, PlayStation 4"
Twin Mirror,2020,65,N/A,5.9,DONTNOD Entertainment,Action Adventure,"PlayStation 4, Xbox One, PC"
Mass Effect 2: Arrival,2011,65,M,6.1,BioWare,Western RPG,"Xbox 360, PC, PlayStation 3"
Star Wars: Bounty Hunter,2002,65,T,7.7,LucasArts,Third Person Shooter,"PlayStation 2, PlayStation 4"
Call of Duty: Black Ops 7,2025,65,M,1.6,Treyarch,Tactical FPS,"Xbox Series X, PC, PlayStation 4, PlayStation 5, Xbox One"
Counter-Strike: Condition Zero,2004,65,M,7.4,Turtle Rock Studios,Tactical FPS,PC
The Godfather II,2009,65,M,7.0,Electronic Arts,Open-World Action,"PC, PlayStation 3, Xbox 360"
F1 2015,2015,65,E,6.2,Codemasters,Auto Racing Sim,"PlayStation 4, Xbox One, PC"
Tower of Fantasy,2022,65,N/A,4.7,Level Infinite,MMORPG,"PC, iOS (iPhone/iPad), PlayStation 5, PlayStation 4"
Resident Evil: Dead Aim,2003,65,M,6.4,Capcom,Light Gun,PlayStation 2
Yoshi's Story,1998,65,E,7.2,Nintendo,2D Platformer,Nintendo 64
Wii Party U,2013,65,E,7.4,Nd Cube,Party,Wii U
Darkspore,2011,65,T,6.0,Maxis,Action RPG,PC
Risen 3: Titan Lords,2014,65,M,5.8,Deep Silver,Action RPG,"PC, Xbox 360, PlayStation 3, PlayStation 4"
The Falconeer,2020,65,T,5.0,Tomas Sala,Aircraft Combat Sim,"PC, Xbox One, Xbox Series X"
Crash of the Titans,2007,65,E10+,7.0,Sierra Entertainment,Action,"Wii, PlayStation 2, Xbox 360, Game Boy Advance"
Valkyrie Elysium,2022,65,T,6.4,Soleil Ltd.,Action RPG,"PlayStation 5, PlayStation 4, PC"
Powerstar Golf,2013,65,E,5.8,Microsoft Game Studios,Golf,Xbox One
Stranded Deep,2020,65,T,4.5,Telltale Games,Survival,"PC, PlayStation 4, Xbox One, Nintendo Switch"
Fallout 3: Mothership Zeta,2009,65,M,6.1,Bethesda Softworks,Western RPG,"Xbox 360, PC, PlayStation 3"
Mega Man X6,2001,65,E,6.3,Capcom,2D Platformer,"PlayStation, PC"
Alex Kidd in Miracle World DX,2021,65,E,6.2,Jankenteam,2D Platformer,"PC, PlayStation 4, Nintendo Switch, Xbox One, PlayStation 5, Xbox Series X"
Sword Art Online Re: Hollow Fragment,2015,65,T,7.1,Aquria,Action RPG,"PlayStation 4, PC"
A Virus Named TOM,2012,65,N/A,6.2,N/A,Action Puzzle,"Xbox 360, PlayStation 3, PC, PlayStation"
After Us,2023,65,T,6.7,Piccolo,Action Adventure,"PlayStation 5, Xbox Series X, PC"
Pokemon Legends: Z-A - Mega Dimension,2025,65,N/A,2.5,Game Freak,Trainer RPG,Nintendo Switch
Resident Evil: The Mercenaries 3D,2011,65,M,6.6,Capcom,Tactical Third Person Shooter,3DS
Kao the Kangaroo,2022,65,E10+,6.6,Tate Multimedia,3D Platformer,"PC, Nintendo Switch, PlayStation 5, Xbox Series X, PlayStation 4, Xbox One"
Painkiller: Overdose,2007,65,M,6.3,DreamCatcher Interactive,FPS,PC
War for the Overworld,2015,65,N/A,7.9,N/A,Real-Time Strategy,PC
Yoshi's New Island,2014,64,E,6.0,Nintendo,2D Platformer,3DS
Mario Party 7,2005,64,E,7.8,Nintendo,Party,
Go Vacation,2011,64,E10+,7.9,Namco Bandai Games,Party,"Wii, Nintendo Switch"
theHunter: Call of the Wild,2017,64,T,6.4,Expansive Worlds,Hunting,"PC, Xbox One, PlayStation 4"
Metroid Prime: Federation Force,2016,64,T,5.4,Next Level Games,FPS,3DS
Shadow of the Beast,2016,64,M,7.3,Heavy Spectrum,Action Adventure,PlayStation 4
Ravaged,2012,64,M,6.0,N/A,FPS,PC
Pokemon Quest,2018,64,E,5.9,Game Freak,Action RPG,"Nintendo Switch, iOS (iPhone/iPad)"
Omen of Sorrow,2018,64,T,5.1,AOne Games,2D Fighting,"PlayStation 4, PC, Xbox One, PlayStation 5, Nintendo Switch"
Robinson: The Journey,2016,64,E,6.6,Crytek,Action Adventure,"PC, PlayStation 4"
Saints Row: Gat Out of Hell,2015,64,M,5.6,Volition Inc.,Open-World Action,"PlayStation 4, PlayStation 3, Xbox One, Xbox 360, PC"
Sonic Rivals,2006,64,E,7.4,Sega,Arcade Racing,
Dog's Life,2004,64,T,2.9,Frontier Developments,Third-Person Adventure,PlayStation 2
Sword Art Online: Fatal Bullet,2018,64,T,7.2,Dimps Corporation,Third Person Shooter,"PlayStation 4, Xbox One, PC"
The Golf Club,2014,64,E,5.4,HB Studios Multimedia,Golf Sim,"PC, PlayStation 4, Xbox One"
Pokemon XD: Gale of Darkness,2005,64,E,8.1,Nintendo,Trainer RPG,
Silent Hill: Downpour,2012,64,M,6.9,Konami,Survival,"PlayStation 3, Xbox 360"
Secret Ponchos,2014,64,T,6.6,N/A,FPS,"PlayStation 4, Xbox 360, PlayStation 3, PC"
Tekken 3D Prime Edition,2012,64,T,6.1,Arika,3D Fighting,3DS
Agatha Christie - Murder on the Orient Express,2023,64,T,8.0,Microids,Third-Person Adventure,"PlayStation 5, Xbox Series X, PC, PlayStation 4, Xbox One, Nintendo Switch"
Atlas Fallen,2023,64,T,6.3,Deck 13,Action RPG,"PC, Xbox Series X, PlayStation 5"
White Knight Chronicles International Edition,2010,64,T,6.9,Level 5,Action RPG,PlayStation 3
AEW: Fight Forever,2023,64,T,5.2,Yuke's,Wrestling,"PlayStation 5, Xbox Series X, PlayStation 4, Xbox One, PC, Nintendo Switch"
Little Town Hero,2019,64,E10+,4.2,Game Freak,JRPG,"Nintendo Switch, PlayStation 4, PC, Xbox One"
Yonder: The Cloud Catcher Chronicles,2017,64,E,7.6,Prideful Sloth,Open-World Action,"PlayStation 4, PC, Nintendo Switch, Xbox One, Xbox Series X, PlayStation 5"
Fallout 4: Nuka-World,2016,64,N/A,6.1,Bethesda Game Studios,Western RPG,"PlayStation 4, Xbox One, PC"
ELEX II,2022,64,M,6.8,THQ Nordic,Action RPG,"PC, PlayStation 5, PlayStation 4, Xbox Series X, Xbox One"
Scars Above,2023,64,T,6.6,Mad Head Games,Action Adventure,"PC, Xbox Series X, PlayStation 5, Xbox One, PlayStation 4"
Mario Sports Mix,2011,64,E,8.0,Square Enix,Sports,Wii
Maid of Sker,2020,64,M,5.7,Wales Interactive,Survival,"PC, Xbox One, PlayStation 4, Nintendo Switch, Xbox Series X, PlayStation 5"
The Mighty Quest for Epic Loot,2013,64,T,5.6,Ubisoft Montreal,Action Adventure,"PC, iOS (iPhone/iPad)"
One Piece: Pirate Warriors,2012,64,T,7.1,Omega Force,3D Beat-'Em-Up,PlayStation 3
The Simpsons: Road Rage,2001,64,T,7.0,Electronic Arts,Auto Racing,"Xbox, PlayStation 2, Game Boy Advance"
Ancestors: The Humankind Odyssey,2019,64,T,6.0,Private Division,Survival,"PlayStation 4, PC, Xbox One"
Guns of Icarus Online,2012,64,N/A,7.8,Muse Games,Aircraft Combat Sim,"PC, PlayStation 4"
Corruption 2029,2020,64,N/A,6.1,The Bearded Ladies Consulting,Turn-Based Strategy,PC
Dragon Age II: Legacy,2011,64,M,5.6,BioWare,Action RPG,"PC, Xbox 360, PlayStation 3"
SimCity,2013,64,E10+,2.3,Maxis,Management,PC
Of Orcs and Men,2012,64,M,6.1,Cyanide,Western RPG,"PlayStation 3, Xbox 360, PC"
Kholat,2015,64,N/A,6.7,IMGN.PRO,Survival,"PC, PlayStation 4, Xbox One, Nintendo Switch"
Wheelman,2009,64,T,6.7,Ubisoft,Auto Racing,"PlayStation 3, Xbox 360, PC"
Batman: The Telltale Series,2016,64,M,7.1,Telltale Games,Point-and-Click,"PlayStation 4, Xbox One, Xbox 360, PlayStation 3, PC, iOS (iPhone/iPad), Nintendo Switch"
FBC: Firebreak,2025,64,N/A,5.2,Remedy Entertainment,FPS,"PC, PlayStation 5, Xbox Series X"
Need for Speed: Undercover,2008,64,T,5.7,Electronic Arts,Auto Racing Sim,"PlayStation 2, PlayStation 3, Xbox 360, Wii, PC, iOS (iPhone/iPad)"
NASCAR: The Game 2013,2013,64,N/A,5.0,N/A,Auto Racing Sim,PC
The Legend of Spyro: A New Beginning,2006,64,E10+,7.0,Krome Studios,3D Platformer,"Xbox, PlayStation 2"
Yakuza: Dead Souls,2012,64,M,7.7,Ryu ga Gotoku Studios,Action Adventure,PlayStation 3
ADR1FT,2016,64,T,5.2,505 Games,Survival,"PC, PlayStation 4, Xbox One"
The Incredible Adventures of Van Helsing III,2015,64,T,6.4,NeocoreGames,Action RPG,"PC, Xbox One, PlayStation 4"
Super Lucky's Tale,2017,64,E,7.0,Playful Corp.,3D Platformer,"Xbox One, PC"
Forspoken,2023,64,M,4.3,Luminous Productions,Action RPG,"PlayStation 5, PC"
Crash Twinsanity,2004,64,E,8.5,VU Games,3D Platformer,"PlayStation 2, Xbox"
Darksiders III,2018,64,M,7.0,Gunfire Games,Open-World Action,"PC, PlayStation 4, Xbox One, Nintendo Switch"
Hellpoint,2020,64,N/A,6.5,Cradle Games,Action RPG,"PC, PlayStation 4, Nintendo Switch, Xbox One, PlayStation 5, Xbox Series X"
Dead Island: Definitive Collection,2016,63,M,6.4,Techland,Compilation,"PlayStation 4, Xbox One, PC"
Suikoden IV,2005,63,T,7.2,Konami,JRPG,PlayStation 2
Destiny 2: The Edge of Fate,2025,63,T,3.7,Bungie,FPS,"PlayStation 5, Xbox Series X, PC, PlayStation 4, Xbox One"
NecroVisioN,2009,63,M,6.2,Aspyr,FPS,PC
Dirty Bomb,2015,63,N/A,7.6,Nexon,FPS,PC
Alpha Protocol,2010,63,M,7.2,Obsidian Entertainment,Western RPG,"PlayStation 3, Xbox 360, PC"
Assassin's Creed Chronicles: India,2016,63,T,4.3,Climax Studios,Linear Action Adventure,"PlayStation 4, Xbox One, PC"
King's Bounty II,2021,63,T,5.2,1C Entertainment,Turn-Based Tactics,"PlayStation 4, Xbox One, PC, Nintendo Switch, Xbox Series X, PlayStation 5"
Dynasty Warriors 8 Empires,2015,63,T,6.7,Omega Force,3D Beat-'Em-Up,"PlayStation 4, PlayStation 3, Xbox One, PC, PlayStation, Nintendo Switch"
Assassin's Creed: Bloodlines,2009,63,M,6.7,Ubisoft,Open-World Action,
Destiny: The Dark Below,2014,63,T,3.2,Bungie,FPS,"PlayStation 4, PlayStation 3, Xbox 360, Xbox One"
Panzer Dragoon,2020,63,T,7.3,MegaPixel Studio,Rail Shooter,"PlayStation 4, Xbox One, Nintendo Switch, PC"
NBA Playgrounds,2017,63,E,6.4,Saber Interactive,Basketball,"Nintendo Switch, Xbox One, PlayStation 4, PC"
Wii Music,2008,63,E,5.4,Nintendo,Rhythm,Wii
The Suicide of Rachel Foster,2020,63,N/A,6.6,ONE-O-ONE Games,First-Person Adventure,"PC, PlayStation 4, Xbox One, Nintendo Switch, PlayStation 5"
Spider-Man 3,2007,63,T,6.2,Treyarch,Action Adventure,"Xbox 360, PlayStation 3, PlayStation 2, Wii, Game Boy Advance, PC"
Red Steel,2006,63,T,6.3,Ubisoft Paris,FPS,Wii
Chocobo GP,2022,63,E10+,2.5,Arika,Arcade Racing,Nintendo Switch
Fallout: New Vegas - Lonesome Road,2011,63,M,7.7,Obsidian Entertainment,Western RPG,"PlayStation 3, Xbox 360, PC"
Gothic 3,2006,63,T,7.2,Aspyr,Western RPG,PC
Highguard,2026,63,N/A,2.6,N/A,FPS,"PC, Xbox Series X, PlayStation 5"
The Way Remastered,2018,63,T,6.7,Puzzling Dream,2D Platformer,Nintendo Switch
Castlevania: Lords of Shadow 2,2014,63,M,7.7,Mercury Steam,Action Adventure,"PlayStation 3, Xbox 360, PC"
Sonic: Lost World,2013,63,E10+,7.1,Sonic Team,3D Platformer,"3DS, Wii U, PC"
SimCity Societies,2007,63,E10+,4.3,Electronic Arts,Management,PC
Final Fantasy II,2007,63,T,6.5,TOSE,JRPG,"PlayStation, iOS (iPhone/iPad)"
The Order: 1886,2015,63,M,6.8,N/A,Linear Action Adventure,PlayStation 4
Stronghold 2,2005,63,T,7.1,FireFly Studios,Real-Time Strategy,PC
Total War: Rome II - Caesar in Gaul,2013,63,N/A,4.6,Creative Assembly,Real-Time Strategy,PC
Super Monkey Ball: Banana Blitz HD,2019,63,E10+,5.1,Ryu ga Gotoku Studios,Party,"Nintendo Switch, PlayStation 4, PC, Xbox One"
Arizona Sunshine,2017,63,M,6.3,Jaywalkers Interactive,Light Gun,"PC, PlayStation 4"
Pneuma: Breath of Life,2015,63,E,6.8,N/A,First-Person Adventure,"Xbox One, PC, PlayStation 4"
Dragon Ball Z: Tenkaichi Tag Team,2010,63,T,8.3,Namco Bandai Games,3D Fighting,
Empire of Sin,2020,63,M,5.7,Romero Games Ltd.,Turn-Based Tactics,"Nintendo Switch, PC, PlayStation 4, Xbox One"
Skyhill,2015,63,N/A,5.8,Mandragora,Roguelike,"PC, iOS (iPhone/iPad), PlayStation 4, Xbox One, Nintendo Switch"
Medal of Honor: Vanguard,2007,63,T,6.8,Electronic Arts,FPS,"PlayStation 2, Wii"
Cossacks 3,2016,63,N/A,6.7,N/A,Command RTS,PC
Life is Feudal: Your Own,2014,63,N/A,5.8,N/A,Action RPG,PC
Bubsy: Paws on Fire,2019,63,E,7.5,Accolade,2D Platformer,"Nintendo Switch, PC, PlayStation 4"
Arcania: Gothic 4,2010,63,T,4.2,Spellbound,Action RPG,"PC, Xbox 360, PlayStation 3"
Sword Art Online: Lost Song,2015,63,T,6.2,Artdink,Action RPG,"PlayStation 3, PlayStation, PlayStation 4, PC"
Drakengard,2004,63,M,7.4,Square Enix,Action RPG,PlayStation 2
The Tiny Bang Story,2011,63,N/A,7.0,N/A,Point-and-Click,"PC, iOS (iPhone/iPad), Nintendo Switch"
Goat Simulator,2014,62,M,6.6,N/A,Open-World Action,"PC, Xbox One, iOS (iPhone/iPad), Xbox 360, PlayStation 3, PlayStation 4"
ModNation Racers: Road Trip,2012,62,E,6.3,N/A,Arcade Racing,PlayStation
BRAWL,2015,62,M,6.7,Bloober Team,Arcade,"PlayStation 4, PC, Nintendo Switch"
Warface,2013,62,T,4.2,Crytek,FPS,"PC, Xbox 360, PlayStation 4, Xbox One, Nintendo Switch"
Trauma,2010,62,N/A,5.6,Headup Games,Adventure,"iOS (iPhone/iPad), PC"
The Legend of Spyro: Dawn of the Dragon (2008),2008,62,E10+,7.2,Activision,3D Platformer,"Xbox 360, PlayStation 3, Wii, PlayStation 2"
Super Bomberman R,2017,62,E10+,6.6,Konami,Action Puzzle,"Nintendo Switch, Xbox One, PC, PlayStation 4"
Need for Speed World,2010,62,E10+,5.7,EA Games,Auto Racing Sim,PC
War of the Vikings,2014,62,N/A,6.2,Fatshark,Action,PC
Destruction AllStars,2021,62,T,4.9,Lucid,Vehicle Combat Sim,PlayStation 5
Necromunda: Hired Gun,2021,62,N/A,6.1,Focus Home Interactive,FPS,"Xbox Series X, Xbox One, PC, PlayStation 5, PlayStation 4"
Vampire: The Masquerade - Bloodlines 2,2025,62,M,4.7,The Chinese Room,Western RPG,"PC, PlayStation 4, Xbox One, Xbox Series X, PlayStation 5"
Pokemon Mystery Dungeon: Blue Rescue Team,2006,62,E,8.2,Nintendo,Roguelike,
Mario Party 8,2007,62,E,6.8,Nintendo,Party,Wii
Mario Sports Superstars,2017,62,E,7.0,Camelot Software Planning,Sports,3DS
Monster of the Deep: Final Fantasy XV,2017,62,T,5.9,Square Enix,Fishing,PlayStation 4
Assassin's Creed Liberation HD,2014,62,M,5.6,Ubisoft Sofia,Open-World Action,"PlayStation 3, Xbox 360, PC, PlayStation 4, Xbox One"
Dex,2015,62,M,7.7,N/A,Action RPG,"PC, PlayStation 4, Xbox One, PlayStation, Wii U, Nintendo Switch"
PokePark Wii: Pikachu's Adventure,2010,62,E,7.9,Creatures Inc.,Action Adventure,Wii
Manhunt 2,2007,62,M,7.5,Rockstar Games,Action Adventure,"PC, PlayStation 2, Wii"
Concord,2024,62,T,1.7,Sony Interactive Entertainment,Tactical FPS,"PlayStation 5, PC"
Planetary Annihilation,2014,62,E10+,5.7,Nordic Games Publishing,Command RTS,PC
We Happy Few,2018,62,M,6.0,Compulsion Games,Action Adventure,"PC, Xbox One, PlayStation 4"
Zombie Army Trilogy,2015,62,M,7.0,Rebellion,Third Person Shooter,"PC, PlayStation 4, Xbox One, Nintendo Switch"
Assassin's Creed Chronicles: Russia,2016,62,T,4.7,Climax Studios,Linear Action Adventure,"PlayStation 4, Xbox One, PC"
Dragon Ball Z: Buu's Fury,2004,62,E,8.3,Webfoot Technologies,Action RPG,Game Boy Advance
Senran Kagura Burst,2013,62,T,7.2,Tamsoft,2D Beat-'Em-Up,3DS
Starfield: Shattered Space,2024,62,N/A,4.9,Bethesda Game Studios,Western RPG,"Xbox Series X, PC"
Here They Lie,2016,62,M,6.9,Sony Interactive Entertainment,First-Person Adventure,PlayStation 4
FlatOut 4: Total Insanity,2017,62,T,7.4,Kylotonn,Auto Racing,"PC, PlayStation 4, Xbox One"
Metal Torrent,2010,62,E,2.1,Arika,Vertical Shoot-'Em-Up,
Hogs of War,2000,62,T,8.4,Infogrames,Artillery,"PlayStation, PC"
Lost Soul Aside,2025,62,T,6.0,PlayStation Studios,Action RPG,"PlayStation 5, PC"
Sniper Elite: Nazi Zombie Army,2013,62,N/A,7.2,Rebellion,Tactical Third Person Shooter,PC
Firewall Ultra,2023,62,T,7.9,First Contact Entertainment,Light Gun,PlayStation 5
Worms Battlegrounds,2014,62,E10+,6.0,Team17,Artillery,"Xbox One, PlayStation 4"
Splatterhouse,2010,62,M,7.5,Namco Bandai Games,3D Beat-'Em-Up,"PlayStation 3, Xbox 360"
Jagged Alliance: Back in Action,2012,62,M,5.5,Kalypso,Strategy,PC
Deadpool,2013,62,M,7.4,Activision,Linear Action Adventure,"Xbox 360, PlayStation 3, PC, Xbox One, PlayStation 4"
Conception II: Children of the Seven Stars,2014,62,M,7.2,Spike Chunsoft,JRPG,"3DS, PlayStation, PC"
Slitterhead,2024,62,M,7.6,N/A,Survival,"PC, PlayStation 5, PlayStation 4, Xbox Series X"
Blood Stone: 007,2010,62,T,7.2,Activision,Third Person Shooter,"PlayStation 3, Xbox 360, PC"
Betrayer,2014,62,N/A,7.2,N/A,First-Person Adventure,PC
WWE 2K15,2014,62,T,5.4,Yuke's,Wrestling,"PlayStation 4, Xbox One, Xbox 360, PlayStation 3, PC"
Color Guardians,2015,62,E,6.4,N/A,3D Platformer,"PlayStation 4, PlayStation, PC"
Vigor,2019,61,T,6.9,Bohemia Interactive,Tactical Third Person Shooter,"Xbox One, Nintendo Switch, PlayStation 4, PC"
Mission: Impossible (1998),1998,61,T,6.6,Infogrames,Action Adventure,"Nintendo 64, PlayStation"
Saints Row,2022,61,M,3.3,Volition Inc.,Open-World Action,"PC, PlayStation 5, Xbox Series X, PlayStation 4, Xbox One"
Naruto to Boruto: Shinobi Striker,2018,61,T,5.8,Soleil Ltd.,3D Fighting,"PlayStation 4, Xbox One, PC"
Tharsis,2016,61,M,4.8,N/A,Board,"PlayStation 4, PC, Nintendo Switch"
Rayman 2: The Great Escape,2011,61,E,6.9,Ubisoft,3D Platformer,"PlayStation 2, PlayStation, PC, Nintendo 64, Dreamcast, iOS (iPhone/iPad), 3DS"
The Lord of the Rings: War in the North,2011,61,M,7.4,Warner Bros. Interactive Entertainment,Action RPG,"PlayStation 3, Xbox 360, PC"
Friday the 13th: The Game,2017,61,M,6.3,IllFonic,Survival,"PC, PlayStation 4, Xbox One"
Shadowrun Chronicles: Boston Lockdown,2015,61,T,7.0,N/A,Turn-Based Tactics,"PC, iOS (iPhone/iPad)"
Cities XL 2012,2012,61,E,5.6,Focus Home Interactive,Management,PC
Sonic the Hedgehog 4: Episode II,2012,61,E,6.6,Sega,2D Platformer,"PlayStation 3, Wii, Xbox 360, PC, iOS (iPhone/iPad)"
Godfall,2020,61,T,4.3,Counterplay Games,Action RPG,"PlayStation 5, PC, PlayStation 4"
Mafia II: Joe's Adventures,2010,61,M,5.6,2K Games,Open-World Action,"Xbox 360, PlayStation 3, PC"
The Guild 2,2006,61,T,7.2,Aspyr,Real-Time Strategy,PC
Fahrenheit: Indigo Prophecy Remastered,2015,61,M,7.4,Aspyr,Third-Person Adventure,"iOS (iPhone/iPad), PC, PlayStation 4"
JoJo's Bizarre Adventure: Eyes of Heaven,2016,61,T,7.9,CyberConnect2,3D Fighting,"PlayStation 3, PlayStation 4"
The Crew,2014,61,T,5.5,Ubisoft Reflections,Racing,"Xbox One, PlayStation 4, PC, Xbox 360"
Ar tonelico Qoga: Knell of Ar Ciel,2011,61,M,7.8,Gust,JRPG,PlayStation 3
The Dwarves,2016,61,M,6.2,KING Art,RPG,"PC, PlayStation 4, Xbox One"
StarDrive (2012),2013,61,N/A,6.8,Iceberg Interactive,Real-Time Strategy,PC
What Happened,2020,61,N/A,8.7,Genius Slackers,First-Person Adventure,"PC, PlayStation 4, Xbox One"
J-Stars Victory Vs+,2015,61,T,6.5,Spike Chunsoft,3D Fighting,"PlayStation 4, PlayStation, PlayStation 3"
Star Wars: The Force Unleashed II,2010,61,T,6.3,LucasArts,Action,"Xbox 360, PlayStation 3, Wii, PC"
Batman: Arkham Origins Blackgate,2013,61,T,6.5,Warner Bros. Interactive Entertainment,Metroidvania,"3DS, PlayStation"
F1 2014,2014,61,E,5.2,Codemasters,Auto Racing Sim,"PC, PlayStation 3, Xbox 360"
Original War,2001,61,T,8.8,Virgin Interactive,Command RTS,PC
Kinect Adventures!,2010,61,E,6.4,Microsoft Game Studios,Party,Xbox 360
James Cameron's Avatar: The Game,2009,61,T,6.1,Ubisoft Montreal,Linear Action Adventure,"Xbox 360, PlayStation 3, PC, Wii"
Need for Speed Payback,2017,61,T,3.9,Ghost Games,Auto Racing,"PlayStation 4, Xbox One, PC"
Evoland,2013,61,N/A,6.7,Shiro Games,RPG,"PC, iOS (iPhone/iPad)"
Windward (2012),2012,61,N/A,7.2,Tasharen Entertainment,Open-World Action,PC
Kirby Air Ride,2003,61,E,8.2,HAL Labs,Arcade Racing,
Sword Coast Legends,2015,61,T,5.6,Digital Extremes,Western RPG,"PC, Xbox One, PlayStation 4"
Dragon Ball Z: Extreme Butoden,2015,61,T,6.9,Arc System Works,2D Fighting,3DS
Star Wars Episode III: Revenge of the Sith,2005,61,T,7.9,LucasArts,Action Adventure,"PlayStation 2, Xbox, Game Boy Advance"
Fable: The Journey,2012,61,T,5.0,Microsoft Game Studios,Action RPG,Xbox 360
Zeno Clash II,2013,61,T,7.3,ACE Team,3D Beat-'Em-Up,"PC, Xbox 360, PlayStation 3"
Drakengard 3,2014,61,M,7.9,Access Games,Action RPG,PlayStation 3
Happy Wars,2012,61,T,7.2,Toylogic,Action,"Xbox 360, PC, Xbox One"
I Am Bread TV,2015,60,E10+,5.0,Bossa Studios,3D Platformer,"PC, PlayStation 4, iOS (iPhone/iPad), Xbox One"
Kinect Sports Rivals,2014,60,E10+,5.2,Microsoft Game Studios,Sports,Xbox One
WWE 2K Battlegrounds,2020,60,T,4.8,Saber Interactive,Wrestling,"PlayStation 4, Xbox One, PC, Nintendo Switch, Xbox Series X"
Risen,2010,60,M,7.0,Deep Silver,Action RPG,"PC, Xbox 360, PlayStation 4, Nintendo Switch, Xbox One"
Drag x Drive,2025,60,E,5.0,Nintendo,Basketball,Nintendo Switch
Sonic Rivals 2,2007,60,E,7.4,Sega,Arcade Racing,
Magic: Duels of the Planeswalkers 2015,2015,60,T,3.2,Wizards of the Coast,Card Battle,"iOS (iPhone/iPad), Xbox One, Xbox 360, PC"
Crash: Mind Over Mutant,2008,60,E10+,6.8,Activision,3D Platformer,"Wii, Xbox 360, PlayStation 2"
PokePark 2: Wonders Beyond,2012,60,E,7.8,Creatures Inc.,Action Adventure,Wii
The Complex,2020,60,M,5.9,Wales Interactive,Adventure,"PC, PlayStation 4, Xbox One, Nintendo Switch, iOS (iPhone/iPad), PlayStation 5"
Mortal Kombat 1: Khaos Reigns,2024,60,M,4.3,NetherRealm Studios,2D Fighting,"Nintendo Switch, PC, PlayStation 5, Xbox Series X"
Fort Solis,2023,60,M,6.4,Plug In Digital,Action Adventure,"PC, PlayStation 5, Xbox Series X"
Ryse: Son of Rome,2013,60,M,6.6,Crytek,Linear Action Adventure,"Xbox One, PC"
A Game of Dwarves,2012,60,N/A,6.4,Paradox Interactive,Strategy,"PC, PlayStation 3"
Firefall,2014,60,N/A,5.9,N/A,Third Person Shooter,PC
SNK Heroines: Tag Team Frenzy,2018,60,T,6.4,Abstraction Games,2D Fighting,"Nintendo Switch, PlayStation 4, PC"
True Crime: New York City,2005,60,M,7.1,Activision,Open-World Action,"Xbox, PlayStation 2, PC"
NHL 15,2014,60,E10+,3.7,EA Sports,Hockey Sim,"Xbox One, PlayStation 4, Xbox 360, PlayStation 3"
Blood Bowl III,2023,60,T,2.0,Cyanide,Football,"PC, Nintendo Switch, Xbox One, PlayStation 4, PlayStation 5, Xbox Series X"
Brawlout,2017,60,E10+,5.5,Angry Mob Games,2D Fighting,"PlayStation 4, Xbox One, PC, Nintendo Switch"
White Knight Chronicles II,2011,60,T,7.1,Level 5,Action RPG,PlayStation 3
Endless Ocean Luminous,2024,60,E,5.4,Arika,Third-Person Adventure,Nintendo Switch
Urban Reign,2005,60,T,8.6,Namco,3D Beat-'Em-Up,PlayStation 2
Wolcen: Lords of Mayhem,2016,60,N/A,5.6,N/A,Action RPG,"PC, PlayStation 4, Xbox One"
Final Fantasy XV - Multiplayer Expansion: Comrades,2017,60,T,5.7,Square Enix,Action RPG,"Xbox One, PlayStation 4"
Metal Gear Survive,2018,60,M,1.5,Konami,Survival,"PlayStation 4, Xbox One, PC"
The Technomancer,2016,60,M,6.4,Spiders,Western RPG,"PlayStation 4, Xbox One, PC"
Pokemon Mystery Dungeon: Explorers of Time,2008,60,E,8.5,Nintendo,Roguelike,
Resistance: Burning Skies,2012,60,M,6.9,N/A,FPS,PlayStation
Suicide Squad: Kill The Justice League,2024,60,M,3.5,Warner Bros. Interactive Entertainment,Third Person Shooter,"PlayStation 5, Xbox Series X, PC"
Commandos 2 HD Remaster,2020,60,T,2.3,Yippee Entertainment LTD,Real-Time Tactics,"PlayStation 4, Xbox One, PC, Nintendo Switch"
Carrier Command: Gaea Mission,2012,60,M,5.7,Bohemia Interactive,Command RTS,"PC, Xbox 360"
Pokemon Mystery Dungeon: Gates to Infinity,2013,59,E,6.5,Spike Chunsoft,Roguelike,3DS
Inazuma Eleven Strikers,2011,59,N/A,7.9,Level 5,Soccer,Wii
Skull and Bones,2024,59,M,3.3,Ubisoft,Action Adventure,"PC, Xbox Series X, PlayStation 5"
Mind Zero,2014,59,T,7.2,Zerodiv,JRPG,"PlayStation, PC"
The Lord of the Rings: Return to Moria,2023,59,T,6.9,Free Range Games,Sandbox,"PC, PlayStation 5, Xbox Series X"
Chibi-Robo! Zip Lash,2015,59,E,5.0,Nintendo,2D Platformer,3DS
Dark Void,2010,59,T,5.3,Capcom,Third Person Shooter,"Xbox 360, PlayStation 3, PC"
Disney Epic Mickey 2: The Power of Two,2012,59,E,5.9,Disney Interactive Studios,3D Platformer,"Wii, PlayStation 3, Xbox 360, Wii U, PC, PlayStation"
Unknown 9: Awakening,2024,59,T,1.9,Bandai Namco Games,Linear Action Adventure,"Xbox Series X, PlayStation 5, PC, Xbox One, PlayStation 4"
Mass Effect 3: From Ashes,2012,59,M,3.9,BioWare,Action RPG,"PlayStation 3, Xbox 360, PC"
Saint Seiya: Soldiers' Soul,2015,59,T,7.4,Dimps Corporation,3D Fighting,"PlayStation 4, PlayStation 3, PC"
Final Fantasy Crystal Chronicles: Remastered Edition,2020,59,T,4.8,Square Enix,Action RPG,"PlayStation 4, Nintendo Switch, iOS (iPhone/iPad)"
FIFA Street,2005,59,E,7.7,N/A,Soccer,"Xbox, PlayStation 2"
Rule of Rose,2006,59,M,8.6,Atlus,Survival,PlayStation 2
Aaru's Awakening,2015,59,E,2.8,N/A,2D Platformer,"PC, PlayStation 4, PlayStation, PlayStation 3, Xbox One"
Mars: War Logs,2013,59,M,7.0,Spiders,Action RPG,"Xbox 360, PlayStation 3, PC"
DUST 514,2013,59,T,6.1,CCP,FPS,PlayStation 3
NBA Live 15,2014,59,E,5.9,EA Sports,Basketball,"PlayStation 4, Xbox One"
Naruto Shippuden: Ultimate Ninja Impact,2011,59,T,7.7,Namco Bandai Games,3D Beat-'Em-Up,
NBA Live 16,2015,59,E,6.1,EA Sports,Basketball Sim,"PlayStation 4, Xbox One"
Rain World,2017,59,E10+,8.5,Adult Swim,2D Platformer,"PC, PlayStation 4, Nintendo Switch, Xbox Series X, Xbox One, PlayStation 5"
Postal 2: Share the Pain,2003,59,M,8.3,N/A,FPS,PC
Killzone HD,2012,59,M,6.6,Supermassive Games,FPS,PlayStation 3
X4: Foundations,2018,59,N/A,6.4,N/A,Space Combat Sim,PC
Necropolis,2016,59,N/A,4.8,Harebrained Schemes LLC,Action Adventure,"PC, PlayStation 4, Xbox One"
Drug Dealer Simulator,2020,59,N/A,4.8,Movie Games,Virtual Career,"PC, Xbox Series X, Xbox One, PlayStation 5, PlayStation 4"
Spirit of the North,2020,59,E,6.4,Infuse Studio,Third-Person Adventure,"PlayStation 4, Nintendo Switch, PC"
South Park: Snow Day!,2024,59,M,4.4,Question,Third Person Shooter,"PlayStation 5, Xbox Series X, PC, Nintendo Switch"
The Inpatient,2018,59,M,6.1,Supermassive Games,Survival,PlayStation 4
Minecraft: Story Mode - Episode 2: Assembly Required,2015,59,E10+,4.7,Telltale Games,Point-and-Click,"Xbox One, PlayStation 4, PC, iOS (iPhone/iPad), Xbox 360, PlayStation 3, Wii U"
Murdered: Soul Suspect,2014,59,M,6.8,Square Enix,Survival,"Xbox 360, PlayStation 3, PC, PlayStation 4, Xbox One"
Alpha Prime,2007,59,M,5.4,N/A,FPS,PC
Final Fantasy XV: Episode Gladiolus,2017,59,T,6.7,Square Enix,Action RPG,"PlayStation 4, Xbox One"
Lucius,2012,59,N/A,6.0,N/A,Action Adventure,"PC, PlayStation 4, Wii U"
PlayStation VR WORLDS,2016,59,M,6.6,SCEE London Studio,Party,PlayStation 4
Entwined,2014,59,E,6.8,Pixel Opus,Arcade,"PlayStation 4, PlayStation 3, PlayStation"
Pokemon Rumble,2009,59,E10+,8.1,Ambrella,3D Beat-'Em-Up,Wii
Anthem,2019,59,T,4.1,BioWare,Action RPG,"Xbox One, PlayStation 4, PC"
The Last Case of Benedict Fox,2023,58,T,6.9,Rogue Games,Metroidvania,"Xbox Series X, PC, Xbox One, PlayStation 5"
God Mode,2013,58,M,6.7,Atlus,Third Person Shooter,"PlayStation 3, PC, Xbox 360"
The Black Mirror,2003,58,M,8.4,N/A,Adventure,PC
Gas Guzzlers: Combat Carnage,2012,58,T,7.5,Gamepires,Auto Racing,PC
Silent Hill: Book of Memories,2012,58,M,4.7,WayForward,Survival,PlayStation
Mario Tennis: Ultra Smash,2015,58,E,5.0,Camelot Software Planning,Tennis,Wii U
One Piece: World Seeker,2019,58,T,5.0,Ganbarion,Open-World Action,"PlayStation 4, Xbox One, PC"
APB,2010,58,M,4.3,Electronic Arts,MMORPG,PC
Disney's TRON: Evolution,2010,58,T,6.1,Disney Interactive Studios,Action Adventure,"Xbox 360, PlayStation 3, PC"
Bleach: Soul Resurreccion,2011,58,T,7.1,NIS America,3D Beat-'Em-Up,PlayStation 3
Lost Planet 3,2013,58,T,5.8,Capcom,Third Person Shooter,"Xbox 360, PlayStation 3, PC"
Sword Art Online: Alicization Lycoris,2020,58,T,5.9,Aquria,Action RPG,"PlayStation 4, Xbox One, PC, Nintendo Switch"
Pokemon Rumble World,2015,58,E10+,6.2,Ambrella,3D Beat-'Em-Up,3DS
Drakengard 2,2006,58,M,6.8,Ubisoft,Action RPG,PlayStation 2
Metroid,2004,58,E,7.8,Nintendo,Metroidvania,Game Boy Advance
Senran Kagura 2: Deep Crimson,2015,58,N/A,6.6,Tamsoft,2D Beat-'Em-Up,3DS
Space Hulk: Deathwing,2016,58,M,5.6,Focus Home Interactive,FPS,"PC, PlayStation 4, Xbox One"
Dragon Ball Z: Ultimate Tenkaichi,2011,58,T,5.3,Namco Bandai Games,3D Fighting,"PlayStation 3, Xbox 360"
Marvel Heroes,2013,58,N/A,6.7,N/A,MMORPG,"PC, PlayStation 4, Xbox One"
Prime World: Defenders,2013,58,N/A,7.8,Nival Interactive,Defense,"PC, iOS (iPhone/iPad), Nintendo Switch"
Wanted: Dead,2023,58,M,6.2,Soleil Ltd.,Action Adventure,"PlayStation 5, Xbox Series X, PC, PlayStation 4, Xbox One"
1-2-Switch,2017,58,E10+,4.8,Nintendo,Party,Nintendo Switch
Star Wars: Battlefront Classic Collection,2024,58,T,3.2,Aspyr,Compilation,"Nintendo Switch, PlayStation 5, PlayStation 4, Xbox Series X, Xbox One, PC"
Tales of the Shire: A The Lord of the Rings Game,2025,58,N/A,3.9,Private Division,Virtual Life,"PlayStation 5, Xbox Series X, PC, Nintendo Switch"
Wii Play,2007,58,E,6.7,Nintendo,Party,Wii
Mega Man X7,2003,58,E,4.1,Capcom,3D Platformer,"PlayStation 2, PC"
Mario Party: Island Tour,2013,57,E,5.9,Nd Cube,Party,3DS
Dirge of Cerberus: Final Fantasy VII,2006,57,T,6.7,Square Enix,Action Adventure,PlayStation 2
Sonic Forces,2017,57,E10+,6.2,Sonic Team,3D Platformer,"PlayStation 4, Xbox One, Nintendo Switch, PC"
Sacred 3,2014,57,M,1.5,Deep Silver,Action RPG,"PC, PlayStation 3, Xbox 360"
Call of Duty: Modern Warfare 3 - Defiance,2011,57,T,1.5,Activision,FPS,
Dynasty Warriors 7,2011,57,T,7.3,Omega Force,3D Beat-'Em-Up,"PlayStation 3, Xbox 360"
The LEGO Movie 2 Videogame,2019,57,E10+,3.8,TT Games,Action Adventure,"Nintendo Switch, PlayStation 4, Xbox One, PC"
Skater XL,2020,57,E,5.3,Easy Day Studios Pty Ltd,Skating,"PC, Xbox One, Nintendo Switch, PlayStation 4"
Foamstars,2024,57,T,6.8,Toylogic,Tactical Third Person Shooter,"PlayStation 5, PlayStation 4"
Destiny 2: Curse of Osiris,2017,57,N/A,1.6,Bungie,FPS,"PlayStation 4, Xbox One, PC"
One Punch Man: A Hero Nobody Knows,2020,57,T,4.7,Bandai Namco Games,2D Fighting,"PlayStation 4, Xbox One, PC"
Onechanbara Z2: Chaos,2015,57,M,6.8,Tamsoft,Survival,"PlayStation 4, PC"
Randal's Monday,2014,57,N/A,7.2,Daedalic Entertainment,Point-and-Click,"PC, PlayStation 4"
Armikrog,2015,57,N/A,5.2,Versus Evil,Point-and-Click,"PC, Wii U, Xbox One, PlayStation 4"
Nether,2014,57,N/A,4.6,"Phosphor Games Studio, LLC",MMORPG,PC
Stronghold Legends,2006,57,T,7.3,FireFly Studios,Real-Time Strategy,PC
Dead Island: Riptide,2013,57,M,6.2,Techland,FPS,"Xbox 360, PlayStation 3, PC"
Spider-Man: Edge of Time,2011,57,T,7.1,Beenox,3D Beat-'Em-Up,"Xbox 360, PlayStation 3, Wii, 3DS"
Little Deviants,2012,57,E10+,5.4,N/A,Party,PlayStation
Lionheart: Legacy of the Crusader,2003,57,T,7.1,Interplay,Western RPG,PC
Choo-Choo Charles,2022,56,N/A,6.8,Two Star Games,Survival,"PC, Nintendo Switch, PlayStation 5, Xbox Series X, Xbox One, PlayStation 4"
Jump Force,2019,56,T,4.7,Spike Chunsoft,3D Fighting,"Xbox One, PlayStation 4, PC"
Disciples III: Renaissance,2010,56,T,5.0,Akella,Turn-Based Strategy,PC
Dragon Age: Origins - Witch Hunt,2010,56,M,6.2,BioWare,Western RPG,"Xbox 360, PC, PlayStation 3"
Pokemon Shuffle,2015,56,E,6.2,Nintendo,Matching Puzzle,"3DS, iOS (iPhone/iPad)"
Toren,2015,56,T,5.3,Versus Evil,Action Adventure,"PlayStation 4, PC"
Sonic Riders: Zero Gravity,2008,56,E,7.8,Sonic Team,Future Racing,"Wii, PlayStation 2"
Hardware: Rivals,2016,56,E10+,5.1,N/A,Vehicle Combat Sim,PlayStation 4
Deadly Premonition 2: A Blessing in Disguise,2020,56,M,5.5,TOYBOX,Survival,"Nintendo Switch, PC"
WWI: Verdun - Western Front,2016,56,M,7.3,M2H,Tactical FPS,"PC, Xbox One, PlayStation 5, PlayStation 4"
Michael Jackson The Experience,2010,56,E10+,8.5,Ubisoft Paris,Dancing,"Xbox 360, PlayStation 3, Wii, 3DS, iOS (iPhone/iPad), PlayStation"
Drawn to Death,2017,56,M,5.8,Sony Interactive Entertainment,Third Person Shooter,PlayStation 4
Tennis World Tour 2,2020,56,E,5.8,Big Ant Studios,Tennis,"Nintendo Switch, PC, PlayStation 4, Xbox One, Xbox Series X, PlayStation 5"
Perception,2017,56,M,6.3,N/A,First-Person Adventure,"PC, PlayStation 4, Nintendo Switch, Xbox One"
DRIV3R,2004,56,M,4.9,Atari SA,Open-World Action,"PlayStation 2, PC, Xbox, Game Boy Advance"
APB: Reloaded,2011,56,M,5.7,N/A,MMORPG,"PC, PlayStation 4, Xbox One"
Spyro: Enter the Dragonfly,2002,56,E,4.7,N/A,3D Platformer,PlayStation 2
Harry Potter and the Sorcerer's Stone,2003,56,E,6.6,EA Games,Action Adventure,"PlayStation, Game Boy Advance, PC, PlayStation 2, Xbox"
Call of Duty: Modern Warfare III,2023,56,M,2.4,Sledgehammer Games,Tactical FPS,"Xbox Series X, PC, PlayStation 5, Xbox One, PlayStation 4"
Pokemon Rumble Blast,2011,56,E10+,6.7,Ambrella,3D Beat-'Em-Up,3DS
Star Wars: Hunters,2024,56,T,6.4,Zynga,Tactical Third Person Shooter,"Nintendo Switch, iOS (iPhone/iPad), PC"
Tom Clancy's Ghost Recon: Breakpoint,2019,56,M,3.5,Ubisoft Paris,Open-World Action,"PC, PlayStation 4, Xbox One"
Redfall,2023,56,M,3.6,Arkane Studios,FPS,"Xbox Series X, PC"
Kinect Star Wars,2012,55,T,4.0,Microsoft Game Studios,Action,Xbox 360
Table Top Racing: World Tour,2016,55,E,6.2,Playrise Digital,Auto Racing,"PlayStation 4, PC, Xbox One, iOS (iPhone/iPad), Nintendo Switch"
Super Monkey Ball 3D,2011,55,E,5.5,Sega,Action,3DS
Anna,2012,55,N/A,4.9,Kalypso,First-Person Adventure,PC
Sonic Riders,2006,55,E,7.8,Sonic Team,Future Racing,"PC, Xbox, PlayStation 2"
Crimson Dragon,2013,55,T,5.2,Grounding Inc.,Rail Shooter,"Xbox 360, Xbox One"
Elite: Dangerous - Odyssey,2021,55,N/A,4.4,Frontier Developments,Space Sim,"PC, Xbox One, PlayStation 4"
Hyperdimension Neptunia Victory,2013,55,T,7.8,Compile Heart,JRPG,PlayStation 3
Monochroma,2014,55,N/A,6.8,Nowhere Studios,2D Platformer,"Wii U, PlayStation 4, PC, Xbox One"
Bright Memory,2020,55,N/A,4.9,FYQD Studio,FPS,"PC, Xbox Series X, Xbox One"
Iron Front: Liberation 1944,2012,55,T,6.6,Deep Silver,Strategy,PC
Rune Factory: Tides of Destiny,2011,55,E10+,8.2,Natsume,Action RPG,"PlayStation 3, Wii"
The Lord of the Rings: Conquest,2009,55,T,6.8,Electronic Arts,Action Adventure,"Xbox 360, PlayStation 3, PC"
Homefront: The Revolution,2016,54,M,4.3,Deep Silver,FPS,"PC, PlayStation 4, Xbox One"
Moebius: Empire Rising,2014,54,N/A,6.2,Phoenix Online Publishing,Point-and-Click,PC
The Legend of Spyro: The Eternal Night,2007,54,E10+,6.1,Krome Studios,3D Platformer,"PlayStation 2, Wii"
Knack,2013,54,E10+,6.5,SCE Japan Studio,Linear Action Adventure,PlayStation 4
The Tomorrow Children,2016,54,T,5.8,Q-Games,Sandbox,PlayStation 4
Port Royale 3: Pirates and Merchants,2012,54,T,6.4,Gaming Minds Studios,Real-Time Strategy,"PlayStation 3, PC, Xbox 360"
Mario Party Advance,2005,54,E,5.2,Nintendo,Party,Game Boy Advance
Ace Combat Infinity,2014,54,T,5.7,Project Aces,Aircraft Combat Sim,PlayStation 3
The Elder Scrolls V: Skyrim - Hearthfire,2012,54,M,6.1,Bethesda Game Studios,Western RPG,"Xbox 360, PlayStation 3, PC"
The Settlers: New Allies,2023,54,E10+,3.6,Ubisoft,Management,"PC, PlayStation 4, Xbox One, Nintendo Switch, Xbox Series X, PlayStation 5"
Sonic Shuffle,2000,54,E,7.1,Sega,Party,Dreamcast
Sonic and the Black Knight,2009,54,E10+,7.4,Sonic Team,3D Platformer,Wii
Jurassic Park: The Game,2011,54,T,4.8,Telltale Games,Point-and-Click,"PC, PlayStation 3, Xbox 360"
Nintendo Switch 2 Welcome Tour,2025,54,E,3.8,Nintendo,Party,Nintendo Switch
Army of Two: The Devil's Cartel,2013,54,M,6.4,Electronic Arts,Third Person Shooter,"PlayStation 3, Xbox 360"
GUNS UP!,2015,54,T,6.2,N/A,Real-Time Strategy,"PlayStation 4, PC, PlayStation, PlayStation 3"
The Legend of Korra,2014,54,T,6.7,PlatinumGames,Linear Action Adventure,"PlayStation 4, PlayStation 3, Xbox One, Xbox 360, PC"
Harvest Moon: One World,2021,54,E,3.6,Natsume,Tycoon,"Nintendo Switch, PlayStation 4, Xbox One, PC"
Pokemon Mystery Dungeon: Explorers of Sky,2009,54,E,9.0,Nintendo,Roguelike,
Dragon Ball Z: Battle of Z,2014,54,T,5.6,Artdink,3D Fighting,"Xbox 360, PlayStation 3, PlayStation"
Everybody 1-2-Switch!,2023,54,E,5.2,Nintendo,Party,Nintendo Switch
Omerta: City of Gangsters,2013,54,T,4.9,Haemimont Games,Turn-Based Tactics,"PC, Xbox 360"
A Valley Without Wind,2012,54,T,6.6,"Arcen Games, LLC",Action Adventure,PC
Kingdom Come: Deliverance - From The Ashes,2018,54,M,6.5,Warhorse Studios,Action RPG,"PC, Xbox One, PlayStation 4"
Carmageddon: Reincarnation,2015,54,N/A,4.4,Stainless Games,Vehicle Combat Sim,PC
Sniper Elite: Nazi Zombie Army 2,2013,53,N/A,6.8,Rebellion,Tactical Third Person Shooter,PC
The Witch and the Hundred Knight,2014,53,T,7.1,Nippon Ichi Software,Action RPG,"PlayStation 3, PlayStation 4"
Lair,2007,53,T,6.6,SCE/WWS,Action Adventure,PlayStation 3
Medal of Honor: Warfighter,2012,53,M,5.5,Electronic Arts,FPS,"Xbox 360, PlayStation 3, PC"
Castle of Heart,2018,53,T,6.9,7Levels,2D Platformer,Nintendo Switch
Hyperdimension Neptunia MK2,2012,53,M,7.3,Compile Heart,JRPG,PlayStation 3
Test Drive Unlimited Solar Crown,2024,53,T,3.9,KT Racing,Auto Racing Sim,"PC, PlayStation 5, Xbox Series X"
A Game of Thrones: Genesis,2011,53,N/A,4.1,Cyanide,Real-Time Strategy,PC
Adam's Venture: Origins,2016,53,E,5.1,Engine Software,Linear Action Adventure,"PC, Xbox One, PlayStation 4, Nintendo Switch"
Pokemon Battle Revolution,2007,53,E,6.5,Nintendo,Turn-Based Strategy,Wii
Natural Doctrine,2014,53,M,6.1,Kadokawa,Turn-Based Tactics,"PlayStation 4, PlayStation 3, PlayStation"
Monopoly Plus,2017,53,E,5.5,Engine Software,Board,"Xbox 360, Xbox One, PlayStation 4, PlayStation 3, PC, Nintendo Switch"
Has-Been Heroes,2017,53,E10+,7.2,"Frozenbyte, Inc.",Turn-Based Tactics,"Nintendo Switch, PC, Xbox One, PlayStation 4"
Deadfall Adventures,2013,53,M,6.8,Nordic Games Publishing,FPS,"PC, Xbox 360"
Bodycount (2011),2011,53,M,4.7,Codemasters,FPS,"Xbox 360, PlayStation 3"
Daymare: 1998,1998,53,M,6.9,N/A,Survival,"PC, Xbox One, PlayStation 4"
Krater,2012,52,N/A,7.1,Fatshark,Action RPG,PC
Silent Hill: The Short Message,2024,52,M,6.1,HexaDrive,Survival,PlayStation 5
Dead Rising 3: Operation Broken Eagle,2014,52,M,4.3,Microsoft Game Studios,Open-World Action,Xbox One
Resident Evil: Operation Raccoon City,2012,52,M,4.9,Capcom,Third Person Shooter,"Xbox 360, PlayStation 3, PC"
Lords of Football,2013,52,N/A,6.2,N/A,Soccer Sim,PC
Miner Wars 2081,2012,52,N/A,5.8,N/A,Space Combat Sim,"PC, Xbox 360"
Contra: Rogue Corps,2019,52,M,3.8,Toylogic,Top-Down Shoot-'Em-Up,"Nintendo Switch, PC, Xbox One, PlayStation 4"
Fallout 76,2018,52,M,2.8,Bethesda Game Studios,Western RPG,"PC, PlayStation 4, Xbox One"
Alien Rage,2013,52,M,6.6,CI Games,FPS,"Xbox 360, PlayStation 3, PC"
Jagged Alliance: Flashback,2014,52,N/A,4.2,Full Control,Turn-Based Tactics,PC
Enemy Front,2014,52,M,5.6,CI Games,Tactical FPS,"PlayStation 3, Xbox 360, PC"
NeverDead,2012,52,M,5.8,Rebellion,Survival,"PlayStation 3, Xbox 360"
Sniper: Ghost Warrior 2,2013,52,M,5.8,City Interactive,Tactical FPS,"Xbox 360, PlayStation 3, PC"
Balan Wonderworld,2021,51,E10+,5.1,Square Enix,3D Platformer,"Xbox Series X, PlayStation 5, PC, Nintendo Switch, Xbox One, PlayStation 4"
OVERKILL's The Walking Dead,2018,51,M,5.3,Starbreeze,FPS,"PC, Xbox One, PlayStation 4"
The Haunted: Hell's Reach,2011,51,M,7.5,ValuSoft,Survival,"PC, PlayStation 3, Xbox 360"
Syberia 3,2017,51,T,5.7,Microids,Third-Person Adventure,"PC, PlayStation 4, Xbox One, Nintendo Switch"
Generation Zero,2019,51,T,5.9,Avalanche Studios,Open-World Action,"PC, PlayStation 4, Xbox One"
Carmageddon: Max Damage,2016,51,M,5.9,Stainless Games,Vehicle Combat Sim,"PlayStation 4, Xbox One, PC"
Daylight,2014,51,M,4.3,Atlus,Survival,"PC, PlayStation 4"
Mark McMorris Infinite Air,2016,50,T,7.2,HB Studios Multimedia,Skiing,"PlayStation 4, Xbox One, PC"
AO International Tennis,2018,50,E,5.7,Big Ant Studios,Tennis,"PC, Xbox One, PlayStation 4"
Afterfall: InSanity,2011,50,N/A,5.8,N/A,Survival,"PlayStation 3, PC, Xbox 360"
Wolfenstein: Cyberpilot,2019,50,M,3.7,MachineGames,FPS,"PC, PlayStation 4"
Lust for Darkness,2018,50,N/A,5.2,Movie Games,First-Person Adventure,"PC, Nintendo Switch, PlayStation 4"
Dead Space 3: Awakened,2013,50,M,5.1,Electronic Arts,Linear Action Adventure,"Xbox 360, PlayStation 3, PC"
Two Worlds,2007,50,M,5.1,SouthPeak Games,RPG,"PC, Xbox 360"
Trapped Dead,2011,50,N/A,4.6,Headup Games,Real-Time Strategy,PC
RUNE II: Decapitation Edition,2019,50,N/A,4.7,Studio 369,Action RPG,PC
Final Fantasy XIV Online,2010,49,T,3.9,Square Enix,MMORPG,"PC, PlayStation 3"
Dungeon Hunter: Alliance,2012,49,T,6.5,Gameloft,Action RPG,"PlayStation 3, PlayStation"
Red Goddess: Inner World,2015,49,E10+,7.3,N/A,2D Platformer,"PC, PlayStation 4"
Pokemon Rumble U,2013,49,E,5.5,Ambrella,3D Beat-'Em-Up,Wii U
Blue Estate,2014,49,M,6.1,Focus Home Interactive,Rail Shooter,"PC, PlayStation 4, Xbox One"
Dragon Ball Z for Kinect,2012,49,T,2.5,Spike Chunsoft,3D Fighting,Xbox 360
Garshasp: The Monster Slayer,2011,49,N/A,6.0,N/A,Action Adventure,PC
The Amazing Spider-Man 2,2014,49,T,5.3,Beenox,Open-World Action,"PlayStation 4, Xbox One, PlayStation 3, Xbox 360, Wii U, PC, iOS (iPhone/iPad)"
Immortal: Unchained,2018,49,T,6.1,Toadman Interactive,Action RPG,"PlayStation 4, PC, Xbox One"
Duke Nukem Forever,2011,49,M,4.6,3D Realms,FPS,"PC, PlayStation 2, Xbox, PlayStation 3, Xbox 360"
LocoCycle,2013,48,T,4.2,Twisted Pixel Games,Auto Racing,"Xbox One, Xbox 360, PC"
Lucius II,2015,48,N/A,3.1,N/A,Action Adventure,PC
Valhalla Knights 3,2013,48,M,6.9,XSEED Games,Action RPG,PlayStation
Aliens: Colonial Marines,2013,48,M,4.0,Gearbox Software,FPS,"Xbox 360, PlayStation 3, PC, Wii U"
Carmageddon 3: TDR 2000,2000,48,M,6.6,Torus Games,Vehicle Combat Sim,PC
Digimon World 4,2005,48,E,5.5,Bandai,Action RPG,"PlayStation 2, Xbox"
Dragon Ball Z: Infinite World,2008,48,T,8.0,Dimps Corporation,3D Fighting,PlayStation 2
IRONFALL Invasion,2015,48,T,6.0,N/A,Third Person Shooter,"3DS, Nintendo Switch"
The Fight: Lights Out,2010,48,T,8.1,N/A,3D Fighting,PlayStation 3
Sonic Adventure DX Director's Cut,2010,48,E,7.6,Sonic Team,3D Platformer,"Xbox 360, PlayStation 3, PC"
Mass Effect: Pinnacle Station,2009,48,M,5.0,Electronic Arts,Western RPG,"Xbox 360, PC"
Call of Juarez: The Cartel,2011,47,M,5.4,Techland,FPS,"PC, PlayStation 3, Xbox 360"
Devil's Hunt,2019,47,M,5.6,Layopi Games,Action Adventure,"PlayStation 4, Xbox One, PC, Nintendo Switch"
Stronghold 3,2011,47,T,3.0,FireFly Studios,Real-Time Strategy,PC
Tactical Intervention,2013,47,N/A,6.0,N/A,FPS,PC
Sonic Free Riders,2010,47,E,2.7,Sonic Team,Arcade Racing,Xbox 360
Agony,2018,47,M,4.3,Maximum Games,Survival,"PC, PlayStation 4, Xbox One, Nintendo Switch"
X-Men: Destiny,2011,47,T,5.0,Activision,3D Beat-'Em-Up,"PlayStation 3, Xbox 360, Wii"
Cities XXL,2015,47,N/A,1.8,Focus Home Interactive,Management,PC
Sonic Boom: Shattered Crystal,2014,47,E,6.0,Sega,2D Platformer,3DS
Pokemon Dash,2005,46,E,4.7,Ambrella,Arcade Racing,
Harvest Moon 3D: The Lost Valley,2014,46,E,4.3,Natsume,Tycoon,3DS
Donkey Kong: Barrel Blast,2007,46,E,6.0,Nintendo,Arcade Racing,Wii
Animal Crossing: amiibo Festival,2015,46,E,4.0,Nd Cube,Board,Wii U
Tank! Tank! Tank!,2012,45,E10+,6.0,Namco Bandai Games,Vehicle Combat Sim,Wii U
Impire,2013,45,N/A,5.4,Cyanide,Strategy,PC
Spartacus Legends,2013,45,M,5.5,Ubisoft,3D Fighting,"Xbox 360, PlayStation 3"
Tennis World Tour,2018,45,E,3.0,Breakpoint,Tennis,"PlayStation 4, Xbox One, PC, Nintendo Switch"
Sniper: Ghost Warrior,2010,45,M,4.9,City Interactive,Tactical FPS,"PC, Xbox 360, PlayStation 3"
Stronghold: Crusader Extreme,2008,45,T,6.3,FireFly Studios,Compilation,PC
007 Legends,2012,45,T,4.7,Activision,FPS,"Xbox 360, PlayStation 3, PC, Wii U"
Hard Truck: Apocalypse,2006,45,T,8.2,Buka Entertainment,Vehicle Combat Sim,PC
Hyperdimension Neptunia,2011,45,T,6.7,Compile Heart,JRPG,PlayStation 3
Bravo Team,2018,45,T,5.0,Supermassive Games,FPS,PlayStation 4
Shadow the Hedgehog,2005,45,E10+,6.3,Sonic Team,3D Platformer,"PlayStation 2, Xbox"
Rodea the Sky Soldier,2015,45,E10+,6.5,Kadokawa,3D Platformer,"3DS, Wii, Wii U"
Sword of the Stars II: Lords of Winter,2011,44,T,4.7,Kerberos Productions,Strategy,PC
Jujutsu Kaisen: Cursed Clash,2024,44,T,4.3,BYKING. Inc,3D Fighting,"PlayStation 5, Xbox Series X, PC, PlayStation 4, Xbox One, Nintendo Switch"
Cortex Command,2012,44,N/A,7.3,Data Realms,Command RTS,PC
Gothic 3: Forsaken Gods,2008,44,T,3.5,N/A,Western RPG,PC
Bombshell (2016),2016,43,M,3.9,3D Realms,Action RPG,"PlayStation 4, Xbox One, PC"
Devil's Third,2015,43,M,6.7,Nintendo,Third Person Shooter,"Xbox 360, PlayStation 3, Wii U"
Hatred,2015,43,AO,5.0,Destructive Creations,Top-Down Shoot-'Em-Up,"PC, Nintendo Switch"
New Gundam Breaker,2018,43,T,3.2,Bandai Namco Games,Action,"PlayStation 4, PC"
Painkiller: Redemption,2011,43,N/A,4.8,DreamCatcher Interactive,FPS,PC
Transformers: Rise of the Dark Spark,2014,43,T,4.4,Activision,Action Adventure,"Xbox One, PlayStation 4, Xbox 360, PlayStation 3, Wii U, PC"
RollerCoaster Tycoon World,2016,43,N/A,2.0,Nvizzio Creations,Tycoon,PC
Mindjack,2011,43,M,1.5,Square Enix,Third Person Shooter,"PlayStation 3, Xbox 360"
WWE 2K20,2019,43,T,1.9,Visual Concepts,Wrestling,"PlayStation 4, Xbox One, PC"
Star Trek The Video Game,2013,42,T,2.7,Digital Extremes,Action Adventure,"Xbox 360, PlayStation 3, PC"
Time and Eternity,2013,42,T,5.3,NIS America,JRPG,PlayStation 3
The Elder Scrolls: Blades,2020,42,T,2.8,Bethesda Game Studios,Western RPG,"iOS (iPhone/iPad), Nintendo Switch"
Spider-Man 2: The Game,2004,42,E,4.8,Activision,Open-World Action,PC
Arcania: Fall of Setarrif,2011,41,T,3.4,Spellbound,Action RPG,PC
7554,2012,41,N/A,7.0,N/A,FPS,PC
Babylon's Fall,2022,41,T,2.4,PlatinumGames,Action RPG,"PlayStation 4, PC, PlayStation 5"
Alekhine's Gun,2016,40,N/A,4.6,Maximum Games,Action Adventure,"PC, PlayStation 4, Xbox One, Xbox 360"
Quantum Error,2023,40,M,3.3,TeamKill Media LLC,FPS,"PlayStation 4, PlayStation 5, Xbox Series X, PC"
Escape Dead Island,2014,40,M,3.7,Fatshark,Survival,"Xbox 360, PlayStation 3, PC"
Senran Kagura Reflexions,2018,39,M,7.5,Honey Parade Games,Adventure,"Nintendo Switch, PC"
Family Guy: Back to the Multiverse,2012,39,M,5.5,Heavy Iron Studios,Action Adventure,"Xbox 360, PlayStation 3, PC"
Remothered: Broken Porcelain,2020,39,M,6.4,Stormind Games,Survival,"PlayStation 4, Nintendo Switch, Xbox One, PC"
Resident Evil: Survivor,2000,39,M,5.8,TOSE,Light Gun,"PC, PlayStation"
Putty Squad,2014,38,E10+,3.2,System 3,2D Platformer,"PlayStation 3, iOS (iPhone/iPad), PlayStation, 3DS, PlayStation 4, PC, Xbox 360"
CrossfireX,2022,38,M,3.3,Smilegate,Tactical FPS,"Xbox One, Xbox Series X"
Battleship (2012),2012,38,T,2.0,Activision,Tactical FPS,"Xbox 360, PlayStation 3, Wii, 3DS"
Painkiller: Resurrection,2009,38,M,3.7,DreamCatcher Interactive,FPS,"PC, Xbox 360"
Umbrella Corps,2016,38,M,2.3,Capcom,Tactical Third Person Shooter,"PlayStation 4, PC"
Teenage Mutant Ninja Turtles: Out of the Shadows,2013,38,T,5.5,Activision,3D Beat-'Em-Up,"PlayStation 3, Xbox 360, PC"
MindsEye,2025,38,M,2.5,N/A,Linear Action Adventure,"PC, PlayStation 5, Xbox Series X"
SoulCalibur: Lost Swords,2014,38,T,2.0,Project Soul,3D Fighting,PlayStation 3
Hello Neighbor,2017,38,E10+,5.4,tinyBuild,First-Person Adventure,"PC, Xbox One, Nintendo Switch, PlayStation 4, iOS (iPhone/iPad)"
Steel Battalion: Heavy Armor,2012,38,M,2.5,From Software,Vehicle Combat Sim,Xbox 360
Godzilla,2015,38,T,3.5,NATSUME ATARI Inc.,Action Adventure,"PlayStation 3, PlayStation 4"
Crash Boom Bang!,2006,37,E,4.2,Dimps Corporation,Party,
Left Alive,2019,37,M,8.0,ilinx inc.,Action Adventure,"PlayStation 4, PC"
Underworld Ascendant,2018,37,T,2.3,N/A,RPG,"PC, Nintendo Switch, PlayStation 4, Xbox One"
Past Cure,2018,37,M,4.6,Phantom 8,Survival,"Xbox One, PlayStation 4, PC"
Orion: Dino Horde,2012,36,T,5.7,N/A,FPS,PC
Torrente,2004,36,M,7.9,N/A,FPS,PC
Super Seducer: How to Talk to Girls,2018,35,M,6.4,RLR Training Inc,Visual Novel,"PC, Nintendo Switch"
Rambo: The Video Game,2014,34,M,1.7,Teyon,Action,"PC, Xbox 360, PlayStation 3"
The Expendables 2 Videogame,2012,34,M,3.9,Ubisoft,Top-Down Shoot-'Em-Up,"PlayStation 3, Xbox 360, PC"
Takedown: Red Sabre,2013,34,M,3.0,505 Games,Tactical FPS,"PC, Xbox 360"
You Are Empty,2007,34,M,6.3,1C Entertainment,FPS,PC
eFootball 2022,2022,34,E,1.5,Konami,Soccer Sim,"PC, PlayStation 5, Xbox Series X, PlayStation 4, Xbox One, iOS (iPhone/iPad)"
The Lord of the Rings - Gollum,2023,33,T,1.5,Daedalic Entertainment,Action Adventure,"PC, PlayStation 4, Xbox One, PlayStation 5, Nintendo Switch, Xbox Series X"
X Rebirth,2013,33,T,3.2,Deep Silver,Space Sim,PC
Call of Duty: Black Ops Declassified,2012,33,M,5.0,Activision,FPS,PlayStation
Sonic Boom: Rise of Lyric,2014,32,E10+,3.7,Sega,3D Platformer,Wii U
The Walking Dead: Survival Instinct,2013,32,M,4.1,Activision,Survival,"PlayStation 3, Xbox 360, PC, Wii U"
Dino Dini's Kick Off Revival,2017,31,E,4.8,The Digital Lounge,Soccer,"PlayStation 4, PlayStation, PC"
Wild West Online,2018,29,N/A,1.6,N/A,MMORPG,PC
The Quiet Man,2018,28,M,1.7,Human Head Studios,Linear Action Adventure,"PlayStation 4, PC"
Dragon Ball: Evolution,2009,28,T,1.6,Dimps Corporation,3D Fighting,
Raven's Cry,2015,27,N/A,3.4,N/A,Open-World Action,"PC, Xbox 360, PlayStation 3, PlayStation 4"
Basement Crawl,2014,27,T,3.0,Bloober Team,Action Puzzle,PlayStation 4
